upper,line,branch_nm,lower,BR_dbsr,photons,S,sn,share_of_seen,BR_vis,BR_corr,unseen_dbsr,note
44,545.045,299.173,3,0.002975726826036664,,,,,,,,несколько классификаций в NIST (*)
44,545.045,320.204,4,0.02256514511805322,,,,,,,,вне калиброванного диапазона
44,545.045,346.008,6,0.0013170907458351783,,,,,,,,вне калиброванного диапазона
44,545.045,353.808,8,0.0074800281450909094,,,,,,,,вне калиброванного диапазона
44,545.045,364.443,9,0.02021561502672054,,,,,,,,вне калиброванного диапазона
44,545.045,342.073,5,0.06260950717524752,,,,,,,,вне калиброванного диапазона
44,545.045,526.831,15,0.0042816993690555525,,,,,,,,несколько классификаций в NIST (*)
44,545.045,561.193,17,8.171809985537465e-05,,,,,,,,S/N < 5
44,545.045,591.28,19,0.0019775313152009225,,,,,,,,S/N < 5
44,545.045,613.999,21,0.0010714973479295806,,,,,,,,S/N < 5
44,545.045,771.242,24,0.025768062873373423,,,,,,,,S/N < 5
44,545.045,862.894,27,0.11999316303423939,,,,,,,,вне калиброванного диапазона
44,545.045,879.692,28,0.00028870161211321064,,,,,,,,вне калиброванного диапазона
44,545.045,1048.11,32,0.01173701146537088,,,,,,,,вне калиброванного диапазона
44,545.045,1921.088,36,6.16914372781088e-05,,,,,,,,вне калиброванного диапазона
44,545.045,45568.327,43,1.2239409184453658e-08,,,,,,,,вне калиброванного диапазона
44,545.045,432.182,11,0.007973935743712723,10.03420206980062,2.261340286562151,133.71201819849355,0.0290541193567732,,,,S экстраполирована
44,545.045,465.194,13,0.03810800299663552,74.38755921785125,1.78519164,793.9433351945526,0.2153898246357948,,,,
44,545.045,498.877,14,0.12614772604063232,63.718605269451146,1.40589542,411.41698659525275,0.18449777569433945,,,,
44,545.045,545.045,16,0.00021328741506707326,26.75031259092219,1.0328783,100.0,0.07745576274438028,,,,фит дублета
44,545.045,610.143,20,0.037433118690114016,44.60500854055971,0.6845225399999997,83.77046469913186,0.12915419014210272,,,,
44,545.045,575.103,18,0.4870556868456234,99.85538259929828,0.85223592,374.0958645426841,0.2891321287208155,,,,
44,545.045,678.871,23,0.020644040437405437,26.01138749597007,0.4469240399999999,36.21119975816435,0.07531619870579395,,,,
44,545.045,ИТОГ,,0.00021328741506707326,,,,0.07745576274438028,0.07745576274438028,0.055580380774102114,0.2824242018308097,
41,561.667,332.746,4,0.013118347736947448,,,,,,,,вне калиброванного диапазона
41,561.667,361.237,7,0.027410327087830578,,,,,,,,вне калиброванного диапазона
41,561.667,360.702,6,1.5521784976981707e-05,,,,,,,,вне калиброванного диапазона
41,561.667,369.184,8,0.001049705445019519,,,,,,,,вне калиброванного диапазона
41,561.667,356.43,5,0.04004804666053361,,,,,,,,вне калиброванного диапазона
41,561.667,635.52,19,0.0025942931517696863,,,,,,,,S/N < 5
41,561.667,848.264,24,0.01173725251205055,,,,,,,,вне калиброванного диапазона
41,561.667,960.45,27,0.002768075512533053,,,,,,,,вне калиброванного диапазона
41,561.667,981.307,28,2.153482678442803e-05,,,,,,,,вне калиброванного диапазона
41,561.667,1219.394,34,0.0002691756980105197,,,,,,,,вне калиброванного диапазона
41,561.667,1195.637,32,0.00038473680369041483,,,,,,,,вне калиброванного диапазона
41,561.667,2482.533,36,8.751157829360179e-05,,,,,,,,вне калиброванного диапазона
41,561.667,4424.793,38,2.0162696487256155e-05,,,,,,,,вне калиброванного диапазона
41,561.667,463.33,12,0.03563548726314199,24.131065573870355,1.8093118000000004,138.1710063257771,0.025597228716349296,,,,
41,561.667,492.148,13,0.6090746000783341,621.9576359692783,1.4730577599999999,3302.3658663696724,0.6597467406091043,,,,
41,561.667,561.667,15,0.04836885214081447,49.52892698710117,0.9281326799999996,240.0675077925324,0.05253822166630714,,,,
41,561.667,600.892,17,0.017823216805537046,15.04569928467691,0.7250841599999995,57.81583726601525,0.01595985078273183,,,,
41,561.667,657.368,20,0.01417114576846408,4.77967140420131,0.5109823999999997,8.486977688066885,0.005070076236285837,,,,
41,561.667,680.574,22,0.1631595146143695,214.19909667952422,0.44222375999999997,349.063812217248,0.22721347516780213,,,,
41,561.667,661.84,21,7.980123585082194e-06,3.8360546701737457,0.49702599999999975,7.112930186584412,0.004069126929362874,,,,
41,561.667,737.838,23,0.012234511710826228,9.243651125961263,0.30624248,5.498655663448814,0.009805279892056595,,,,
41,561.667,ИТОГ,,0.04836885214081447,,,,0.05253822166630714,0.05253822166630714,0.047309371363275794,0.09952469149492765,
42,557.219,308.734,3,0.00037585807356260893,,,,,,,,вне калиброванного диапазона
42,557.219,331.18,4,0.014162575696091566,,,,,,,,вне калиброванного диапазона
42,557.219,358.862,6,0.00013235280885682697,,,,,,,,вне калиброванного диапазона
42,557.219,367.257,8,0.02165600896886396,,,,,,,,вне калиброванного диапазона
42,557.219,378.732,9,0.0008490680751245086,,,,,,,,вне калиброванного диапазона
42,557.219,354.629,5,0.00012021320064291498,,,,,,,,вне калиброванного диапазона
42,557.219,838.158,24,0.0029164187712050604,,,,,,,,вне калиброванного диапазона
42,557.219,947.523,27,0.002853179590029906,,,,,,,,вне калиброванного диапазона
42,557.219,967.811,28,0.00021482195524647496,,,,,,,,вне калиброванного диапазона
42,557.219,1175.662,32,0.0056562951716872135,,,,,,,,вне калиброванного диапазона
42,557.219,2397.938,36,0.00012207678307068605,,,,,,,,вне калиброванного диапазона
42,557.219,452.421,11,0.13539980416834896,92.55065475992238,1.956133271608867,572.9344553752164,0.17337745240708385,,,,S экстраполирована
42,557.219,488.73,13,0.3009876034916136,111.18543336488418,1.5085365999999998,600.587971397903,0.20828644844908029,,,,
42,557.219,526.044,14,0.09391963339999958,119.17998400833855,1.1700516799999998,520.392276514157,0.22326283978090855,,,,
42,557.219,557.219,15,0.019599078493900492,14.895492212193368,0.9548805799999994,69.13873927884347,0.027904097478281414,,,,
42,557.219,595.803,17,0.0041032608510903614,8.997417246393953,0.7484360199999998,14.207193245822662,0.01685508637912797,,,,
42,557.219,577.639,16,0.06043989021263817,47.778724762681456,0.8386429599999997,159.62062539645777,0.08950507805807673,,,,
42,557.219,629.831,19,0.00014823997254963256,8.261286847247392,0.6060046799999997,9.05341933900799,0.015476074922380203,,,,
42,557.219,651.283,20,0.15764726236162424,50.28122053638023,0.5306560999999999,76.86240599767721,0.09419306587435819,,,,
42,557.219,611.508,18,0.02070146720901001,11.41047649770518,0.6787622399999996,26.569025348883983,0.02137553052493054,,,,
42,557.219,655.67,21,0.0190590362368378,4.2779655333365225,0.516416,5.836198605706211,0.00801401964771816,,,,
42,557.219,730.18,23,0.13893585450800527,64.99155700654835,0.322052,56.98805732392898,0.12175030647805396,,,,
42,557.219,ИТОГ,,0.019599078493900492,,,,0.027904097478281414,0.027904097478281414,0.02653515401289754,0.049058869094381716,
51,545.09,257.697,3,0.10834451472668402,,,,,,,,вне калиброванного диапазона
51,545.09,273.146,4,2.0444512784112043e-05,,,,,,,,вне калиброванного диапазона
51,545.09,291.701,6,0.00021490618275634178,,,,,,,,вне калиброванного диапазона
51,545.09,297.231,8,0.00017638450894249294,,,,,,,,вне калиброванного диапазона
51,545.09,304.704,9,0.0006314881453358289,,,,,,,,вне калиброванного диапазона
51,545.09,288.907,5,0.0744989702382082,,,,,,,,вне калиброванного диапазона
51,545.09,350.656,11,0.006301276066800226,,,,,,,,вне калиброванного диапазона
51,545.09,372.08,13,0.08112724682511993,,,,,,,,вне калиброванного диапазона
51,545.09,393.322,14,0.0014951980793211994,,,,,,,,вне калиброванного диапазона
51,545.09,461.55,21,0.05657054438292391,,,,,,,,несколько классификаций в NIST (*)
51,545.09,944.76,36,0.017510783203957103,,,,,,,,вне калиброванного диапазона
51,545.09,1786.092,43,0.005131477640561712,,,,,,,,вне калиброванного диапазона
51,545.09,1863.29,45,0.00265167428776807,,,,,,,,вне калиброванного диапазона
51,545.09,3763.257,47,0.0001585115337533301,,,,,,,,вне калиброванного диапазона
51,545.09,4671.521,48,1.1612150048873237e-05,,,,,,,,вне калиброванного диапазона
51,545.09,23862.314,50,3.887453177516167e-07,,,,,,,,вне калиброванного диапазона
51,545.09,410.495,15,0.024329890141219227,8.966100425156878,2.6414257696907155,100.02399668196358,0.03583677972119169,,,,S экстраполирована
51,545.09,431.059,17,0.0014122266282207178,12.748120842701379,2.279601104777242,122.6226711241152,0.050953210073043376,,,,S экстраполирована
51,545.09,421.469,16,0.023109879169884058,10.703120819752982,2.4417216514177222,74.05448544931693,0.04277951003878892,,,,S экстраполирована
51,545.09,448.595,19,0.0161349644720293,5.695279423946291,2.010489794367806,71.91381835003747,0.022763572176142298,,,,S экстраполирована
51,545.09,459.37,20,0.010598643594808757,5.070093620743369,1.8629908000000002,18.395022736044883,0.020264754981173458,,,,
51,545.09,439.209,18,0.01652032043107255,1.2371954006280572,2.1503222620790523,8.419161748032902,0.004944970158930986,,,,S экстраполирована
51,545.09,497.271,23,0.1952514541680055,123.10376662947951,1.4216282599999999,626.5482156375267,0.4920358191808292,,,,
51,545.09,545.09,24,0.037182515414260875,4.970064150358092,1.0325785999999995,100.0,0.019864945261691993,,,,фит дублета
51,545.09,589.329,27,0.08761899267976327,35.12905477470907,0.77924022,107.7484829745668,0.14040799657370548,,,,
51,545.09,597.113,28,0.15788894738561304,30.404730141784263,0.7423314199999995,74.00456935942245,0.12152525232889475,,,,
51,545.09,670.225,32,0.07510674468483966,12.165166722302153,0.4717789999999998,18.225882795569664,0.04862318950560783,,,,
51,545.09,ИТОГ,,0.037182515414260875,,,,0.019864945261691993,0.019864945261691993,0.01281596039259038,0.3548454212302831,
29,553.107,489.009,4,0.0006127220130559368,,,,,,,,несколько классификаций в NIST (*)
29,553.107,541.915,5,0.797973325606604,,,,,,,,насыщена
29,553.107,834.724,12,0.13364992616797153,,,,,,,,вне калиброванного диапазона
29,553.107,933.167,13,0.008175523860290385,,,,,,,,вне калиброванного диапазона
29,553.107,1219.323,15,0.0012618335498313408,,,,,,,,вне калиброванного диапазона
29,553.107,1420.64,17,0.0024206712742212357,,,,,,,,вне калиброванного диапазона
29,553.107,1630.711,19,5.8758963280257185e-05,,,,,,,,вне калиброванного диапазона
29,553.107,1782.725,20,0.0003283631581418184,,,,,,,,вне калиброванного диапазона
29,553.107,1964.373,22,0.002196721850317646,,,,,,,,вне калиброванного диапазона
29,553.107,1816.008,21,0.001913301575049818,,,,,,,,вне калиброванного диапазона
29,553.107,2531.454,23,5.749098548814473e-06,,,,,,,,вне калиброванного диапазона
29,553.107,4574.575,24,3.028045522480805e-05,,,,,,,,вне калиброванного диапазона
29,553.107,12361.787,27,4.813396021714526e-07,,,,,,,,вне калиброванного диапазона
29,553.107,17016.104,28,9.742484114413813e-09,,,,,,,,вне калиброванного диапазона
29,553.107,553.107,7,0.03231520577974708,221.092132943371,0.9803390599999998,1078.6334073131188,0.5243157064832104,,,,
29,553.107,551.856,6,0.005480443793889175,1.2346880202083117,0.9883704799999997,5.149235348171105,0.0029280387003534367,,,,
29,553.107,571.961,8,0.013576681771740158,199.35067259525763,0.8693180599999997,687.4107952854074,0.4727562548164361,,,,
29,553.107,ИТОГ,,,,,,,,,,насыщенная ветвь
39,543.896,329.872,3,0.01930739466158258,,,,,,,,вне калиброванного диапазона
39,543.896,397.559,8,0.0043469883027430775,,,,,,,,вне калиброванного диапазона
39,543.896,382.807,5,0.01889262421701447,,,,,,,,вне калиброванного диапазона
39,543.896,753.07,20,0.003467647140655431,,,,,,,,S/N < 5
39,543.896,1014.658,24,0.0005579371849058812,,,,,,,,вне калиброванного диапазона
39,543.896,1211.062,28,1.632543249240352e-05,,,,,,,,вне калиброванного диапазона
39,543.896,411.041,9,0.07343144182152905,7.638297312950434,2.631114196603427,85.64618933372694,0.02205128446959134,,,,S экстраполирована
39,543.896,499.303,11,0.06126650133382138,4.610972810777527,1.4018313800000002,28.205248344649778,0.013311588822238636,,,,
39,543.896,543.896,13,0.40150335781280183,234.51412937590445,1.04053064,890.900897037685,0.6770275582542218,,,,
39,543.896,590.513,14,0.13575696890982206,42.80684282478727,0.7735333399999996,135.02099850833727,0.12358066591281353,,,,
39,543.896,630.086,15,0.19956066892837943,32.99512646627284,0.6050560799999998,65.99460715815972,0.09525485720283927,,,,
39,543.896,656.319,16,0.053143941635424505,6.4313377604343005,0.5143392,5.98191034981611,0.018566868068216228,,,,
39,543.896,724.538,19,0.028551594699477947,8.576446471452332,0.33412591999999985,5.182108545030245,0.02475966215135013,,,,
39,543.896,700.396,18,0.00019660791934990137,8.814710391165557,0.39020192,11.016132358288436,0.025447515118729152,,,,
39,543.896,ИТОГ,,0.40150335781280183,,,,0.6770275582542218,0.6770275582542218,0.6454855775770353,0.046588916939393835,
