sheet,wl1,wl2,sep_pm,sep_err_pm,fwhm_pm,amp1,amp1_err,amp2,amp2_err,ratio,max_resid_rel,n_points
data1,545.045,545.09,48.0107,0.7959,25.8044,2373.3792,30.4069,470.6513,25.2686,0.1983,0.0384,35
data2,545.045,545.09,48.137,0.767,25.4598,2156.2808,26.2914,440.1256,22.9505,0.2041,0.0433,35
data3,545.045,545.09,48.6396,0.8618,25.4126,2127.9515,29.1527,433.2843,25.4273,0.2036,0.0542,35
data4,545.045,545.09,47.879,0.8871,25.6147,1089.1375,16.259,238.15,14.2137,0.2187,0.0519,35
data5,545.045,545.09,48.7403,0.7843,25.9253,1066.158,12.6754,211.1267,11.0411,0.198,0.0383,35
data6,545.045,545.09,48.4763,0.7833,26.2261,2135.8378,25.9404,438.6961,22.649,0.2054,0.0454,35
data7,545.045,545.09,48.5268,0.8454,26.394,1060.5819,13.6513,215.3431,11.9174,0.203,0.0395,35
data8,545.045,545.09,49.3696,0.8555,25.801,1070.882,13.1434,198.9064,11.4173,0.1857,0.0325,35
data9,545.045,545.09,48.3037,0.8026,25.2903,1101.3372,13.0252,206.6546,11.295,0.1876,0.0334,35
data10,545.045,545.09,48.1325,1.0449,25.2462,876.3924,13.7564,167.477,11.9428,0.1911,0.0635,35
data11,545.045,545.09,48.4558,1.0089,24.9698,550.7267,8.7719,109.4244,7.6079,0.1987,0.0579,35
