ion,wl_nm,nist_intens,A_nist,upper_no,lower_no,upper,lower,data2_amp,data2_snr,data2_S/N,data2_fwhm_pm,data2_sat,data3_amp,data3_snr,data3_S/N,data3_fwhm_pm,data3_sat,nist_within_1.5fwhm,threshold_eV,sigma_max_1e16,E_sigma_max_eV,sigma_first_1e16,E_first_eV,k_gs_1eV,k_gs_2eV,Te_slope_1_2eV,initial_states,meta_lever,top_meta,k_quench,lower_levels_E1,A_known_nist,sumA_nist,n_crit_lower_bound,data1_hot_amp,data1_hot_snr,data1_hot_S/N,data1_hot_fwhm_pm,data1_hot_sat
XeII,461.55,200*,,,53,Ek=153584.09,5p4(1D2)6p 2[2]° 3/2,30821,30.1,626,27.9,,30357,32.4,517,27.4,,XeII 461.550 (I=200*),,,,,,,,,,,,,,,,,,,,,
XeII,461.55,200*,,51,21,5p4(1D2)6p 2[1]° 3/2,5p4(3P0)5d 2[2] 5/2,30821,30.1,626,27.9,,30357,32.4,517,27.4,,XeII 461.550 (I=200*),16.077,0.1677,29.93,0.0721,16.082,7.579e-16,1.815e-12,11.23,1 2 4 5 6 7 8 10 12 13 22 23 33 34,8.14e+06,23:5.5e+06 33:1.2e+06 34:7.2e+05,4.19e-07,27,0/27,,,,,,,
XeII,497.271,400h,,51,23,5p4(1D2)6p 2[1]° 3/2,5p4(1D2)6s 2[2] 5/2,69841,98.0,2562,30.6,SAT,67209,100.4,2290,31.1,SAT,"WI 497.256 (I=30, A=3.9e+05)",16.077,0.1677,29.93,0.0721,16.082,7.579e-16,1.815e-12,11.23,1 2 4 5 6 7 8 10 12 13 22 23 33 34,8.14e+06,23:5.5e+06 33:1.2e+06 34:7.2e+05,4.19e-07,27,0/27,,,,,,,
XeII,541.915,2000,62000000.0,29,5,5p4(3P2)6p 2[3]° 5/2,5p4(3P2)6s 2[2] 3/2,71375,95.0,1064,87.9,SAT,72596,100.8,1505,74.2,SAT,WI 541.939 (I=40),14.074,0.2501,14.08,0.2501,14.082,1.203e-14,9.080e-12,9.56,1 2 4 5 6 7 8 10 12 13 22 23,5.91e+06,12:1.9e+06 5:1.6e+06 22:9.3e+05,1.08e-06,17,3/17,7.69e+07,7.1e+13,72868,234.5,2896,61.1,SAT
XeII,542.807,2hs^,,100,51,5p4(3P1)6d 2[1] 3/2,5p4(1D2)6p 2[1]° 3/2,951,1.2,17,,,964,1.3,23,,,WI 542.799 (I=5),,,,,,,,,,,,,,,,,54,0.2,3,,
XeII,543.896,400,74000000.0,39,13,5p4(3P1)6p 2[0]° 1/2,5p4(3P1)6s 2[1] 3/2,73023,92.0,2902,34.8,SAT,73201,97.1,2909,34.5,SAT,"WI 543.885 (I=8, A=3.3e+04)",15.024,0.0578,15.09,0.0477,15.034,1.053e-15,1.186e-12,10.14,1 2 4 5 6 7 8 10 12 13 22 23 33 34,1.07e+07,13:7.0e+06 33:9.3e+05 22:9.2e+05,6.55e-07,14,1/14,7.40e+07,1.1e+14,56544,177.8,3371,25.7,
XeII,544.545,150,,88,46,5p4(3P1)7s 2[1] 1/2,5p4(3P1)6p 2[1]° 1/2,3094,4.4,134,29.8,,3022,4.7,131,30.4,,,,,,,,,,,,,,,,,,,1469,4.8,78,27.6,
XeII,545.045,100,,44,16,5p4(3P1)6p 2[1]° 3/2,5p4(3P2)5d 2[0] 1/2,14417,21.3,655,26.4,,13700,22.3,653,26.6,,,15.41,0.0521,15.44,0.0488,15.415,7.621e-16,1.138e-12,10.54,1 2 4 5 6 7 8 10 12 13 22 23 33 34,6.59e+06,13:2.4e+06 33:1.5e+06 23:1.2e+06,2.12e-07,23,0/23,,,6616,19.8,351,25.0,
XeII,545.09,20,,51,24,5p4(1D2)6p 2[1]° 3/2,5p4(3P1)5d 2[2] 3/2,14417,21.3,655,26.4,,13700,22.3,653,26.6,,,16.077,0.1677,29.93,0.0721,16.082,7.579e-16,1.815e-12,11.23,1 2 4 5 6 7 8 10 12 13 22 23 33 34,8.14e+06,23:5.5e+06 33:1.2e+06 34:7.2e+05,4.19e-07,27,0/27,,,6616,19.8,351,25.0,
XeII,546.039,300,,31,6,5p4(3P2)6p 2[3]° 7/2,5p4(3P2)5d 2[2] 5/2,73880,95.9,2936,35.2,SAT,72178,102.8,2648,35.1,SAT,"XeI 546.004 (I=15, A=2.5e+05); WI 546.052 (I=3w)",14.098,0.4009,14.19,0.2358,14.109,1.625e-14,1.312e-11,9.66,1 2 4 5 6 7 8 10 12 13 22 23,1.73e+06,10:6.5e+05 23:4.9e+05 22:1.8e+05,3.81e-07,10,3/10,1.47e+08,3.9e+14,65499,158.7,3124,25.6,
XeII,546.954,20h,,58,35,5p4(1D2)5d 2[0] 1/2,5p4(3P2)6p 2[1]° 3/2,1168,1.5,34,26.7,,1153,1.6,34,25.8,,WI 546.970 (I=2),16.745,0.1544,24.49,0.0909,16.749,5.916e-16,2.120e-12,11.81,1 2,0.00e+00,,2.94e-08,14,0/14,,,635,1.6,28,27.9,
XeII,547.261,500,9900000.0,31,7,5p4(3P2)6p 2[3]° 7/2,5p4(3P2)5d 2[3] 7/2,73167,90.4,2792,46.2,SAT,73425,95.5,2802,45.2,SAT,WI 547.231 (I=6),14.098,0.4009,14.19,0.2358,14.109,1.625e-14,1.312e-11,9.66,1 2 4 5 6 7 8 10 12 13 22 23,1.73e+06,10:6.5e+05 23:4.9e+05 22:1.8e+05,3.81e-07,10,3/10,1.47e+08,3.9e+14,70996,166.8,3564,35.0,SAT
XeII,548.113,1h,,,66,Ek=156302.13,5p4(1S0)5d 2[2] 3/2,160,0.3,6,85.9,,164,0.3,7,69.2,,XeI 548.133 (I=1h); XeIII 548.119 (I=1),,,,,,,,,,,,,,,,,123,0.4,7,72.9,
XeII,550.746,2h,,69,38,5p4(3P2)4f 2[3]° 7/2,5p4(1D2)5d 2[3] 7/2,398,0.7,24,26.2,,388,0.7,26,25.4,,,,,,,,,,,,,,,,,,,186,0.6,22,28.1,
XeII,551.856,1,,29,6,5p4(3P2)6p 2[3]° 5/2,5p4(3P2)5d 2[2] 5/2,319,0.6,16,44.5,,331,0.7,20,39.3,,XeII 551.877 (I=1); WI 551.880 (I=1w),14.074,0.2501,14.08,0.2501,14.082,1.203e-14,9.080e-12,9.56,1 2 4 5 6 7 8 10 12 13 22 23,5.91e+06,12:1.9e+06 5:1.6e+06 22:9.3e+05,1.08e-06,17,3/17,7.69e+07,7.1e+13,185,0.6,15,41.9,
XeII,551.877,1,,68,38,5p4(3P2)4f 2[4]° 9/2,5p4(1D2)5d 2[3] 7/2,319,0.6,16,44.5,,331,0.7,20,39.3,,"XeII 551.856 (I=1); BaI 551.904 (I=280, A=5.7e+07); WI 551.880 (I=1w); WI 551.913 (I=2)",,,,,,,,,,,,,,,,,185,0.6,15,41.9,
XeII,552.553,50,,87,44,5p4(3P1)7s 2[1] 3/2,5p4(3P1)6p 2[1]° 3/2,3208,5.7,139,25.5,,3073,6.0,133,25.4,,WI 552.528 (I=1w),,,,,,,,,,,,,,,,,1667,5.4,114,25.9,
XeII,553.107,400,8800000.0,29,7,5p4(3P2)6p 2[3]° 5/2,5p4(3P2)5d 2[3] 7/2,73760,113.0,3198,34.2,SAT,73923,122.6,3205,34.0,SAT,"WI 553.138 (I=30, A=6.8e+05)",14.074,0.2501,14.08,0.2501,14.082,1.203e-14,9.080e-12,9.56,1 2 4 5 6 7 8 10 12 13 22 23,5.91e+06,12:1.9e+06 5:1.6e+06 22:9.3e+05,1.08e-06,17,3/17,7.69e+07,7.1e+13,63271,208.5,4311,25.6,SAT
XeII,555.15,4Hs^,,,70,Ek=157102.56,5p4(3P2)6d 2[3] 5/2,322,0.5,22,,,306,0.6,21,,,,,,,,,,,,,,,,,,,,1562,5.0,124,28.7,
XeII,557.091,1,,,68,Ek=156913.68,5p4(3P2)4f 2[4]° 9/2,721,1.1,38,28.4,,716,1.2,36,28.6,,,,,,,,,,,,,,,,,,,395,1.2,29,27.1,
XeII,557.219,50,,42,15,5p4(3P1)6p 2[2]° 3/2,5p4(3P2)5d 2[1] 3/2,7773,12.4,353,24.1,,7548,12.9,327,24.4,,WI 557.199 (I=2),15.282,0.2008,15.31,0.0876,15.293,1.654e-15,2.302e-12,10.44,1 2 4 5 6 7 8 10 12 13 22 23 33 34,1.33e+07,22:5.8e+06 23:2.6e+06 13:2.6e+06,8.08e-07,22,1/22,2.20e+07,2.7e+13,3976,11.9,271,24.4,
XeII,558.35,2H,,,68,Ek=156872.9,5p4(3P2)4f 2[4]° 9/2,1326,2.3,79,34.6,,1303,2.3,69,35.9,,,,,,,,,,,,,,,,,,,680,2.2,43,37.3,
XeII,559.161,2H,,110,53,5p4(1D2)7s 2[2] 3/2,5p4(1D2)6p 2[2]° 3/2,666,1.2,32,26.6,,614,1.2,29,29.4,,,,,,,,,,,,,,,,,,,358,1.1,23,31.6,
XeII,559.487,15Hw,,,69,Ek=156873.84,5p4(3P2)4f 2[3]° 7/2,2948,5.6,165,36.5,,2911,5.9,154,36.1,,,,,,,,,,,,,,,,,,,1616,5.9,110,35.8,
XeII,561.289,1h-,,87,46,5p4(3P1)7s 2[1] 3/2,5p4(3P1)6p 2[1]° 1/2,589,1.1,30,33.2,,572,1.2,30,35.6,,XeI 561.265 (I=15),,,,,,,,,,,,,,,,,304,1.1,21,36.7,
XeII,561.667,150,,41,15,5p4(3P1)6p 2[2]° 5/2,5p4(3P2)5d 2[1] 3/2,25629,40.7,1222,25.1,,25029,45.9,1194,24.9,,,15.264,0.0478,15.31,0.0437,15.266,6.602e-16,9.071e-13,10.42,1 2 4 5 6 7 8 10 12 13 22 23 33 34,3.03e+07,13:1.7e+07 22:1.0e+07 23:1.6e+06,5.19e-07,21,1/21,6.10e+06,1.2e+13,13879,46.6,827,24.5,
XeII,562.478,1Hl*,,,71,Ek=156902.5,5p4(3P2)7p 2[2]° 5/2,309,0.6,17,38.1,,280,0.6,15,39.8,,"XeII 562.478 (I=1Hl*); WI 562.458 (I=6, A=7.0e+04)",,,,,,,,,,,,,,,,,152,0.6,9,45.6,
XeII,562.478,1Hl*,,108,53,5p4(1D2)7s 2[2] 5/2,5p4(1D2)6p 2[2]° 3/2,309,0.6,17,38.1,,280,0.6,15,39.8,,"XeII 562.478 (I=1Hl*); WI 562.458 (I=6, A=7.0e+04)",,,,,,,,,,,,,,,,,152,0.6,9,45.6,
XeII,563.324,3H,,,71,Ek=156875.52,5p4(3P2)7p 2[2]° 5/2,216,0.4,13,29.2,,219,0.4,13,23.2,,,,,,,,,,,,,,,,,,,112,0.4,9,29.4,
XeII,575.103,200,,44,18,5p4(3P1)6p 2[1]° 3/2,5p4(3P1)6s 2[1] 1/2,42664,56.0,1850,24.6,,42420,63.8,1839,24.1,,"WI 575.137 (I=2, A=1.8e+04)",15.41,0.0521,15.44,0.0488,15.415,7.621e-16,1.138e-12,10.54,1 2 4 5 6 7 8 10 12 13 22 23 33 34,6.59e+06,13:2.4e+06 33:1.5e+06 23:1.2e+06,2.12e-07,23,0/23,,,21873,37.4,1159,24.8,
XeII,589.329,150,,51,27,5p4(1D2)6p 2[1]° 3/2,5p4(3P1)5d 2[2] 5/2,15026,17.4,478,25.5,,14453,19.2,431,25.5,,WI 589.334 (I=1),16.077,0.1677,29.93,0.0721,16.082,7.579e-16,1.815e-12,11.23,1 2 4 5 6 7 8 10 12 13 22 23 33 34,8.14e+06,23:5.5e+06 33:1.2e+06 34:7.2e+05,4.19e-07,27,0/27,,,7002,9.8,334,23.5,
XeII,597.113,200,,51,28,5p4(1D2)6p 2[1]° 3/2,5p4(1D2)6s 2[2] 3/2,11800,15.3,512,24.4,,11360,15.8,542,24.3,,,16.077,0.1677,29.93,0.0721,16.082,7.579e-16,1.815e-12,11.23,1 2 4 5 6 7 8 10 12 13 22 23 33 34,8.14e+06,23:5.5e+06 33:1.2e+06 34:7.2e+05,4.19e-07,27,0/27,,,5930,6.3,314,24.6,
XeII,610.143,200,,44,20,5p4(3P1)6p 2[1]° 3/2,5p4(3P1)5d 2[1] 3/2,15977,16.0,435,24.8,,15867,17.0,541,24.9,,,15.41,0.0521,15.44,0.0488,15.415,7.621e-16,1.138e-12,10.54,1 2 4 5 6 7 8 10 12 13 22 23 33 34,6.59e+06,13:2.4e+06 33:1.5e+06 23:1.2e+06,2.12e-07,23,0/23,,,7831,8.4,311,23.2,
XeII,680.574,1000,6100000.0,41,22,5p4(3P1)6p 2[2]° 5/2,5p4(3P1)5d 2[3] 7/2,64981,38.9,2695,20.4,,64815,46.0,3091,20.3,SAT,,15.264,0.0478,15.31,0.0437,15.266,6.602e-16,9.071e-13,10.42,1 2 4 5 6 7 8 10 12 13 22 23 33 34,3.03e+07,13:1.7e+07 22:1.0e+07 23:1.6e+06,5.19e-07,21,1/21,6.10e+06,1.2e+13,,,,,
BaI,553.548,1830,119000000.0,,,Ek=18060.261,Ei=0.0,707,1.3,31,44.8,,522,1.2,23,52.6,,,,,,,,,,,,,,,,,,,377,1.4,26,39.3,
BaII,455.403,9300,111000000.0,,,Ek=21952.404,Ei=0.0,4325,6.5,172,27.5,,2475,3.5,103,27.5,,,,,,,,,,,,,,,,,,,,,,,
BaII,493.408,6900,95300000.0,,,Ek=20261.561,Ei=0.0,1850,3.2,80,25.8,,1137,2.0,45,24.7,,XeII 493.430 (I=1); WI 493.382 (I=5),,,,,,,,,,,,,,,,,,,,,
BaII,614.171,1510,41200000.0,,,Ek=21952.404,Ei=5674.807,599,0.7,29,22.2,,397,0.5,20,25.5,,,,,,,,,,,,,,,,,,,,,,,
BaII,585.367,331,6000000.0,,,Ek=21952.404,Ei=4873.852,96,0.1,5,14.4,,55,0.1,3,19.1,,"AlII 585.362 (I=100, A=1.3e+07)",,,,,,,,,,,,,,,,,628,1.0,37,23.4,
BaII,649.69,900,31000000.0,,,Ek=20261.561,Ei=4873.852,1256,1.3,29,64.2,,1198,1.3,34,62.1,,,,,,,,,,,,,,,,,,,,,,,
