ion,wl_nm,nist_intens,A_nist,upper,lower,Ek_cm,Ei_cm,role,class,observed,peak,bg,snr,saturated,blend,upper_no,lower_no,k_gs,Te_slope,meta_lever
Ba I,307.158,168,4.2e+07,6s 7p 1P° 1,6s2 1S 0,32547.033,0.0,,Ba,вне диапазона,,,,,,,,,,
Ba I,313.572,8w,,5d 8p 3P° 1,6s 5d 3D 2,41097.2,9215.501,,Ba,вне диапазона,,,,,,,,,,
Ba I,313.77,10,,6s 10f 3F° 2,6s 5d 3D 1,40895.14,9033.966,,Ba,вне диапазона,,,,,,,,,,
Ba I,315.567,10,,6s 10f 3F° 2,6s 5d 3D 2,40895.14,9215.501,,Ba,вне диапазона,,,,,,,,,,
Ba I,316.56,25,,6s 9f 3F° 2,6s 5d 3D 1,40613.87,9033.966,,Ba,вне диапазона,,,,,,,,,,
Ba I,318.396,15,,6s 9f 3F° 2,6s 5d 3D 2,40613.87,9215.501,,Ba,вне диапазона,,,,,,,,,,
Ba I,326.232,2,,6s 7f 3F° 2,6s 5d 3D 1,39678.176,9033.966,,Ba,вне диапазона,,,,,,,,,,
Ba I,328.149,3,,6s 7f 3F° 3,6s 5d 3D 2,39680.727,9215.501,,Ba,вне диапазона,,,,,,,,,,
Ba I,328.177,15,,6s 7f 3F° 2,6s 5d 3D 2,39678.176,9215.501,,Ba,вне диапазона,,,,,,,,,,
Ba I,332.278,5,,6s 7f 3F° 4,6s 5d 3D 3,39683.126,9596.533,,Ba,вне диапазона,,,,,,,,,,
Ba I,335.68,8,,6s 6f 3F° 2,6s 5d 3D 1,38815.7,9033.966,,Ba,вне диапазона,,,,,,,,,,
Ba I,337.697,13,,6s 6f 3F° 3,6s 5d 3D 2,38819.378,9215.501,,Ba,вне диапазона,,,,,,,,,,
Ba I,337.739,2,,6s 6f 3F° 2,6s 5d 3D 2,38815.7,9215.501,,Ba,вне диапазона,,,,,,,,,,
Ba I,342.031,19,,6s 6f 3F° 4,6s 5d 3D 3,38825.242,9596.533,,Ba,вне диапазона,,,,,,,,,,
Ba I,342.1,1,,6s 6f 3F° 3,6s 5d 3D 3,38819.378,9596.533,,Ba,вне диапазона,,,,,,,,,,
Ba I,350.111,860,3.5e+07,5d 6p 1P° 1,6s2 1S 0,28554.221,0.0,,Ba,вне диапазона,,,,,,,,,,
Ba I,352.497,47,,6s 5f 3F° 2,6s 5d 3D 1,37394.868,9033.966,,Ba,вне диапазона,,,,,,,,,,
Ba I,352.948,6,,5d 7p 3D° 3,6s 5d 3D 2,37540.184,9215.501,,Ba,вне диапазона,,,,,,,,,,
Ba I,353.134,5,,6s 7f 1F° 3,6s 5d 1D 2,39705.106,11395.35,,Ba,вне диапазона,,,,,,,,,,
Ba I,354.466,74,,6s 5f 3F° 3,6s 5d 3D 2,37418.92,9215.501,,Ba,вне диапазона,,,,,,,,,,
Ba I,354.768,9,,6s 5f 3F° 2,6s 5d 3D 2,37394.868,9215.501,,Ba,вне диапазона,,,,,,,,,,
Ba I,356.193,6,,5d 7p 1F° 3,6s 5d 3D 2,37282.124,9215.501,,Ba,вне диапазона,,,,,,,,,,
Ba I,356.665,6,,5d 7p 3D° 2,6s 5d 3D 1,37063.452,9033.966,,Ba,вне диапазона,,,,,,,,,,
Ba I,357.603,6,,5d 7p 3P° 1,6s 5d 3D 1,36989.981,9033.966,,Ba,вне диапазона,,,,,,,,,,
Ba I,357.761,18,,5d 7p 3D° 3,6s 5d 3D 3,37540.184,9596.533,,Ba,вне диапазона,,,,,,,,,,
Ba I,357.966,87,,6s 5f 3F° 4,6s 5d 3D 3,37524.148,9596.533,,Ba,вне диапазона,,,,,,,,,,
Ba I,358.651,10,,5d 7p 3P° 0,6s 5d 3D 1,36908.28,9033.966,,Ba,вне диапазона,,,,,,,,,,
Ba I,358.81,11,,5d 7p 3P° 2,6s 5d 3D 2,37077.477,9215.501,,Ba,вне диапазона,,,,,,,,,,
Ba I,358.99,2,,5d 7p 3D° 2,6s 5d 3D 2,37063.452,9215.501,,Ba,вне диапазона,,,,,,,,,,
Ba I,359.32,12,,6s 5f 3F° 3,6s 5d 3D 3,37418.92,9596.533,,Ba,вне диапазона,,,,,,,,,,
Ba I,359.94,16,,5d 7p 3P° 1,6s 5d 3D 2,36989.981,9215.501,,Ba,вне диапазона,,,,,,,,,,
Ba I,361.096,11,,5d 7p 1F° 3,6s 5d 3D 3,37282.124,9596.533,,Ba,вне диапазона,,,,,,,,,,
Ba I,363.064,57,,5d 7p 3F° 4,6s 5d 3D 3,37132.036,9596.533,,Ba,вне диапазона,,,,,,,,,,
Ba I,363.684,19,,6s 6f 1F° 3,6s 5d 1D 2,38883.903,11395.35,,Ba,вне диапазона,,,,,,,,,,
Ba I,363.971,1,,5d 7p 3D° 2,6s 5d 3D 3,37063.452,9596.533,,Ba,вне диапазона,,,,,,,,,,
Ba I,364.039,114,,5d 7p 3D° 1,6s 5d 3D 1,36495.732,9033.966,,Ba,вне диапазона,,,,,,,,,,
Ba I,366.254,13,,5d 7p 3F° 3,6s 5d 3D 2,36511.207,9215.501,,Ba,вне диапазона,,,,,,,,,,
Ba I,368.837,13,,5d 7p 1P° 1,6s 5d 1D 2,38499.86,11395.35,,Ba,вне диапазона,,,,,,,,,,
Ba I,379.48,33,,6s 5f 1F° 3,6s 5d 1D 2,37739.734,11395.35,,Ba,вне диапазона,,,,,,,,,,
Ba I,386.188,53,,5d 7p 1F° 3,6s 5d 1D 2,37282.124,11395.35,,Ba,вне диапазона,,,,,,,,,,
Ba I,388.133,3,,5d 6d 3P 1,6s 6p 3P° 0,38023.059,12266.024,,Ba,вне диапазона,,,,,,,,,,
Ba I,388.933,165,1.10e+06,5d 6p 3P° 1,6s2 1S 0,25704.11,0.0,,Ba,вне диапазона,,,,,,,,,,
Ba I,389.057,9,,6s 8d 3D 1,6s 6p 3P° 0,37961.908,12266.024,,Ba,вне диапазона,,,,,,,,,,
Ba I,389.266,82,,5d 7p 3P° 2,6s 5d 1D 2,37077.477,11395.35,,Ba,вне диапазона,,,,,,,,,,
Ba I,389.435,4,,6s 9d 3D 3,6s 6p 3P° 2,39185.7,13514.745,,Ba,вне диапазона,,,,,,,,,,
Ba I,389.478,1,,5d 7p 3D° 2,6s 5d 1D 2,37063.452,11395.35,,Ba,вне диапазона,,,,,,,,,,
Ba I,390.596,5,,5d 7p 3P° 1,6s 5d 1D 2,36989.981,11395.35,,Ba,вне диапазона,,,,,,,,,,
Ba I,390.991,272,4.9e+07,6s 4f 3F° 2,6s 5d 3D 1,34602.765,9033.966,,Ba,вне диапазона,,,,,,,,,,
Ba I,391.725,4,,6s 4f 1F° 3,6s 5d 3D 2,34736.373,9215.501,,Ba,вне диапазона,,,,,,,,,,
Ba I,393.572,423,4.7e+07,6s 4f 3F° 3,6s 5d 3D 2,34616.643,9215.501,,Ba,вне диапазона,,,,,,,,,,
Ba I,393.787,59,1.1e+07,6s 4f 3F° 2,6s 5d 3D 2,34602.765,9215.501,,Ba,вне диапазона,,,,,,,,,,
Ba I,394.559,21,,6s 8d 3D 2,6s 6p 3P° 1,37974.186,12636.623,,Ba,вне диапазона,,,,,,,,,,
Ba I,394.751,9,,6s 8d 3D 1,6s 6p 3P° 1,37961.908,12636.623,,Ba,вне диапазона,,,,,,,,,,
Ba I,399.34,530,5.5e+07,6s 4f 3F° 4,6s 5d 3D 3,34630.779,9596.533,,Ba,вне диапазона,,,,,,,,,,
Ba I,399.566,61,8.8e+06,6s 4f 3F° 3,6s 5d 3D 3,34616.643,9596.533,,Ba,вне диапазона,,,,,,,,,,
Ba I,399.787,1,,6s 4f 3F° 2,6s 5d 3D 3,34602.765,9596.533,,Ba,вне диапазона,,,,,,,,,,
Ba I,408.096,13,,6s 8p 1P° 1,6s 5d 1D 2,35892.465,11395.35,,Ba,нет,628,536,0.2,,,,,,,
Ba I,408.487,43,,6s 8d 3D 3,6s 6p 3P° 2,37988.434,13514.745,,Ba,нет,588,530,0.1,,,,,,,
Ba I,408.725,8,,6s 8d 3D 2,6s 6p 3P° 2,37974.186,13514.745,,Ba,нет,586,530,0.1,,Ba I 408.734 (9),,,,,
Ba I,408.734,9,,5d 6d 3S 1,6s 6p 3P° 1,37095.486,12636.623,,Ba,нет,586,530,0.1,,Ba I 408.725 (8),,,,,
Ba I,413.243,309,1.46e+06,5d 6p 3D° 1,6s2 1S 0,24192.033,0.0,,Ba,нет,528,482,0.1,,,,,,,
Ba I,417.935,14,,6s 8d 1D 2,6s 6p 3P° 2,37435.176,13514.745,,Ba,бленда,4938,480,9.3,,Xe II 418.010 (1000*),,,,,
Ba I,422.396,34,,5d 6d 3D 1,6s 6p 3P° 0,35933.806,12266.024,,Ba,бленда,2064,476,3.3,,Xe II 422.300 (400h),,,,,
Ba I,423.956,25,2.4e+07,5d 6d 3S 1,6s 6p 3P° 2,37095.486,13514.745,,Ba,да,1242,476,1.6,,,,,,,
Ba I,424.26,17,5.6e+06,5d 6d 3D 2,6s 6p 3P° 1,36200.412,12636.623,,Ba,слабо,762,514,0.5,,,,,,,
Ba I,426.442,42,1.5e+07,6s 7d 3D 1,6s 6p 3P° 0,35709.289,12266.024,,Ba,нет,490,468,0.0,,,,,,,
Ba I,428.31,530,6.4e+07,6s 4f 1F° 3,6s 5d 1D 2,34736.373,11395.35,,Ba,нет,458,450,0.0,,,,,,,
Ba I,429.116,26,,5d 6d 3D 1,6s 6p 3P° 1,35933.806,12636.623,,Ba,слабо,854,454,0.9,,,,,,,
Ba I,430.518,6,,6s 4f 3F° 3,6s 5d 1D 2,34616.643,11395.35,,Ba,бленда,764,472,0.6,,,,,,,
Ba I,432.3,61,8.8e+06,6s 7d 1D 2,6s 6p 3P° 1,35762.187,12636.623,,Ba,нет,518,489,0.1,,,,,,,
Ba I,432.511,18,7.1e+06,5d 6d 3D 3,6s 6p 3P° 2,36629.053,13514.745,,Ba,нет,538,492,0.1,,,,,,,
Ba I,433.291,39,1.5e+07,6s 7d 3D 1,6s 6p 3P° 1,35709.289,12636.623,,Ba,нет,600,496,0.2,,,,,,,
Ba I,435.033,271,6.0e+07,6s 7d 3D 2,6s 6p 3P° 1,35616.949,12636.623,,Ba,нет,510,484,0.1,,,,,,,
Ba I,435.953,9,,5d 6d 1P 1,6s 6p 3P° 2,36446.57,13514.745,,Ba,слабо,860,486,0.8,,,,,,,
Ba I,440.254,273,2.7e+07,6p2 3P 2,6s 6p 3P° 1,35344.413,12636.623,,Ba,нет,528,524,0.0,,,,,,,
Ba I,440.683,29,1.0e+07,5d 6d 3D 2,6s 6p 3P° 2,36200.412,13514.745,,Ba,бленда,6534,540,11.1,,Xe II 440.688 (200H),,,,,
Ba I,441.366,13,,5d 6d 1F 3,6s 6p 3P° 2,36165.312,13514.745,,Ba,бленда,42560,512,82.1,,Xe II 441.484 (300*),,,,,
Ba I,443.189,374,1.2e+08,6p2 3P 1,6s 6p 3P° 0,34823.406,12266.024,,Ba,нет,540,503,0.1,,,,,,,
Ba I,446.709,30,6.6e+06,5d 6d 3G 3,6s 6p 3P° 2,35894.395,13514.745,,Ba,да,1102,536,1.1,,,,,,,
Ba I,448.898,234,2.8e+07,6s 7d 3D 3,6s 6p 3P° 2,35785.273,13514.745,,Ba,бленда,792,596,0.3,,,,,,,
Ba I,449.364,137,2.0e+07,6s 7d 1D 2,6s 6p 3P° 2,35762.187,13514.745,,Ba,нет,728,623,0.2,,,,,,,
Ba I,450.435,5,,6s 7d 3D 1,6s 6p 3P° 2,35709.289,13514.745,,Ba,нет,660,606,0.1,,,,,,,
Ba I,450.592,209,1.1e+08,6p2 3P 1,6s 6p 3P° 1,34823.406,12636.623,,Ba,слабо,1054,606,0.7,,,,,,,
Ba I,452.317,327,9.6e+07,6s 7d 3D 2,6s 6p 3P° 2,35616.949,13514.745,,Ba,бленда,64531,636,100.5,да,Xe II 452.421 (200),,,,,
Ba I,457.385,230,1.21e+08,6p2 3P 0,6s 6p 3P° 1,34493.904,12636.623,,Ba,нет,794,725,0.1,,,,,,,
Ba I,457.964,580,7.0e+07,6p2 3P 2,6s 6p 3P° 2,35344.413,13514.745,,Ba,бленда,2522,810,2.1,,,,,,,
Ba I,458.976,22,,6s 7p 3P° 1,6s 5d 3D 1,30815.512,9033.966,,Ba,да,1732,853,1.0,,,,,,,
Ba I,459.182,28,1.6e+06,6s 7p 3P° 2,6s 5d 3D 2,30987.24,9215.501,,Ba,бленда,17068,874,18.5,,Xe II 459.205 (300H),,,,,
Ba I,459.972,108,4.1e+07,6s 8s 1S 0,6s 6p 3P° 1,34371.002,12636.623,,Ba,да,11380,908,11.5,,,,,,,
Ba I,460.498,28,7.7e+06,6s 7p 3P° 0,6s 5d 3D 1,30743.49,9033.966,,Ba,слабо,1368,904,0.5,,,,,,,
Ba I,461.992,40,2.7e+06,6s 8s 3S 1,6s 6p 3P° 0,33905.358,12266.024,,Ba,нет,1138,908,0.3,,,,,,,
Ba I,462.833,63,6.0e+06,6s 7p 3P° 1,6s 5d 3D 2,30815.512,9215.501,,Ba,слабо,1218,710,0.7,,,,,,,
Ba I,467.362,133,6.5e+06,6s 7p 3P° 2,6s 5d 3D 3,30987.24,9596.533,,Ba,бленда,17512,602,28.1,,,,,,,
Ba I,469.161,306,1.6e+08,6p2 3P 1,6s 6p 3P° 2,34823.406,13514.745,,Ba,бленда,1178,638,0.8,,Xe I 469.097 (100),,,,,
Ba I,469.909,24,,6s 9d 1D 2,6s 6p 1P° 1,39335.003,18060.261,,Ba,бленда,1372,608,1.3,,,,,,,
Ba I,470.042,80,6.1e+06,6s 8s 3S 1,6s 6p 3P° 1,33905.358,12636.623,,Ba,нет,784,631,0.2,,,,,,,
Ba I,472.471,8,,5d 7s 1D 2,6s 6p 3P° 1,33796.011,12636.623,,Ba,да,1454,574,1.5,,,,,,,
Ba I,472.643,371,3.3e+07,6s 7p 1P° 1,6s 5d 1D 2,32547.033,11395.35,,Ba,нет,718,586,0.2,,,,,,,
Ba I,487.765,66,,6p2 1D 2,6s 6p 1P° 1,38556.227,18060.261,,Ba,бленда,64535,860,74.0,да,Xe II 487.650 (500h),,,,,
Ba I,490.285,63,5.4e+06,6s 8s 3S 1,6s 6p 3P° 2,33905.358,13514.745,,Ba,нет,610,592,0.0,,,,,,,
Ba I,494.731,25,,5d 6d 3P 2,6s 6p 1P° 1,38267.616,18060.261,,Ba,нет,604,596,0.0,,,,,,,
Ba I,499.564,5,,5d 7s 3D 3,6s 6p 3P° 2,33526.601,13514.745,,Ba,нет,640,590,0.1,,,,,,,
Ba I,505.496,19,,5d 6d 1D 2,6s 6p 1P° 1,37837.305,18060.261,,Ba,нет,652,554,0.2,,,,,,,
Ba I,515.988,80,,6s 8d 1D 2,6s 6p 1P° 1,37435.176,18060.261,,Ba,нет,602,522,0.2,,,,,,,
Ba I,525.38,5,,5d 6d 3F 2,6s 6p 1P° 1,37088.794,18060.261,,Ba,нет,648,634,0.0,,Xe III 525.396 (1),,,,,
Ba I,530.57,6,,6s 9s 3S 1,6s 6p 1P° 1,36902.67,18060.261,,Ba,нет,782,716,0.1,,Xe I 530.637 (3),,,,,
Ba I,542.455,199,,6s 6d 3D 1,6s 6p 3P° 0,30695.617,12266.024,,Ba,да,2024,751,1.7,,,,,,,
Ba I,543.732,5,,5d 6d 1P 1,6s 6p 1P° 1,36446.57,18060.261,,Ba,слабо,966,716,0.3,,,,,,,
Ba I,551.904,280,5.7e+07,6s 6d 3D 2,6s 6p 3P° 1,30750.672,12636.623,,Ba,бленда,890,560,0.6,,,,,,,
Ba I,553.548,1830,1.190e+08,6s 6p 1P° 1,6s2 1S 0,18060.261,0.0,"n(Ba); пересчёт = валидация (Fursa, Chen–Gallagher)",Ba,да,1338,570,1.3,,,,,,,
Ba I,553.587,112,,6s 6d 3D 1,6s 6p 3P° 1,30695.617,12636.623,,Ba,да,1338,570,1.3,,Ba I 553.548 (1830),,,,,
Ba I,559.331,5,,5d 6d 3D 1,6s 6p 1P° 1,35933.806,18060.261,,Ba,слабо,932,570,0.6,,,,,,,
Ba I,568.0,21,,5d 6p 1F° 3,6s 5d 3D 2,26816.266,9215.501,,Ba,нет,638,636,0.0,,Ba I 568.018 (41),,,,,
Ba I,568.018,41,,6s 6d 1D 2,6s 6p 3P° 1,30236.826,12636.623,,Ba,нет,638,636,0.0,,Ba I 568.000 (21),,,,,
Ba I,577.762,740,8.0e+07,6s 6d 3D 3,6s 6p 3P° 2,30818.115,13514.745,,Ba,да,2866,606,3.7,,,,,,,
Ba I,578.404,5,2.1e+07,6p2 3P 2,6s 6p 1P° 1,35344.413,18060.261,,Ba,нет,660,602,0.1,,Ba II 578.418 (A=1.59e+07),,,,,
Ba I,580.023,203,2.4e+07,6s 6d 3D 2,6s 6p 3P° 2,30750.672,13514.745,,Ba,нет,626,604,0.0,,,,,,,
Ba I,580.568,419,1.1e+06,5d 6p 1F° 3,6s 5d 3D 3,26816.266,9596.533,,Ba,слабо,800,612,0.3,,,,,,,
Ba I,581.881,14,,6s 6d 3D 1,6s 6p 3P° 2,30695.617,13514.745,,Ba,нет,774,682,0.1,,,,,,,
Ba I,582.627,610,4.5e+07,5d 6p 1P° 1,6s 5d 1D 2,28554.221,11395.35,,Ba,слабо,1140,698,0.6,,,,,,,
Ba I,590.764,94,3.6e+06,5d 6p 3P° 2,6s 5d 3D 1,25956.519,9033.966,,Ba,нет,780,788,-0.0,,,,,,,
Ba I,597.17,700,1.6e+07,5d 6p 3P° 2,6s 5d 3D 2,25956.519,9215.501,,Ba,бленда,12412,762,15.3,,,,,,,
Ba I,597.846,8,,6s 6d 1D 2,6s 6p 3P° 2,30236.826,13514.745,,Ba,бленда,1072,766,0.4,,Xe I 597.829 (2),,,,,
Ba I,599.709,620,2.8e+07,5d 6p 3P° 1,6s 5d 3D 1,25704.11,9033.966,,Ba,нет,850,758,0.1,,Xe I 599.812 (30),,,,,
Ba I,601.947,610,8.1e+07,5d 6p 3P° 0,6s 5d 3D 1,25642.126,9033.966,,Ba,нет,774,738,0.0,,,,,,,
Ba I,606.311,840,5.6e+07,5d 6p 3P° 1,6s 5d 3D 2,25704.11,9215.501,,Ba,нет,790,746,0.1,,,,,,,
Ba I,608.339,5,1.1e+07,6p2 3P 0,6s 6p 1P° 1,34493.904,18060.261,,Ba,нет,918,797,0.2,,Xe II 608.321 (1h-),,,,,
Ba I,611.078,880,1.0e+08,5d 6p 3P° 2,6s 5d 3D 3,25956.519,9596.533,,Ba,бленда,1330,912,0.5,,Xe I 611.195 (40),,,,,
Ba I,612.923,5,6.0e+06,6s 8s 1S 0,6s 6p 1P° 1,34371.002,18060.261,,Ba,нет,900,880,0.0,,Xe III 612.910 (1),,,,,
Ba I,634.168,900,1.16e+07,5d 6p 3D° 3,6s 5d 3D 2,24979.834,9215.501,,Ba,нет,1150,1100,0.0,,,,,,,
Ba I,641.111,3,,6s 7s 1S 0,6s 6p 3P° 1,28230.231,12636.623,,Ba,нет,1090,1046,0.0,,,,,,,
Ba I,645.085,580,1.10e+07,5d 6p 3D° 2,6s 5d 3D 1,24531.513,9033.966,,Ba,бленда,1508,1082,0.4,,,,,,,
Ba I,648.291,1770,4.4e+07,5d 6p 1F° 3,6s 5d 1D 2,26816.266,11395.35,,Ba,нет,1096,1108,-0.0,,,,,,,
Ba I,649.876,1060,5.4e+07,5d 6p 3D° 3,6s 5d 3D 3,24979.834,9596.533,,Ba,бленда,14298,1251,10.4,,,,,,,
Ba I,652.731,890,3.3e+07,5d 6p 3D° 2,6s 5d 3D 2,24531.513,9215.501,,Ba,нет,1362,1304,0.0,,,,,,,
Ba I,659.533,740,3.8e+07,5d 6p 3D° 1,6s 5d 3D 1,24192.033,9033.966,,Ba,бленда,59988,1324,44.3,,Xe II 659.501 (800),,,,,
Ba I,665.411,9,,5d 6d 3F 2,5d 6p 3F° 2,37088.794,22064.645,,Ba,нет,1494,1282,0.2,,,,,,,
Ba I,667.527,462,1.89e+07,5d 6p 3D° 1,6s 5d 3D 2,24192.033,9215.501,,Ba,нет,1360,1334,0.0,,,,,,,
Ba I,669.384,454,1.46e+07,5d 6p 3D° 2,6s 5d 3D 3,24531.513,9596.533,,Ba,бленда,27372,1380,18.8,,Xe II 669.432 (400h),,,,,
Ba I,677.186,4,,5d 6d 1D 2,5d 6p 1D° 2,37837.305,23074.387,,Ba,нет,1610,1564,0.0,,,,,,,
Ba I,686.569,62,7.8e+06,5d 6p 3P° 2,6s 5d 1D 2,25956.519,11395.35,,Ba,нет,2082,1840,0.1,,,,,,,
Ba I,686.79,8,,5d 6d 3F 3,5d 6p 3F° 3,37503.887,22947.423,,Ba,бленда,2586,1842,0.4,,Xe I 686.684 (50),,,,,
Ba I,696.148,1,,6s 8d 1D 2,5d 6p 1D° 2,37435.176,23074.387,,Ba,нет,1922,1878,0.0,,Xe I 696.110 (20),,,,,
Ba I,705.994,770,5.0e+07,5d 6p 3F° 4,6s 5d 3D 3,23757.049,9596.533,,Ba,нет,2280,1930,0.2,,,,,,,
Ba I,708.991,6,,5d 6d 1F 3,5d 6p 3F° 2,36165.312,22064.645,,Ba,нет,2036,1916,0.1,,,,,,,
Ba II,355.245,,3.9e+05,9f 2F° 5/2,6d 2D 3/2,74091.05,45949.472,,Ba,вне диапазона,,,,,,,,,,
Ba II,356.773,,,10g 2G 7/2,4f 2F° 5/2,76279.68,48258.617,,Ba,вне диапазона,,,,,,,,,,
Ba II,357.628,,4.1e+05,9f 2F° 7/2,6d 2D 5/2,74108.92,46154.847,,Ba,вне диапазона,,,,,,,,,,
Ba II,359.657,*,,10g 2G 9/2,4f 2F° 7/2,76279.68,48483.332,,Ba,вне диапазона,,,,,,,,,,
Ba II,359.657,*,,10g 2G 7/2,4f 2F° 7/2,76279.68,48483.332,,Ba,вне диапазона,,,,,,,,,,
Ba II,373.575,*,,9g 2G 7/2,4f 2F° 7/2,75244.13,48483.332,,Ba,вне диапазона,,,,,,,,,,
Ba II,373.575,*,,9g 2G 9/2,4f 2F° 7/2,75244.13,48483.332,,Ba,вне диапазона,,,,,,,,,,
Ba II,381.669,,2.3e+05,8f 2F° 5/2,6d 2D 3/2,72142.77,45949.472,,Ba,вне диапазона,,,,,,,,,,
Ba II,384.28,,2.2e+05,8f 2F° 7/2,6d 2D 5/2,72170.19,46154.847,,Ba,вне диапазона,,,,,,,,,,
Ba II,385.476,,,12d 2D 5/2,7p 2P° 3/2,75945.97,50011.34,,Ba,вне диапазона,,,,,,,,,,
Ba II,389.178,500,2.17e+08,6d 2D 3/2,6p 2P° 1/2,45949.472,20261.561,,Ba,вне диапазона,,,,,,,,,,
Ba II,391.473,,,8g 2G 7/2,4f 2F° 5/2,73795.87,48258.617,,Ba,вне диапазона,,,,,,,,,,
Ba II,393.967,,,11d 2D 3/2,7p 2P° 1/2,74765.5,49389.822,,Ba,вне диапазона,,,,,,,,,,
Ba II,394.951,*,,8g 2G 9/2,4f 2F° 7/2,73795.87,48483.332,,Ba,вне диапазона,,,,,,,,,,
Ba II,394.951,*,,8g 2G 7/2,4f 2F° 7/2,73795.87,48483.332,,Ba,вне диапазона,,,,,,,,,,
Ba II,403.626,,,11d 2D 5/2,7p 2P° 3/2,74779.78,50011.34,,Ba,бленда,792,518,0.5,,Xe II 403.587 (1),,,,,
Ba II,408.377,,,12s 2S 1/2,7p 2P° 3/2,74491.63,50011.34,,Ba,нет,580,530,0.1,,Ba I 408.487 (43),,,,,
Ba II,413.065,910,2.18e+08,6d 2D 5/2,6p 2P° 3/2,46154.847,21952.404,,Ba,бленда,4140,482,7.6,,,,,,,
Ba II,416.6,103,3.54e+07,6d 2D 3/2,6p 2P° 3/2,45949.472,21952.404,,Ba,нет,504,476,0.1,,,,,,,
Ba II,421.604,,5.09e+06,10d 2D 3/2,7p 2P° 1/2,73101.58,49389.822,,Ba,бленда,64531,502,127.5,да,Xe II 421.560 (200),,,,,
Ba II,426.792,8,3.1e+07,7g 2G 7/2,4f 2F° 5/2,71682.623,48258.617,,Ba,слабо,876,460,0.9,,,,,,,
Ba II,428.78,,2.4e+06,11s 2S 1/2,7p 2P° 1/2,72705.28,49389.822,,Ba,нет,464,452,0.0,,Xe III 428.758 (5a),,,,,
Ba II,429.76,,,7f 2F° 5/2,6d 2D 3/2,69211.75,45949.472,,Ba,нет,568,457,0.2,,Xe III 429.796 (1a),,,,,
Ba II,430.927,4*,1.1e+07,7g 2G 7/2,4f 2F° 7/2,71682.623,48483.332,,Ba,бленда,9534,476,19.0,,Xe III 430.932 (7),,,,,
Ba II,430.927,4*,3.1e+07,7g 2G 9/2,4f 2F° 7/2,71682.623,48483.332,,Ba,бленда,9534,476,19.0,,Xe III 430.932 (7),,,,,
Ba II,432.573,,5.65e+06,10d 2D 5/2,7p 2P° 3/2,73122.35,50011.34,,Ba,нет,546,492,0.1,,,,,,,
Ba II,432.674,,,7f 2F° 7/2,6d 2D 5/2,69260.46,46154.847,,Ba,нет,570,494,0.2,,,,,,,
Ba II,432.962,,9.39e+05,10d 2D 3/2,7p 2P° 3/2,73101.58,50011.34,,Ba,да,64535,498,128.6,да,,,,,,
Ba II,440.523,,3.9e+06,11s 2S 1/2,7p 2P° 3/2,72705.28,50011.34,,Ba,нет,666,540,0.2,,,,,,,
Ba II,450.963,,1.2e+06,9d 2D 5/2,4f 2F° 7/2,70651.905,48483.332,,Ba,бленда,962,610,0.6,,,,,,,
Ba II,452.493,188,6.63e+07,7s 2S 1/2,6p 2P° 1/2,42355.175,20261.561,,Ba,бленда,63700,636,99.2,,Xe II 452.421 (200); Xe I 452.468 (A=4.6e+05),,,,,
Ba II,455.403,9300,1.11e+08,6p 2P° 3/2,6s 2S 1/2,21952.404,0.0,n(Ba+); ne по 455.4/493.4,Ba,да,4870,652,6.5,,,,,,,
Ba II,470.894,,8.47e+06,9d 2D 3/2,7p 2P° 1/2,70620.247,49389.822,,Ba,бленда,1736,568,2.1,,Xe II 470.892 (8hl); Xe I 470.821 (5),,,,,
Ba II,484.346,,9.34e+06,9d 2D 5/2,7p 2P° 3/2,70651.905,50011.34,,Ba,бленда,64537,878,72.5,да,Xe I 484.329 (300),,,,,
Ba II,484.714,,3.5e+06,10s 2S 1/2,7p 2P° 1/2,70014.584,49389.822,,Ba,да,3262,848,2.8,,,,,,,
Ba II,485.084,,1.55e+06,9d 2D 3/2,7p 2P° 3/2,70620.247,50011.34,,Ba,бленда,16952,864,18.6,,Xe II 485.020 (2h^*),,,,,
Ba II,489.993,273,1.04e+08,7s 2S 1/2,6p 2P° 3/2,42355.175,21952.404,,Ba,нет,682,592,0.2,,,,,,,
Ba II,493.408,6900,9.53e+07,6p 2P° 1/2,6s 2S 1/2,20261.561,0.0,n(Ba+); ne по 455.4/493.4,Ba,бленда,2492,594,3.2,,,,,,,
Ba II,495.709,10,5.1e+07,6g 2G 7/2,4f 2F° 5/2,68426.095,48258.617,,Ba,слабо,990,638,0.6,,,,,,,
Ba II,499.781,,6.4e+06,10s 2S 1/2,7p 2P° 3/2,70014.584,50011.34,,Ba,слабо,1050,590,0.8,,,,,,,
Ba II,501.295,5*,1.9e+06,6g 2G 7/2,4f 2F° 7/2,68426.095,48483.332,,Ba,бленда,2148,574,2.7,,Xe II 501.283 (50Hl),,,,,
Ba II,501.295,5*,5.2e+07,6g 2G 9/2,4f 2F° 7/2,68426.095,48483.332,,Ba,бленда,2148,574,2.7,,Xe II 501.283 (50Hl),,,,,
Ba II,536.135,,4.0e+06,6f 2F° 5/2,6d 2D 3/2,64596.33,45949.472,,Ba,бленда,1186,608,1.0,,Xe I 536.224 (15),,,,,
Ba II,539.16,,4.2e+06,6f 2F° 7/2,6d 2D 5/2,64697.08,46154.847,,Ba,нет,754,590,0.3,,Xe I 539.279 (100),,,,,
Ba II,542.105,,2.8e+05,6f 2F° 5/2,6d 2D 5/2,64596.33,46154.847,,Ba,да,2106,679,2.1,,,,,,,
Ba II,542.879,,1.9e+05,8d 2D 3/2,4f 2F° 5/2,66673.651,48258.617,,Ba,бленда,1338,772,0.7,,Xe II 542.807 (2hs^),,,,,
Ba II,548.03,,1.8e+05,8d 2D 5/2,4f 2F° 7/2,66725.591,48483.332,,Ba,слабо,968,689,0.4,,,,,,,
Ba II,578.418,,1.59e+07,8d 2D 3/2,7p 2P° 1/2,66673.651,49389.822,,Ba,нет,660,602,0.1,,Ba I 578.404 (5),,,,,
Ba II,585.367,331,6.00e+06,6p 2P° 3/2,5d 2D 3/2,21952.404,4873.852,калибровка (6p3/2),Ba,нет,720,644,0.1,,,,,,,
Ba II,598.125,,1.73e+07,8d 2D 5/2,7p 2P° 3/2,66725.591,50011.34,,Ba,да,2014,766,1.6,,,,,,,
Ba II,599.985,,2.86e+06,8d 2D 3/2,7p 2P° 3/2,66673.651,50011.34,,Ba,нет,908,756,0.2,,,,,,,
Ba II,613.583,,6.64e+06,9s 2S 1/2,7p 2P° 1/2,65683.646,49389.822,,Ba,нет,970,882,0.1,,,,,,,
Ba II,614.171,1510,4.12e+07,6p 2P° 3/2,5d 2D 5/2,21952.404,5674.807,"калибровка: тот же верхний уровень, что 455.4",Ba,бленда,1500,884,0.7,,,,,,,
Ba II,637.89,,1.18e+07,9s 2S 1/2,7p 2P° 3/2,65683.646,50011.34,,Ba,нет,1110,1016,0.1,,,,,,,
Ba II,649.69,900,3.10e+07,6p 2P° 1/2,5d 2D 3/2,20261.561,4873.852,"калибровка: тот же верхний уровень, что 493.4",Ba,бленда,2764,1227,1.3,,,,,,,
Ba II,676.948,6,9.4e+07,5g 2G 7/2,4f 2F° 5/2,63026.725,48258.617,,Ba,нет,1700,1552,0.1,,,,,,,
Ba II,687.408,7*,9.3e+07,5g 2G 7/2,4f 2F° 7/2,63026.725,48483.332,,Ba,слабо,3380,1886,0.8,,,,,,,
Ba II,687.408,7*,9.3e+07,5g 2G 9/2,4f 2F° 7/2,63026.725,48483.332,,Ba,слабо,3380,1886,0.8,,,,,,,
Xe II,300.398,40,,(3P2)4f 2[1]° 1/2,(3P1)6s 2[1] 1/2,140185.67,106906.12,,C,вне диапазона,,,,,,82,18,,,
Xe II,300.597,1-,,(3P2)7p 2[3]° 7/2,(3P2)5d 2[3] 5/2,139733.89,106475.21,,C,вне диапазона,,,,,,77,17,,,
Xe II,300.697,2,,(3P2)7p 2[1]° 3/2,(3P2)5d 2[0] 1/2,139193.8,105947.55,,C,вне диапазона,,,,,,73,16,,,
Xe II,300.903,0bl,,(3P1)6d 2[3] 5/2,(3P2)6p 2[3]° 7/2,146927.86,113705.4,,C,вне диапазона,,,,,,95,31,,,
Xe II,301.382,2h^,,(3P2)7p 2[3]° 5/2,(3P2)5d 2[3] 5/2,139645.98,106475.21,,C,вне диапазона,,,,,,76,17,,,
Xe II,301.552,20h,,(1D2)4f 2[3]° 5/2,(1D2)5d 2[1] 3/2,157221.03,124070.06,,C,вне диапазона,,,,,,,43,,,
Xe II,301.743,100h,,(1D2)4f 2[4]° 7/2,(1D2)5d 2[2] 5/2,157432.63,124301.96,,C,вне диапазона,,,,,,,45,,,
Xe II,301.978,2h,,(3P2)7p 2[1]° 1/2,(3P1)6s 2[1] 1/2,140011.58,106906.12,,C,вне диапазона,,,,,,80,18,,,
Xe II,302.21,2H,,(3P1)8s 2[1] 1/2,(3P1)6p 2[1]° 3/2,157368.5,124289.45,,C,вне диапазона,,,,,,,44,,,
Xe II,302.727,3,,(3P2)4f 2[2]° 3/2,(3P2)5d 2[3] 5/2,139498.46,106475.21,,C,вне диапазона,,,,,,74,17,,,
Xe II,302.763,2h,,(1D2)7s 2[2] 3/2,(3P2)6p 2[1]° 3/2,149802.8,116783.09,,C,вне диапазона,,,,,,110,35,,,
Xe II,303.371,10,,(3P2)4f 2[1]° 3/2,(3P0)5d 2[2] 3/2,140335.09,107381.74,,C,вне диапазона,,,,,,84,19,,,
Xe II,303.68,30h,,(1D2)4f 2[3]° 5/2,(1D2)5d 2[2] 5/2,157221.03,124301.96,,C,вне диапазона,,,,,,,45,,,
Xe II,303.735,,,(1D2)7s 2[2] 5/2,(3P2)6p 2[1]° 3/2,149697.24,116783.09,,C,вне диапазона,,,,,,108,35,,,
Xe II,304.475,10,,(1D2)6p 2[3]° 5/2,(3P2)5d 2[2] 3/2,128867.2,96033.48,,A,вне диапазона,,,,,,49,8,1.59e-15,9.9,2.0e+07
Xe II,304.525,30,,(3P2)4f 2[2]° 5/2,(3P0)5d 2[2] 3/2,140209.99,107381.74,,C,вне диапазона,,,,,,83,19,,,
Xe II,304.627,25,,(3P0)4f 2[3]° 7/2,(3P1)5d 2[3] 5/2,147569.1,114751.08,,C,вне диапазона,,,,,,99,32,,,
Xe II,304.756,0,,(3P2)4f 2[1]° 1/2,(3P0)5d 2[2] 3/2,140185.67,107381.74,,C,вне диапазона,,,,,,82,19,,,
Xe II,304.776,8H,,(3P1)8s 2[1] 3/2,(3P1)6p 2[1]° 3/2,157091.9,124289.45,,C,вне диапазона,,,,,,,44,,,
Xe II,304.783,0,,(1D2)4f 2[3]° 7/2,(1D2)5d 2[2] 5/2,157102.56,124301.96,,C,вне диапазона,,,,,,,45,,,
Xe II,304.817,5,,(3P1)8s 2[1] 1/2,(3P1)6p 2[1]° 1/2,157368.5,124571.09,,C,вне диапазона,,,,,,,46,,,
Xe II,304.85,3h^,,(3P1)6d 2[2] 5/2,(3P2)6p 2[3]° 5/2,146305.54,113512.36,,C,вне диапазона,,,,,,94,29,,,
Xe II,305.098,3,,(3P0)4f 2[3]° 5/2,(3P1)5d 2[3] 5/2,147517.71,114751.08,,C,вне диапазона,,,,,,97,32,,,
Xe II,305.55,1,,(3P2)7p 2[1]° 3/2,(3P2)5d 2[3] 5/2,139193.8,106475.21,,C,вне диапазона,,,,,,73,17,,,
Xe II,305.649,20,,(3P2)4f 2[3]° 5/2,(3P2)5d 2[3] 5/2,139182.58,106475.21,,C,вне диапазона,,,,,,72,17,,,
Xe II,306.154,12,,(3P2)7p 2[2]° 5/2,(3P2)5d 2[3] 5/2,139128.78,106475.21,,C,вне диапазона,,,,,,71,17,,,
Xe II,306.372,0,,(3P2)7p 2[1]° 1/2,(3P0)5d 2[2] 3/2,140011.58,107381.74,,C,вне диапазона,,,,,,80,19,,,
Xe II,306.66,1h,,(3P1)6d 2[2] 5/2,(3P2)6p 2[3]° 7/2,146305.54,113705.4,,C,вне диапазона,,,,,,94,31,,,
Xe II,306.73,30*,,(3P0)6d 2[2] 5/2,(3P2)6p 2[2]° 3/2,144384.9,111792.17,,C,вне диапазона,,,,,,90,25,,,
Xe II,306.73,30*,,(3P2)4f 2[2]° 3/2,(3P1)6s 2[1] 1/2,139498.46,106906.12,,C,вне диапазона,,,,,,74,18,,,
Xe II,307.317,2h,,(3P2)4f 2[3]° 7/2,(3P2)5d 2[3] 5/2,139005.27,106475.21,,C,вне диапазона,,,,,,69,17,,,
Xe II,308.262,20,,(3P2)4f 2[1]° 3/2,(3P1)5d 2[1] 3/2,140335.09,107904.5,,C,вне диапазона,,,,,,84,20,,,
Xe II,308.287,2,,(3P1)6d 2[2] 3/2,(3P2)6p 2[3]° 5/2,145940.34,113512.36,,C,вне диапазона,,,,,,93,29,,,
Xe II,308.512,1-*,,(1D2)6d 2[1] 3/2,(3P1)6p 2[0]° 1/2,153584.09,121179.8,,C,вне диапазона,,,,,,,39,,,
Xe II,308.512,1-*,,(1D2)6d 2[2] 5/2,(3P0)6p 2[1]° 3/2,154032.42,121628.82,,C,вне диапазона,,,,,,,40,,,
Xe II,308.734,1-,,(3P1)6p 2[2]° 3/2,5s 5p6 2S 1/2,123254.6,90873.83,,A,вне диапазона,,,,,,42,3,6.24e-15,9.5,1.3e+07
Xe II,309.047,1,,(3P0)6d 2[2] 3/2,(3P2)6p 2[2]° 3/2,144140.16,111792.17,,C,вне диапазона,,,,,,89,25,,,
Xe II,309.241,15,,(3P2)4f 2[1]° 3/2,(3P0)5d 2[2] 5/2,140335.09,108007.28,,C,вне диапазона,,,,,,84,21,,,
Xe II,309.453,30h,,(3P2)4f 2[2]° 5/2,(3P1)5d 2[1] 3/2,140209.99,107904.5,,C,вне диапазона,,,,,,83,20,,,
Xe II,309.69,8,,(3P2)4f 2[1]° 1/2,(3P1)5d 2[1] 3/2,140185.67,107904.5,,C,вне диапазона,,,,,,82,20,,,
Xe II,309.821,2,,(3P1)6d 2[2] 3/2,(3P2)6p 2[1]° 1/2,145940.34,113672.89,,C,вне диапазона,,,,,,93,30,,,
Xe II,309.85,1,,(3P2)7p 2[3]° 5/2,(3P0)5d 2[2] 3/2,139645.98,107381.74,,C,вне диапазона,,,,,,76,19,,,
Xe II,310.151,50h,,(1D2)4f 2[2]° 3/2,(1D2)5d 2[1] 3/2,156302.13,124070.06,,C,вне диапазона,,,,,,,43,,,
Xe II,310.44,70h,,(3P2)4f 2[2]° 5/2,(3P0)5d 2[2] 5/2,140209.99,108007.28,,C,вне диапазона,,,,,,83,21,,,
Xe II,310.654,0bl,,(3P0)6d 2[2] 3/2,(3P2)6p 2[2]° 5/2,144140.16,111958.89,,C,вне диапазона,,,,,,89,26,,,
Xe II,310.782,20Hl,,(1D2)4f 2[2]° 5/2,(1D2)5d 2[1] 3/2,156235.8,124070.06,,C,вне диапазона,,,,,,,43,,,
Xe II,311.274,20,,(3P2)4f 2[2]° 3/2,(3P0)5d 2[2] 3/2,139498.46,107381.74,,C,вне диапазона,,,,,,74,19,,,
Xe II,311.678,2h,,(3P1)6d 2[3] 7/2,(3P2)6p 2[3]° 5/2,145587.61,113512.36,,C,вне диапазона,,,,,,92,29,,,
Xe II,312.187,250,,(3P2)4f 2[4]° 7/2,(3P0)5d 2[2] 5/2,140029.99,108007.28,,C,вне диапазона,,,,,,81,21,,,
Xe II,312.402,12h,,(1D2)4f 2[2]° 3/2,(1D2)5d 2[2] 5/2,156302.13,124301.96,,C,вне диапазона,,,,,,,45,,,
Xe II,312.84,1H*,,(1D2)6d 2[3] 5/2,(3P0)6p 2[1]° 3/2,153585.71,121628.82,,C,вне диапазона,,,,,,,40,,,
Xe II,312.84,1H*,,(1D2)6d 2[1] 3/2,(3P0)6p 2[1]° 3/2,153584.09,121628.82,,C,вне диапазона,,,,,,,40,,,
Xe II,313.04,3H,,(1D2)4f 2[2]° 5/2,(1D2)5d 2[2] 5/2,156235.8,124301.96,,C,вне диапазона,,,,,,,45,,,
Xe II,314.254,0,,(3P2)7p 2[1]° 3/2,(3P0)5d 2[2] 3/2,139193.8,107381.74,,C,вне диапазона,,,,,,73,19,,,
Xe II,314.362,6,,(3P2)4f 2[3]° 5/2,(3P0)5d 2[2] 3/2,139182.58,107381.74,,C,вне диапазона,,,,,,72,19,,,
Xe II,314.502,4h,,(3P2)4f 2[2]° 5/2,(3P1)5d 2[3] 7/2,140209.99,108423.07,,C,вне диапазона,,,,,,83,22,,,
Xe II,314.899,5,,(3P2)7p 2[2]° 5/2,(3P0)5d 2[2] 3/2,139128.78,107381.74,,C,вне диапазона,,,,,,71,19,,,
Xe II,315.097,3,,(3P2)7p 2[3]° 7/2,(3P0)5d 2[2] 5/2,139733.89,108007.28,,C,вне диапазона,,,,,,77,21,,,
Xe II,315.975,4h,,(3P2)7p 2[3]° 5/2,(3P0)5d 2[2] 5/2,139645.98,108007.28,,C,вне диапазона,,,,,,76,21,,,
Xe II,316.293,25,,(3P2)4f 2[4]° 7/2,(3P1)5d 2[3] 7/2,140029.99,108423.07,,C,вне диапазона,,,,,,81,22,,,
Xe II,316.423,6,,(3P2)4f 2[2]° 3/2,(3P1)5d 2[1] 3/2,139498.46,107904.5,,C,вне диапазона,,,,,,74,20,,,
Xe II,316.527,6,,(1D2)6p 2[1]° 1/2,(3P0)6s 2[0] 1/2,132741.15,101157.48,,A,вне диапазона,,,,,,56,11,1.28e-15,10.2,2.2e+06
Xe II,316.867,3h,,(3P1)6d 2[1] 1/2,(3P2)6p 2[1]° 1/2,145222.72,113672.89,,C,вне диапазона,,,,,,91,30,,,
Xe II,317.459,1,,(3P2)4f 2[2]° 3/2,(3P0)5d 2[2] 5/2,139498.46,108007.28,,C,вне диапазона,,,,,,74,21,,,
Xe II,317.564,80,,(3P2)4f 2[5]° 9/2,(3P1)5d 2[3] 7/2,139903.63,108423.07,,C,вне диапазона,,,,,,79,22,,,
Xe II,318.139,3h,,(3P2)7p 2[2]° 3/2,(1D2)6s 2[2] 5/2,140986.89,109563.14,,C,вне диапазона,,,,,,86,23,,,
Xe II,318.435,10h,,(1D2)4f 2[1]° 3/2,(1D2)5d 2[1] 3/2,155463.41,124070.06,,C,вне диапазона,,,,,,,43,,,
Xe II,319.375,1h,,(3P1)6d 2[1] 3/2,(3P2)6p 2[1]° 3/2,148085.19,116783.09,,C,вне диапазона,,,,,,100,35,,,
Xe II,319.485,0*,,(3P1)5g 2[4] 9/2,(1D2)6p 2[3]° 7/2,161354.8,130063.96,,D,вне диапазона,,,,,,,52,,,
Xe II,319.485,0*,,(3P1)5g 2[4] 7/2,(1D2)6p 2[3]° 7/2,161354.15,130063.96,,D,вне диапазона,,,,,,,52,,,
Xe II,319.622,25,,(3P2)4f 2[3]° 5/2,(3P1)5d 2[1] 3/2,139182.58,107904.5,,C,вне диапазона,,,,,,72,20,,,
Xe II,320.168,3h,,(3P2)7p 2[2]° 5/2,(3P1)5d 2[1] 3/2,139128.78,107904.5,,C,вне диапазона,,,,,,71,20,,,
Xe II,320.204,10,,(3P1)6p 2[1]° 3/2,(3P2)6s 2[2] 5/2,124289.45,93068.44,,A,вне диапазона,,,,,,44,4,2.92e-15,9.5,6.6e+06
Xe II,320.672,1-^,,(3P2)4f 2[3]° 5/2,(3P0)5d 2[2] 5/2,139182.58,108007.28,,C,вне диапазона,,,,,,72,21,,,
Xe II,321.159,1H,,(1D2)6d 2[1] 1/2,(3P1)6p 2[2]° 3/2,154382.83,123254.6,,C,вне диапазона,,,,,,,42,,,
Xe II,321.229,5h,,(3P2)7p 2[2]° 5/2,(3P0)5d 2[2] 5/2,139128.78,108007.28,,C,вне диапазона,,,,,,71,21,,,
Xe II,322.508,15,,(3P2)4f 2[3]° 7/2,(3P0)5d 2[2] 5/2,139005.27,108007.28,,C,вне диапазона,,,,,,69,21,,,
Xe II,323.323,1,,(1D2)6d 2[2] 5/2,(3P1)6p 2[2]° 5/2,154032.42,123112.54,,C,вне диапазона,,,,,,,41,,,
Xe II,324.774,6Hl,,(3P2)8s 2[2] 3/2,(3P2)6p 2[1]° 3/2,147564.38,116783.09,,C,вне диапазона,,,,,,98,35,,,
Xe II,324.883,1-^,,(3P2)4f 2[1]° 3/2,(1D2)6s 2[2] 5/2,140335.09,109563.14,,C,вне диапазона,,,,,,84,23,,,
Xe II,324.935,1-^,,(1D2)6p 2[2]° 3/2,(3P0)6s 2[0] 1/2,131923.79,101157.48,,A,вне диапазона,,,,,,53,11,7.06e-16,10.3,7.7e+06
Xe II,325.004,2h,,(3P2)4f 2[3]° 5/2,(3P1)5d 2[3] 7/2,139182.58,108423.07,,C,вне диапазона,,,,,,72,22,,,
Xe II,325.056,25,,(3P0)6p 2[1]° 3/2,5s 5p6 2S 1/2,121628.82,90873.83,,A,вне диапазона,,,,,,40,3,3.67e-15,9.2,8.4e+06
Xe II,325.936,12,,(1D2)6p 2[2]° 5/2,(3P2)5d 2[4] 7/2,132207.76,101535.67,,A,вне диапазона,,,,,,54,12,1.16e-15,10.2,1.2e+07
Xe II,326.073,2,,(1D2)6p 2[3]° 7/2,(3P2)5d 2[4] 9/2,130063.96,99404.99,,A,вне диапазона,,,,,,52,10,2.98e-15,10.1,3.9e+07
Xe II,326.202,4h,,(3P2)4f 2[2]° 5/2,(1D2)6s 2[2] 5/2,140209.99,109563.14,,C,вне диапазона,,,,,,83,23,,,
Xe II,326.403,0,,(3P0)6d 2[2] 3/2,(3P2)6p 2[3]° 5/2,144140.16,113512.36,,C,вне диапазона,,,,,,89,29,,,
Xe II,326.734,3h,,(3P1)4f 2[3]° 7/2,(1D2)5d 2[3] 5/2,149682.65,119085.49,,C,вне диапазона,,,,,,107,36,,,
Xe II,326.808,1h^,,(3P1)7s 2[1] 3/2,(3P2)6p 2[2]° 3/2,142382.13,111792.17,,C,вне диапазона,,,,,,87,25,,,
Xe II,327.291,60,,(3P2)4f 2[4]° 9/2,(3P1)5d 2[3] 7/2,138967.87,108423.07,,C,вне диапазона,,,,,,68,22,,,
Xe II,327.48,2H^,,(3P2)8s 2[2] 5/2,(3P2)6p 2[1]° 3/2,147310.54,116783.09,,C,вне диапазона,,,,,,96,35,,,
Xe II,328.126,12h*,,(3P0)6d 2[2] 3/2,(3P2)6p 2[1]° 1/2,144140.16,113672.89,,C,вне диапазона,,,,,,89,30,,,
Xe II,328.126,12h*,,(3P2)4f 2[4]° 7/2,(1D2)6s 2[2] 5/2,140029.99,109563.14,,C,вне диапазона,,,,,,81,23,,,
Xe II,329.62,1h,,(1D2)6d 2[1] 3/2,(3P1)6p 2[2]° 3/2,153584.09,123254.6,,C,вне диапазона,,,,,,,42,,,
Xe II,329.872,6,,(3P1)6p 2[0]° 1/2,5s 5p6 2S 1/2,121179.8,90873.83,,A,вне диапазона,,,,,,39,3,3.86e-15,9.2,1.1e+07
Xe II,331.085,1h,,(3P1)4f 2[4]° 7/2,(1D2)5d 2[3] 5/2,149280.4,119085.49,,C,вне диапазона,,,,,,106,36,,,
Xe II,331.18,2,,(3P1)6p 2[2]° 3/2,(3P2)6s 2[2] 5/2,123254.6,93068.44,,A,вне диапазона,,,,,,42,4,6.24e-15,9.5,1.3e+07
Xe II,331.348,2h,,(3P2)7p 2[3]° 7/2,(1D2)6s 2[2] 5/2,139733.89,109563.14,,C,вне диапазона,,,,,,77,23,,,
Xe II,331.639,6h,,(3P1)6d 2[3] 5/2,(3P2)6p 2[1]° 3/2,146927.86,116783.09,,C,вне диапазона,,,,,,95,35,,,
Xe II,332.057,1h,,(1S0)6p 2[1]° 3/2,(1D2)5d 2[3] 5/2,149191.69,119085.49,,A,вне диапазона,,,,,,105,36,8.99e-17,11.7,5.0e+06
Xe II,332.746,15,,(3P1)6p 2[2]° 5/2,(3P2)6s 2[2] 5/2,123112.54,93068.44,,A,вне диапазона,,,,,,41,4,2.50e-15,9.4,3.0e+07
Xe II,333.88,4h,,(1D2)6p 2[1]° 1/2,(3P1)6s 2[1] 3/2,132741.15,102799.07,,A,вне диапазона,,,,,,56,13,1.28e-15,10.2,2.2e+06
Xe II,333.949,3,,(3P2)4f 2[2]° 3/2,(1D2)6s 2[2] 5/2,139498.46,109563.14,,C,вне диапазона,,,,,,74,23,,,
Xe II,334.727,3H,,(3P1)4f 2[2]° 5/2,(1D2)5d 2[3] 5/2,148951.8,119085.49,,C,вне диапазона,,,,,,104,36,,,
Xe II,335.344,1h^,,(1D2)6d 2[1] 1/2,(3P1)6p 2[1]° 1/2,154382.83,124571.09,,C,вне диапазона,,,,,,,46,,,
Xe II,336.672,300h,,(1D2)4f 2[3]° 5/2,(1D2)5d 2[2] 3/2,157221.03,127527.3,,C,вне диапазона,,,,,,,48,,,
Xe II,337.392,2h,,(3P2)7p 2[1]° 3/2,(1D2)6s 2[2] 5/2,139193.8,109563.14,,C,вне диапазона,,,,,,73,23,,,
Xe II,337.516,3h,,(3P2)4f 2[3]° 5/2,(1D2)6s 2[2] 5/2,139182.58,109563.14,,C,вне диапазона,,,,,,72,23,,,
Xe II,338.134,1h^,,(3P2)7p 2[2]° 5/2,(1D2)6s 2[2] 5/2,139128.78,109563.14,,C,вне диапазона,,,,,,71,23,,,
Xe II,338.413,40h,,(3P0)6p 2[1]° 1/2,5s 5p6 2S 1/2,120414.87,90873.83,,A,вне диапазона,,,,,,37,3,6.36e-15,9.1,4.4e+06
Xe II,338.63,2h,,(3P1)6d 2[2] 5/2,(3P2)6p 2[1]° 3/2,146305.54,116783.09,,C,вне диапазона,,,,,,94,35,,,
Xe II,338.805,2,,(3P1)6p 2[1]° 1/2,(3P2)6s 2[2] 3/2,124571.09,95064.38,,A,вне диапазона,,,,,,46,5,1.51e-15,9.6,3.4e+06
Xe II,339.55,3,,(3P2)4f 2[3]° 7/2,(1D2)6s 2[2] 5/2,139005.27,109563.14,,C,вне диапазона,,,,,,69,23,,,
Xe II,339.937,1,,(1D2)6p 2[2]° 5/2,(3P1)6s 2[1] 3/2,132207.76,102799.07,,A,вне диапазона,,,,,,54,13,1.16e-15,10.2,1.2e+07
Xe II,341.258,1H-,,(1D2)6d 2[1] 3/2,(3P1)6p 2[1]° 3/2,153584.09,124289.45,,C,вне диапазона,,,,,,,44,,,
Xe II,341.32,6H,,(3P1)4f 2[2]° 3/2,(1D2)5d 2[3] 5/2,148375.1,119085.49,,C,вне диапазона,,,,,,102,36,,,
Xe II,341.704,1-,,(3P1)7s 2[1] 1/2,(3P2)6p 2[1]° 1/2,142929.9,113672.89,,C,вне диапазона,,,,,,88,30,,,
Xe II,342.073,40,,(3P1)6p 2[1]° 3/2,(3P2)6s 2[2] 3/2,124289.45,95064.38,"Ванг, ваш список",A,вне диапазона,,,,,,44,5,2.92e-15,9.5,6.6e+06
Xe II,343.249,1,,(1D2)6p 2[2]° 3/2,(3P1)6s 2[1] 3/2,131923.79,102799.07,,A,вне диапазона,,,,,,53,13,7.06e-16,10.3,7.7e+06
Xe II,343.648,1-,,(3P0)7s 2[0] 1/2,(3P2)6p 2[2]° 3/2,140883.42,111792.17,,C,вне диапазона,,,,,,85,25,,,
Xe II,344.634,25h,,(3P2)4f 2[1]° 3/2,(3P1)5d 2[2] 3/2,140335.09,111326.96,,C,вне диапазона,,,,,,84,24,,,
Xe II,346.008,8,,(3P1)6p 2[1]° 3/2,(3P2)5d 2[2] 5/2,124289.45,95396.74,,A,вне диапазона,,,,,,44,6,2.92e-15,9.5,6.6e+06
Xe II,346.126,100h,,(3P2)4f 2[2]° 5/2,(3P1)5d 2[2] 3/2,140209.99,111326.96,,C,вне диапазона,,,,,,83,24,,,
Xe II,346.281,1-,,(3P1)7s 2[1] 3/2,(3P2)6p 2[3]° 5/2,142382.13,113512.36,,C,вне диапазона,,,,,,87,29,,,
Xe II,346.417,1h,,(3P2)4f 2[1]° 1/2,(3P1)5d 2[2] 3/2,140185.67,111326.96,,C,вне диапазона,,,,,,82,24,,,
Xe II,346.768,1-,,(3P1)4f 2[3]° 7/2,(1D2)5d 2[3] 7/2,149682.65,120853.16,,C,вне диапазона,,,,,,107,38,,,
Xe II,347.423,20h,,(1D2)4f 2[2]° 3/2,(1D2)5d 2[2] 3/2,156302.13,127527.3,,C,вне диапазона,,,,,,,48,,,
Xe II,348.221,2h,,(1D2)4f 2[2]° 5/2,(1D2)5d 2[2] 3/2,156235.8,127527.3,,C,вне диапазона,,,,,,,48,,,
Xe II,348.523,1h,,(3P2)7p 2[1]° 1/2,(3P1)5d 2[2] 3/2,140011.58,111326.96,,C,вне диапазона,,,,,,80,24,,,
Xe II,350.036,30,,(3P0)6p 2[1]° 3/2,(3P2)6s 2[2] 5/2,121628.82,93068.44,"Ванг, ваш список",A,вне диапазона,,,,,,40,4,3.67e-15,9.2,8.4e+06
Xe II,350.315,15,,(3P1)6p 2[1]° 1/2,(3P2)5d 2[2] 3/2,124571.09,96033.48,,A,вне диапазона,,,,,,46,8,1.51e-15,9.6,3.4e+06
Xe II,350.425,1,,(1D2)6p 2[3]° 7/2,(3P2)5d 2[4] 7/2,130063.96,101535.67,,A,вне диапазона,,,,,,52,12,2.98e-15,10.1,3.9e+07
Xe II,350.656,15,,(1D2)6p 2[1]° 3/2,(3P0)6s 2[0] 1/2,129667.35,101157.48,,A,вне диапазона,,,,,,51,11,3.12e-15,10.2,8.1e+06
Xe II,350.888,20,,(1D2)6p 2[1]° 1/2,(3P1)5d 2[1] 1/2,132741.15,104250.06,,A,вне диапазона,,,,,,56,14,1.28e-15,10.2,2.2e+06
Xe II,350.978,,,(3P0)4f 2[3]° 7/2,(1D2)5d 2[3] 5/2,147569.1,119085.49,,C,вне диапазона,,,,,,99,36,,,
Xe II,351.357,1,,(1D2)4f 2[1]° 3/2,(1D2)5d 2[1] 1/2,155463.41,127010.8,,C,вне диапазона,,,,,,,47,,,
Xe II,351.671,2,,(3P1)4f 2[4]° 7/2,(1D2)5d 2[3] 7/2,149280.4,120853.16,,C,вне диапазона,,,,,,106,38,,,
Xe II,352.153,2,,(3P2)5g 2[3] 5/2,(3P1)6p 2[2]° 5/2,151500.96,123112.54,,D,вне диапазона,,,,,,,41,,,
Xe II,353.021,3H,,(3P2)7p 2[3]° 5/2,(3P1)5d 2[2] 3/2,139645.98,111326.96,,C,вне диапазона,,,,,,76,24,,,
Xe II,353.461,1h^,,(3P2)7p 2[2]° 3/2,(3P1)5d 2[2] 5/2,140986.89,112703.64,,C,вне диапазона,,,,,,86,27,,,
Xe II,353.808,2,,(3P1)6p 2[1]° 3/2,(3P2)5d 2[2] 3/2,124289.45,96033.48,,A,вне диапазона,,,,,,44,8,2.92e-15,9.5,6.6e+06
Xe II,353.941,0,,(3P2)5g 2[3] 5/2,(3P1)6p 2[2]° 3/2,151500.96,123254.6,,D,вне диапазона,,,,,,,42,,,
Xe II,354.629,1h,,(3P1)6p 2[2]° 3/2,(3P2)6s 2[2] 3/2,123254.6,95064.38,,A,вне диапазона,,,,,,42,5,6.24e-15,9.5,1.3e+07
Xe II,354.869,2h,,(3P2)4f 2[2]° 3/2,(3P1)5d 2[2] 3/2,139498.46,111326.96,,C,вне диапазона,,,,,,74,24,,,
Xe II,355.788,2bl,,(3P1)4f 2[2]° 5/2,(1D2)5d 2[3] 7/2,148951.8,120853.16,,C,вне диапазона,,,,,,104,38,,,
Xe II,356.175,1-^,,(1D2)7s 2[2] 5/2,(3P0)6p 2[1]° 3/2,149697.24,121628.82,,C,вне диапазона,,,,,,108,40,,,
Xe II,356.25,1-^,,(3P2)7p 2[2]° 3/2,(1D2)6s 2[2] 3/2,140986.89,112924.84,,C,вне диапазона,,,,,,86,28,,,
Xe II,356.43,20,,(3P1)6p 2[2]° 5/2,(3P2)6s 2[2] 3/2,123112.54,95064.38,,A,вне диапазона,,,,,,41,5,2.50e-15,9.4,3.0e+07
Xe II,357.858,2,,(1D2)4f 2[1]° 3/2,(1D2)5d 2[2] 3/2,155463.41,127527.3,,C,вне диапазона,,,,,,,48,,,
Xe II,358.862,6h,,(3P1)6p 2[2]° 3/2,(3P2)5d 2[2] 5/2,123254.6,95396.74,,A,вне диапазона,,,,,,42,6,6.24e-15,9.5,1.3e+07
Xe II,358.902,2bl,,(3P2)4f 2[3]° 5/2,(3P1)5d 2[2] 3/2,139182.58,111326.96,,C,вне диапазона,,,,,,72,24,,,
Xe II,358.988,1H,,(3P2)6d 2[1] 3/2,(3P2)6p 2[2]° 3/2,139640.43,111792.17,,C,вне диапазона,,,,,,75,25,,,
Xe II,360.483,3h,,(3P1)4f 2[4]° 9/2,(1D2)5d 2[3] 7/2,148585.89,120853.16,,C,вне диапазона,,,,,,103,38,,,
Xe II,360.741,8,,(3P1)6p 2[1]° 1/2,(3P2)5d 2[1] 1/2,124571.09,96858.18,,A,вне диапазона,,,,,,46,9,1.51e-15,9.6,3.4e+06
Xe II,361.152,1h,,(3P2)6d 2[1] 3/2,(3P2)6p 2[2]° 5/2,139640.43,111958.89,,C,вне диапазона,,,,,,75,26,,,
Xe II,361.237,20,,(3P1)6p 2[2]° 5/2,(3P2)5d 2[3] 7/2,123112.54,95437.67,,A,вне диапазона,,,,,,41,7,2.50e-15,9.4,3.0e+07
Xe II,361.794,1,,(3P2)4f 2[1]° 3/2,(3P1)5d 2[2] 5/2,140335.09,112703.64,,C,вне диапазона,,,,,,84,27,,,
Xe II,362.198,3h,,(3P0)6d 2[2] 5/2,(3P2)6p 2[1]° 3/2,144384.9,116783.09,,C,вне диапазона,,,,,,90,35,,,
Xe II,363.448,1-,,(3P2)4f 2[2]° 5/2,(3P1)5d 2[2] 5/2,140209.99,112703.64,,C,вне диапазона,,,,,,83,27,,,
Xe II,364.443,5,,(3P1)6p 2[1]° 3/2,(3P2)5d 2[1] 1/2,124289.45,96858.18,,A,вне диапазона,,,,,,44,9,2.92e-15,9.5,6.6e+06
Xe II,364.491,5,,(1D2)6p 2[1]° 1/2,(3P2)5d 2[1] 3/2,132741.15,105313.33,,A,вне диапазона,,,,,,56,15,1.28e-15,10.2,2.2e+06
Xe II,364.529,3,,(3P1)8s 2[1] 3/2,(1D2)6p 2[1]° 3/2,157091.9,129667.35,,C,вне диапазона,,,,,,,51,,,
Xe II,365.444,3bl,,(3P0)6d 2[2] 3/2,(3P2)6p 2[1]° 3/2,144140.16,116783.09,,C,вне диапазона,,,,,,89,35,,,
Xe II,365.774,5,,(1D2)6p 2[3]° 5/2,(3P2)5d 2[4] 7/2,128867.2,101535.67,,A,вне диапазона,,,,,,49,12,1.59e-15,9.9,2.0e+07
Xe II,365.844,6h,,(3P2)4f 2[4]° 7/2,(3P1)5d 2[2] 5/2,140029.99,112703.64,,C,вне диапазона,,,,,,81,27,,,
Xe II,366.17,20H,,(3P2)6d 2[3] 5/2,(3P2)6p 2[2]° 3/2,139094.28,111792.17,,C,вне диапазона,,,,,,70,25,,,
Xe II,366.393,5h,,(3P2)4f 2[2]° 5/2,(1D2)6s 2[2] 3/2,140209.99,112924.84,,C,вне диапазона,,,,,,83,28,,,
Xe II,366.547,1,,(3P2)5g 2[2] 5/2,(3P1)6p 2[1]° 3/2,151564.61,124289.45,,D,вне диапазона,,,,,,,44,,,
Xe II,367.257,20,,(3P1)6p 2[2]° 3/2,(3P2)5d 2[2] 3/2,123254.6,96033.48,,A,вне диапазона,,,,,,42,8,6.24e-15,9.5,1.3e+07
Xe II,367.404,1-,,(3P0)7s 2[0] 1/2,(3P2)6p 2[1]° 1/2,140883.42,113672.89,,C,вне диапазона,,,,,,85,30,,,
Xe II,368.407,1,,(3P2)6d 2[3] 5/2,(3P2)6p 2[2]° 5/2,139094.28,111958.89,,C,вне диапазона,,,,,,70,26,,,
Xe II,369.074,1,,(3P2)7p 2[1]° 1/2,(1D2)6s 2[2] 3/2,140011.58,112924.84,,C,вне диапазона,,,,,,80,28,,,
Xe II,369.184,1h,,(3P1)6p 2[2]° 5/2,(3P2)5d 2[2] 3/2,123112.54,96033.48,,A,вне диапазона,,,,,,41,8,2.50e-15,9.4,3.0e+07
Xe II,369.849,1h,,(3P2)7p 2[3]° 7/2,(3P1)5d 2[2] 5/2,139733.89,112703.64,,C,вне диапазона,,,,,,77,27,,,
Xe II,371.164,20H,,(3P2)6d 2[0] 1/2,(3P2)6p 2[2]° 3/2,138726.59,111792.17,,C,вне диапазона,,,,,,67,25,,,
Xe II,371.569,2H,,(3P1)6d 2[1] 3/2,(3P1)6p 2[0]° 1/2,148085.19,121179.8,,C,вне диапазона,,,,,,100,39,,,
Xe II,371.72,20,,(1D2)6p 2[2]° 5/2,(3P2)5d 2[1] 3/2,132207.76,105313.33,,A,вне диапазона,,,,,,54,15,1.16e-15,10.2,1.2e+07
Xe II,372.08,40,,(1D2)6p 2[1]° 3/2,(3P1)6s 2[1] 3/2,129667.35,102799.07,,A,вне диапазона,,,,,,51,13,3.12e-15,10.2,8.1e+06
Xe II,373.1,0bl,,(3P2)4f 2[2]° 3/2,(3P1)5d 2[2] 5/2,139498.46,112703.64,,C,вне диапазона,,,,,,74,27,,,
Xe II,373.118,20,,(1D2)6p 2[1]° 1/2,(3P2)5d 2[0] 1/2,132741.15,105947.55,,A,вне диапазона,,,,,,56,16,1.28e-15,10.2,2.2e+06
Xe II,374.111,0,,(3P2)7p 2[3]° 5/2,(1D2)6s 2[2] 3/2,139645.98,112924.84,,C,вне диапазона,,,,,,76,28,,,
Xe II,374.196,2Hw,,(3P0)4f 2[3]° 7/2,(1D2)5d 2[3] 7/2,147569.1,120853.16,,C,вне диапазона,,,,,,99,38,,,
Xe II,374.546,3a,,(1D2)7s 2[2] 3/2,(3P1)6p 2[2]° 5/2,149802.8,123112.54,,C,вне диапазона,,,,,,110,41,,,
Xe II,375.687,10,,(1D2)6p 2[2]° 3/2,(3P2)5d 2[1] 3/2,131923.79,105313.33,,A,вне диапазона,,,,,,53,15,7.06e-16,10.3,7.7e+06
Xe II,376.205,3h,,(3P2)4f 2[2]° 3/2,(1D2)6s 2[2] 3/2,139498.46,112924.84,,C,вне диапазона,,,,,,74,28,,,
Xe II,376.337,15,,(3P0)6p 2[1]° 3/2,(3P2)6s 2[2] 3/2,121628.82,95064.38,,A,вне диапазона,,,,,,40,5,3.67e-15,9.2,8.4e+06
Xe II,376.566,0,,(1D2)7s 2[2] 3/2,(3P1)6p 2[2]° 3/2,149802.8,123254.6,,C,вне диапазона,,,,,,110,42,,,
Xe II,377.383,0,,(3P2)7p 2[1]° 3/2,(3P1)5d 2[2] 5/2,139193.8,112703.64,,C,вне диапазона,,,,,,73,27,,,
Xe II,377.549,1,,(3P2)4f 2[3]° 5/2,(3P1)5d 2[2] 5/2,139182.58,112703.64,,C,вне диапазона,,,,,,72,27,,,
Xe II,377.878,1-,,(3P1)6d 2[1] 3/2,(3P0)6p 2[1]° 3/2,148085.19,121628.82,,C,вне диапазона,,,,,,100,40,,,
Xe II,378.07,1H,,(1D2)7s 2[2] 5/2,(3P1)6p 2[2]° 3/2,149697.24,123254.6,,C,вне диапазона,,,,,,108,42,,,
Xe II,378.323,10h,,(3P2)7p 2[2]° 5/2,(3P1)5d 2[2] 5/2,139128.78,112703.64,,C,вне диапазона,,,,,,71,27,,,
Xe II,378.732,3,,(3P1)6p 2[2]° 3/2,(3P2)5d 2[1] 1/2,123254.6,96858.18,,A,вне диапазона,,,,,,42,9,6.24e-15,9.5,1.3e+07
Xe II,380.099,15h,,(3P2)4f 2[3]° 7/2,(3P1)5d 2[2] 5/2,139005.27,112703.64,,C,вне диапазона,,,,,,69,27,,,
Xe II,380.568,1H,,(3P2)7p 2[1]° 3/2,(1D2)6s 2[2] 3/2,139193.8,112924.84,,C,вне диапазона,,,,,,73,28,,,
Xe II,380.729,10h,,(3P2)4f 2[3]° 5/2,(1D2)6s 2[2] 3/2,139182.58,112924.84,,C,вне диапазона,,,,,,72,28,,,
Xe II,381.067,0,,(3P2)7p 2[2]° 3/2,(3P1)5d 2[3] 5/2,140986.89,114751.08,,C,вне диапазона,,,,,,86,32,,,
Xe II,381.105,40,,(3P0)6p 2[1]° 3/2,(3P2)5d 2[2] 5/2,121628.82,95396.74,,A,вне диапазона,,,,,,40,6,3.67e-15,9.2,8.4e+06
Xe II,381.516,1hw,,(3P2)7p 2[2]° 5/2,(1D2)6s 2[2] 3/2,139128.78,112924.84,,C,вне диапазона,,,,,,71,28,,,
Xe II,382.335,2,,(3P1)7s 2[1] 1/2,(3P2)6p 2[1]° 3/2,142929.9,116783.09,,C,вне диапазона,,,,,,88,35,,,
Xe II,382.627,2h,,(3P2)6d 2[1] 3/2,(3P2)6p 2[3]° 5/2,139640.43,113512.36,,C,вне диапазона,,,,,,75,29,,,
Xe II,382.977,10h,,(1S0)5d 2[2] 3/2,(3P2)6p 2[2]° 5/2,138062.59,111958.89,,B,вне диапазона,,,,,,66,26,3.15e-16,10.6,
Xe II,384.858,6,,(1D2)6p 2[2]° 3/2,(3P2)5d 2[0] 1/2,131923.79,105947.55,,A,вне диапазона,,,,,,53,16,7.06e-16,10.3,7.7e+06
Xe II,384.987,50Hl,,(3P2)6d 2[1] 3/2,(3P2)6p 2[1]° 1/2,139640.43,113672.89,,C,вне диапазона,,,,,,75,30,,,
Xe II,385.853,20,,(3P2)6p 2[1]° 3/2,5s 5p6 2S 1/2,116783.09,90873.83,,A,вне диапазона,,,,,,35,3,2.24e-14,9.1,4.0e+06
Xe II,386.963,20,,(1D2)6p 2[1]° 1/2,(3P1)6s 2[1] 1/2,132741.15,106906.12,,A,вне диапазона,,,,,,56,18,1.28e-15,10.2,2.2e+06
Xe II,388.367,1H,,(1D2)6d 2[2] 3/2,(1D2)6p 2[3]° 5/2,154608.07,128867.2,,C,вне диапазона,,,,,,,49,,,
Xe II,388.5,20,,(1D2)6p 2[2]° 5/2,(3P2)5d 2[3] 5/2,132207.76,106475.21,,A,вне диапазона,,,,,,54,17,1.16e-15,10.2,1.2e+07
Xe II,388.545,4Hl,,(3P1)4f 2[3]° 5/2,(1D2)5d 2[1] 3/2,149800.2,124070.06,,C,вне диапазона,,,,,,109,43,,,
Xe II,390.534,1,,(3P1)7s 2[1] 3/2,(3P2)6p 2[1]° 3/2,142382.13,116783.09,,C,вне диапазона,,,,,,87,35,,,
Xe II,390.585,10,,(3P0)6p 2[1]° 3/2,(3P2)5d 2[2] 3/2,121628.82,96033.48,,A,вне диапазона,,,,,,40,8,3.67e-15,9.2,8.4e+06
Xe II,390.791,100h,,(3P2)6d 2[3] 5/2,(3P2)6p 2[3]° 5/2,139094.28,113512.36,,C,вне диапазона,,,,,,70,29,,,
Xe II,391.66,1h,,(3P1)6d 2[2] 3/2,(3P0)6p 2[1]° 1/2,145940.34,120414.87,,C,вне диапазона,,,,,,93,37,,,
Xe II,392.078,1h,,(3P1)4f 2[3]° 5/2,(1D2)5d 2[2] 5/2,149800.2,124301.96,,C,вне диапазона,,,,,,109,45,,,
Xe II,392.68,1,,(3P2)4f 2[2]° 5/2,(3P1)5d 2[3] 5/2,140209.99,114751.08,,C,вне диапазона,,,,,,83,32,,,
Xe II,392.842,,,(1D2)6p 2[2]° 3/2,(3P2)5d 2[3] 5/2,131923.79,106475.21,,A,вне диапазона,,,,,,53,17,7.06e-16,10.3,7.7e+06
Xe II,393.322,1,,(1D2)6p 2[1]° 3/2,(3P1)5d 2[1] 1/2,129667.35,104250.06,,A,вне диапазона,,,,,,51,14,3.12e-15,10.2,8.1e+06
Xe II,393.766,2,,(3P2)6d 2[3] 5/2,(3P2)6p 2[3]° 7/2,139094.28,113705.4,,C,вне диапазона,,,,,,70,31,,,
Xe II,393.892,15h,,(3P1)4f 2[3]° 7/2,(1D2)5d 2[2] 5/2,149682.65,124301.96,,C,вне диапазона,,,,,,107,45,,,
Xe II,394.221,3,,(1D2)6p 2[1]° 1/2,(3P0)5d 2[2] 3/2,132741.15,107381.74,,A,вне диапазона,,,,,,56,19,1.28e-15,10.2,2.2e+06
Xe II,394.357,20,,(3P0)6p 2[1]° 1/2,(3P2)6s 2[2] 3/2,120414.87,95064.38,,A,вне диапазона,,,,,,37,5,6.36e-15,9.1,4.4e+06
Xe II,395.161,5Hl,,(3P1)6d 2[3] 5/2,(3P0)6p 2[1]° 3/2,146927.86,121628.82,,C,вне диапазона,,,,,,95,40,,,
Xe II,395.473,20hl,,(3P2)4f 2[4]° 7/2,(3P1)5d 2[3] 5/2,140029.99,114751.08,,C,вне диапазона,,,,,,81,32,,,
Xe II,396.215,0,,(1D2)7s 2[2] 3/2,(3P1)6p 2[1]° 1/2,149802.8,124571.09,,C,вне диапазона,,,,,,110,46,,,
Xe II,397.258,50Hl,,(1D2)6d 2[2] 5/2,(1D2)6p 2[3]° 5/2,154032.42,128867.2,,C,вне диапазона,,,,,,,49,,,
Xe II,397.559,4,,(3P1)6p 2[0]° 1/2,(3P2)5d 2[2] 3/2,121179.8,96033.48,,A,вне диапазона,,,,,,39,8,3.86e-15,9.2,1.1e+07
Xe II,397.898,2h,,(3P2)4f 2[4]° 7/2,(1D2)5d 2[4] 9/2,140029.99,114905.15,,C,вне диапазона,,,,,,81,33,,,
Xe II,398.041,2h,,(3P2)4f 2[4]° 7/2,(1D2)5d 2[4] 7/2,140029.99,114913.98,,C,вне диапазона,,,,,,81,34,,,
Xe II,398.121,1h,,(1D2)6d 2[3] 7/2,(1D2)6p 2[3]° 5/2,153978.37,128867.2,,C,вне диапазона,,,,,,,49,,,
Xe II,399.033,60Hl,,(3P2)6d 2[0] 1/2,(3P2)6p 2[1]° 1/2,138726.59,113672.89,,C,вне диапазона,,,,,,67,30,,,
Xe II,399.605,3,,(1D2)6p 2[2]° 3/2,(3P1)6s 2[1] 1/2,131923.79,106906.12,,A,вне диапазона,,,,,,53,18,7.06e-16,10.3,7.7e+06
Xe II,400.055,5h,,(3P2)4f 2[5]° 9/2,(1D2)5d 2[4] 7/2,139903.63,114913.98,,C,да,1758,524,2.4,,,79,34,,,
Xe II,400.235,80Hl,,(3P1)4f 2[4]° 7/2,(1D2)5d 2[2] 5/2,149280.4,124301.96,,C,да,8324,522,14.9,,,106,45,,,
Xe II,400.309,1,,(3P1)6d 2[1] 3/2,(3P1)6p 2[2]° 5/2,148085.19,123112.54,,C,бленда,4162,522,7.0,,Xe II 400.235 (80Hl),100,41,,,
Xe II,400.846,1H,,(1D2)6d 2[2] 3/2,(1D2)6p 2[1]° 3/2,154608.07,129667.35,,C,нет,590,508,0.2,,,,51,,,
Xe II,401.656,2h,,(1S0)6p 2[1]° 3/2,(1D2)5d 2[2] 5/2,149191.69,124301.96,,A,слабо,738,508,0.5,,,105,45,8.99e-17,11.7,5.0e+06
Xe II,401.786,2h,,(3P1)4f 2[2]° 5/2,(1D2)5d 2[1] 3/2,148951.8,124070.06,,C,слабо,710,508,0.4,,,104,43,,,
Xe II,402.519,30,,(1D2)6p 2[1]° 1/2,(3P1)5d 2[1] 3/2,132741.15,107904.5,,A,да,7902,508,14.6,,,56,20,1.28e-15,10.2,2.2e+06
Xe II,402.62,5Hl,,(3P1)6d 2[1] 3/2,(3P1)6p 2[2]° 3/2,148085.19,123254.6,,C,да,1254,508,1.5,,,100,42,,,
Xe II,402.682,0,,(1D2)6p 2[2]° 5/2,(3P0)5d 2[2] 3/2,132207.76,107381.74,,A,бленда,946,508,0.9,,Xe II 402.620 (5Hl); Xe III 402.682 (2),54,19,1.16e-15,10.2,1.2e+07
Xe II,402.797,3h,,(3P2)7p 2[3]° 7/2,(1D2)5d 2[4] 7/2,139733.89,114913.98,,C,нет,530,508,0.0,,Xe III 402.856 (15),77,34,,,
Xe II,402.982,1-,,(3P1)6d 2[1] 1/2,(3P0)6p 2[1]° 1/2,145222.72,120414.87,,C,нет,568,510,0.1,,Xe III 403.046 (1),91,37,,,
Xe II,403.587,1,,(3P0)6p 2[1]° 3/2,(3P2)5d 2[1] 1/2,121628.82,96858.18,,A,слабо,792,518,0.5,,,40,9,3.67e-15,9.2,8.4e+06
Xe II,403.729,100,,(3P2)6d 2[1] 1/2,(3P2)6p 2[2]° 3/2,136554.11,111792.17,,C,да,17156,522,31.9,,Xe II 403.759 (200),63,25,,,
Xe II,403.759,200,,(3P1)6d 2[2] 3/2,(3P1)6p 2[0]° 1/2,145940.34,121179.8,,C,да,17156,522,31.9,,Xe II 403.729 (100),93,39,,,
Xe II,403.969,1-,,(3P2)4f 2[2]° 3/2,(3P1)5d 2[3] 5/2,139498.46,114751.08,,C,нет,624,526,0.2,,,74,32,,,
Xe II,404.464,6H,,(1D2)6d 2[1] 3/2,(1D2)6p 2[3]° 5/2,153584.09,128867.2,,C,да,1958,532,2.7,,Xe II 404.490 (8H),,49,,,
Xe II,404.49,8H,,(1D2)6d 2[1] 1/2,(1D2)6p 2[1]° 3/2,154382.83,129667.35,,C,да,1958,532,2.7,,Xe II 404.464 (6H),,51,,,
Xe II,405.127,10h,,(3P1)6d 2[2] 5/2,(3P0)6p 2[1]° 3/2,146305.54,121628.82,,C,да,1716,540,2.2,,,94,40,,,
Xe II,405.746,200H,,(3P2)6d 2[4] 7/2,(3P2)6p 2[2]° 5/2,136597.81,111958.89,,C,да,44512,540,81.4,,,65,26,,,
Xe II,406.212,6,,(1S0)5d 2[2] 5/2,(3P2)6p 2[2]° 5/2,136569.63,111958.89,,B,да,2394,536,3.5,,,64,26,8.36e-16,10.7,
Xe II,406.653,,,(1D2)4f 2[3]° 7/2,(3P2)7s 2[2] 5/2,157102.56,132518.82,,C,нет,598,546,0.1,,,,55,,,
Xe II,407.21,6h,,(1S0)5d 2[2] 3/2,(3P2)6p 2[3]° 5/2,138062.59,113512.36,,B,да,1356,548,1.5,,,66,29,3.15e-16,10.6,
Xe II,407.35,15,,(1D2)6p 2[2]° 3/2,(3P0)5d 2[2] 3/2,131923.79,107381.74,,A,да,3238,548,4.9,,,53,19,7.06e-16,10.3,7.7e+06
Xe II,409.188,3h,,(3P2)4f 2[3]° 5/2,(3P1)5d 2[3] 5/2,139182.58,114751.08,,C,слабо,1060,532,1.0,,,72,32,,,
Xe II,409.889,100h,,(1S0)5d 2[2] 3/2,(3P2)6p 2[1]° 1/2,138062.59,113672.89,,B,да,8990,536,15.8,,,66,30,3.15e-16,10.6,
Xe II,410.034,20,,(3P0)6p 2[1]° 1/2,(3P2)5d 2[2] 3/2,120414.87,96033.48,,A,да,7658,534,13.3,,,37,8,6.36e-15,9.1,4.4e+06
Xe II,410.097,1h,,(3P2)7p 2[2]° 5/2,(3P1)5d 2[3] 5/2,139128.78,114751.08,,C,бленда,7658,534,13.3,,Xe II 410.034 (20),71,32,,,
Xe II,410.31,8hl,,(1D2)6d 2[2] 5/2,(1D2)6p 2[1]° 3/2,154032.42,129667.35,,C,да,1324,534,1.5,,,,51,,,
Xe II,410.495,40,,(1D2)6p 2[1]° 3/2,(3P2)5d 2[1] 3/2,129667.35,105313.33,,A,да,9942,534,17.6,,,51,15,3.12e-15,10.2,8.1e+06
Xe II,411.041,30,,(3P1)6p 2[0]° 1/2,(3P2)5d 2[1] 1/2,121179.8,96858.18,,A,да,9504,528,17.0,,,39,9,3.86e-15,9.2,1.1e+07
Xe II,411.214,30Hl,,(3P1)6d 2[2] 3/2,(3P0)6p 2[1]° 3/2,145940.34,121628.82,,C,да,4168,528,6.9,,,93,40,,,
Xe II,411.242,0,,(3P2)8s 2[2] 3/2,(3P1)6p 2[2]° 3/2,147564.38,123254.6,,C,бленда,4168,528,6.9,,Xe II 411.214 (30Hl); Xe III 411.234 (1-),98,42,,,
Xe II,411.326,2,,(3P1)4f 2[2]° 3/2,(1D2)5d 2[1] 3/2,148375.1,124070.06,,C,да,1062,526,1.0,,Xe II 411.352 (2),102,43,,,
Xe II,411.352,2,,(1D2)6p 2[2]° 5/2,(3P1)5d 2[1] 3/2,132207.76,107904.5,,A,да,1062,526,1.0,,Xe II 411.326 (2),54,20,1.16e-15,10.2,1.2e+07
Xe II,412.186,5h,,(3P2)4f 2[3]° 7/2,(3P1)5d 2[3] 5/2,139005.27,114751.08,,C,да,1092,504,1.2,,,69,32,,,
Xe II,413.101,20,,(1D2)6p 2[2]° 5/2,(3P0)5d 2[2] 5/2,132207.76,108007.28,,A,да,4140,482,7.6,,Ba II 413.065 (910),54,21,1.16e-15,10.2,1.2e+07
Xe II,413.124,0,,(3P2)8s 2[2] 5/2,(3P1)6p 2[2]° 5/2,147310.54,123112.54,,C,бленда,4140,482,7.6,,Ba II 413.065 (910); Xe II 413.101 (20),96,41,,,
Xe II,413.881,3h,,(1S0)6p 2[1]° 1/2,(1D2)5d 2[1] 3/2,148224.69,124070.06,,A,слабо,780,470,0.7,,,101,43,1.29e-16,11.5,1.6e+07
Xe II,414.819,2h*,,(3P0)7s 2[0] 1/2,(3P2)6p 2[1]° 3/2,140883.42,116783.09,,C,нет,606,470,0.3,,,85,35,,,
Xe II,414.819,2h*,,(3P2)4f 2[3]° 7/2,(1D2)5d 2[4] 9/2,139005.27,114905.15,,C,нет,606,470,0.3,,,69,33,,,
Xe II,415.274,1,,(3P1)4f 2[2]° 3/2,(1D2)5d 2[2] 5/2,148375.1,124301.96,,C,нет,492,470,0.0,,Xe III 415.204 (8a); Xe III 415.274 (4bl),102,45,,,
Xe II,415.465,2,,(3P2)4f 2[4]° 9/2,(1D2)5d 2[4] 9/2,138967.87,114905.15,,C,нет,544,469,0.2,,Xe III 415.466 (5bl),68,33,,,
Xe II,415.617,2h,,(3P2)4f 2[4]° 9/2,(1D2)5d 2[4] 7/2,138967.87,114913.98,,C,слабо,824,469,0.8,,,68,34,,,
Xe II,415.804,200H,,(3P1)6d 2[1] 1/2,(3P1)6p 2[0]° 1/2,145222.72,121179.8,,C,да,12468,470,25.5,,,91,39,,,
Xe II,416.216,60,,(1D2)6p 2[2]° 3/2,(3P1)5d 2[1] 3/2,131923.79,107904.5,,A,да,11616,470,23.7,,,53,20,7.06e-16,10.3,7.7e+06
Xe II,417.099,8Hl,,(1D2)6d 2[2] 5/2,(1D2)6p 2[3]° 7/2,154032.42,130063.96,,C,слабо,958,482,1.0,,,,52,,,
Xe II,418.01,1000*,,(1D2)6d 2[1] 3/2,(1D2)6p 2[1]° 3/2,153584.09,129667.35,,C,да,64529,482,132.9,да,,,51,,,
Xe II,418.01,1000*,,(3P2)6d 2[2] 3/2,(3P2)6p 2[2]° 3/2,135708.32,111792.17,,C,да,64529,482,132.9,да,,61,25,,,
Xe II,418.029,1,,(1D2)6d 2[3] 7/2,(1D2)6p 2[3]° 7/2,153978.37,130063.96,,C,бленда,64529,482,132.9,да,Xe II 418.010 (1000*),,52,,,
Xe II,419.315,500h,,(1D2)6d 2[4] 7/2,(1D2)6p 2[3]° 5/2,152708.92,128867.2,,C,да,27038,512,51.8,,Xe I 419.353 (150),,49,,,
Xe II,419.781,10H,,(3P1)6d 2[3] 5/2,(3P1)6p 2[2]° 5/2,146927.86,123112.54,,C,да,1624,512,2.2,,,95,41,,,
Xe II,420.125,15H,,(3P1)6d 2[1] 3/2,(3P1)6p 2[1]° 3/2,148085.19,124289.45,,C,да,1498,512,1.9,,,100,44,,,
Xe II,420.322,5,,(1D2)6p 2[2]° 5/2,(3P1)5d 2[3] 7/2,132207.76,108423.07,,A,да,3462,516,5.7,,Xe III 420.389 (13); Xe I 420.370 (A=1.1e+05),54,22,1.16e-15,10.2,1.2e+07
Xe II,420.848,400h,,(3P2)6d 2[2] 5/2,(3P2)6p 2[2]° 3/2,135547.13,111792.17,,C,да,58998,550,106.3,,,60,25,,,
Xe II,420.947,200h,,(3P2)6d 2[2] 3/2,(3P2)6p 2[2]° 5/2,135708.32,111958.89,,C,да,30738,540,55.9,,,61,26,,,
Xe II,421.372,400h,,(3P0)6d 2[2] 3/2,(3P0)6p 2[1]° 1/2,144140.16,120414.87,,C,да,25170,518,47.6,,,89,37,,,
Xe II,421.469,6,,(1D2)6p 2[1]° 3/2,(3P2)5d 2[0] 1/2,129667.35,105947.55,,A,да,10378,510,19.3,,,51,16,3.12e-15,10.2,8.1e+06
Xe II,421.53,0,,(1D2)4f 2[2]° 5/2,(3P2)7s 2[2] 5/2,156235.8,132518.82,,C,бленда,64531,502,127.5,да,Xe II 421.560 (200); Ba II 421.604 (A=5.09e+06),,55,,,
Xe II,421.56,200,,(3P2)6p 2[1]° 3/2,(3P2)6s 2[2] 5/2,116783.09,93068.44,,A,да,64531,502,127.5,да,Ba II 421.604 (A=5.09e+06),35,4,2.24e-14,9.1,4.0e+06
Xe II,422.3,400h,,(3P1)6d 2[3] 5/2,(3P1)6p 2[2]° 3/2,146927.86,123254.6,,C,да,14246,476,28.9,,,95,42,,,
Xe II,423.72,,,(3P1)6d 2[1] 1/2,(3P0)6p 2[1]° 3/2,145222.72,121628.82,,C,бленда,1404,476,1.9,,Xe II 423.825 (500h); Xe II 423.796 (3bl),91,40,,,
Xe II,423.796,3bl,,(1D2)6p 2[3]° 7/2,(3P2)5d 2[3] 5/2,130063.96,106475.21,,A,бленда,64535,476,134.6,да,Xe II 423.825 (500h),52,17,2.98e-15,10.1,3.9e+07
Xe II,423.825,500h,,(3P2)6d 2[2] 5/2,(3P2)6p 2[2]° 5/2,135547.13,111958.89,,C,да,64535,476,134.6,да,,60,26,,,
Xe II,424.388,10,,(3P0)6p 2[1]° 1/2,(3P2)5d 2[1] 1/2,120414.87,96858.18,,A,бленда,48630,532,90.4,,Xe II 424.441 (30),37,9,6.36e-15,9.1,4.4e+06
Xe II,424.441,30,,(1D2)6p 2[3]° 5/2,(3P2)5d 2[1] 3/2,128867.2,105313.33,,A,да,48630,532,90.4,,Xe II 424.388 (10),49,15,1.59e-15,9.9,2.0e+07
Xe II,424.538,500h,,(3P2)6d 2[3] 7/2,(3P2)6p 2[2]° 5/2,135507.32,111958.89,,C,да,23976,532,44.1,,,59,26,,,
Xe II,425.016,,,(1D2)6d 2[3] 5/2,(1D2)6p 2[3]° 7/2,153585.71,130063.96,,C,да,9326,532,16.5,,,,52,,,
Xe II,425.157,100H,,(3P1)6d 2[1] 3/2,(3P1)6p 2[1]° 1/2,148085.19,124571.09,,C,да,1140,530,1.2,,,100,46,,,
Xe II,426.357,10h^,,(3P0)4f 2[3]° 5/2,(1D2)5d 2[1] 3/2,147517.71,124070.06,,C,да,1492,470,2.2,,Xe III 426.340 (12),97,43,,,
Xe II,426.984,40,,(3P1)6p 2[1]° 1/2,(3P0)6s 2[0] 1/2,124571.09,101157.48,,A,да,5004,456,10.0,,,46,11,1.51e-15,9.6,3.4e+06
Xe II,429.517,1a,,(3P2)8s 2[2] 3/2,(3P1)6p 2[1]° 3/2,147564.38,124289.45,,C,да,15260,456,32.5,,,98,44,,,
Xe II,429.64,500h,,(1D2)5d 2[0] 1/2,(3P2)6p 2[2]° 3/2,135060.97,111792.17,,B,да,10922,456,23.0,,,58,25,2.63e-15,10.7,
Xe II,429.675,2,,(3P0)4f 2[3]° 7/2,(1D2)5d 2[2] 5/2,147569.1,124301.96,,C,бленда,2204,456,3.8,,Xe II 429.640 (500h),99,45,,,
Xe II,430.621,1h,,(3P0)4f 2[3]° 5/2,(1D2)5d 2[2] 5/2,147517.71,124301.96,,C,слабо,764,472,0.6,,Ba I 430.518 (6); Xe III 430.583 (1a),97,45,,,
Xe II,431.051,500h,,(3P1)6d 2[2] 5/2,(3P1)6p 2[2]° 5/2,146305.54,123112.54,,C,да,7138,476,14.0,,,94,41,,,
Xe II,432.182,40,,(3P1)6p 2[1]° 3/2,(3P0)6s 2[0] 1/2,124289.45,101157.48,,A,да,10658,484,21.0,,,44,11,2.92e-15,9.5,6.6e+06
Xe II,433.052,1000,1.4e+08,(3P2)6d 2[4] 7/2,(3P2)6p 2[3]° 5/2,136597.81,113512.36,,C,да,64529,498,128.6,да,Ba II 432.962 (A=9.39e+05),65,29,,,
Xe II,433.581,10,,(1S0)5d 2[2] 5/2,(3P2)6p 2[3]° 5/2,136569.63,113512.36,,B,да,4126,494,7.4,,,64,29,8.36e-16,10.7,
Xe II,433.707,30Hl,,(3P1)6d 2[2] 5/2,(3P1)6p 2[2]° 3/2,146305.54,123254.6,,C,да,2516,494,4.1,,,94,42,,,
Xe II,434.256,6Hl,,(3P2)8s 2[2] 5/2,(3P1)6p 2[1]° 3/2,147310.54,124289.45,,C,слабо,834,494,0.7,,,96,44,,,
Xe II,435.728,0,,(1D2)4f 2[1]° 3/2,(3P2)7s 2[2] 5/2,155463.41,132518.82,,C,нет,516,484,0.1,,Xe III 435.763 (3),,55,,,
Xe II,436.705,30H,,(3P2)6d 2[4] 7/2,(3P2)6p 2[3]° 7/2,136597.81,113705.4,,C,да,4222,500,7.4,,,65,31,,,
Xe II,436.92,200H,,(3P2)6d 2[1] 1/2,(3P2)6p 2[1]° 1/2,136554.11,113672.89,,C,да,14254,502,27.4,,,63,30,,,
Xe II,437.246,2h,,(1S0)5d 2[2] 5/2,(3P2)6p 2[3]° 7/2,136569.63,113705.4,,B,да,3498,508,5.9,,Xe III 437.306 (3),64,31,8.36e-16,10.7,
Xe II,437.378,100H,,(3P2)6d 2[1] 3/2,(3P2)6p 2[1]° 3/2,139640.43,116783.09,,C,да,7592,508,13.9,,,75,35,,,
Xe II,437.944,10Hl,,(3P1)6d 2[2] 3/2,(3P1)6p 2[2]° 5/2,145940.34,123112.54,,C,да,1122,526,1.1,,,93,41,,,
Xe II,438.493,60,,(3P2)6p 2[1]° 1/2,5s 5p6 2S 1/2,113672.89,90873.83,,A,да,24982,532,46.0,,Xe I 438.391 (100),30,3,3.31e-14,8.6,6.9e+06
Xe II,439.209,0,,(1D2)6p 2[1]° 3/2,(3P1)6s 2[1] 1/2,129667.35,106906.12,,A,бленда,44394,524,83.7,,Xe II 439.320 (500H),51,18,3.12e-15,10.2,8.1e+06
Xe II,439.32,500H,,(3P0)6d 2[2] 5/2,(3P0)6p 2[1]° 3/2,144384.9,121628.82,,C,да,44394,524,83.7,,,90,40,,,
Xe II,439.577,500H,,(1D2)6d 2[4] 9/2,(1D2)6p 2[3]° 7/2,152806.73,130063.96,,C,да,34284,518,65.2,,,,52,,,
Xe II,440.454,1,,(3P2)5g 2[2] 5/2,(1D2)6p 2[3]° 5/2,151564.61,128867.2,,D,нет,520,536,-0.0,,,,49,,,
Xe II,440.688,200H,,(3P1)6d 2[2] 3/2,(3P1)6p 2[2]° 3/2,145940.34,123254.6,,C,да,6534,540,11.1,,Ba I 440.683 (29),93,42,,,
Xe II,441.484,300*,,(1D2)6d 2[4] 7/2,(1D2)6p 2[3]° 7/2,152708.92,130063.96,,C,да,64529,512,125.0,да,,,52,,,
Xe II,441.484,300*,1.0e+08,(1D2)6p 2[2]° 5/2,(1D2)6s 2[2] 5/2,132207.76,109563.14,,A,да,64529,512,125.0,да,,54,23,1.16e-15,10.2,1.2e+07
Xe II,441.607,150H,,(3P1)6d 2[3] 5/2,(3P1)6p 2[1]° 3/2,146927.86,124289.45,,C,да,6738,508,12.3,,,95,44,,,
Xe II,442.752,2h,,(3P2)5g 2[4] 7/2,(1D2)6p 2[3]° 5/2,151446.61,128867.2,,D,слабо,816,504,0.6,,,,49,,,
Xe II,444.095,50H,,(3P0)6d 2[2] 3/2,(3P0)6p 2[1]° 3/2,144140.16,121628.82,,C,да,2124,505,3.2,,,89,40,,,
Xe II,444.813,500H,,(3P1)6d 2[3] 7/2,(3P1)6p 2[2]° 5/2,145587.61,123112.54,,C,да,37064,518,70.6,,,92,41,,,
Xe II,445.132,1H,,(1D2)6d 2[1] 1/2,(1D2)6p 2[2]° 3/2,154382.83,131923.79,,C,слабо,786,534,0.5,,,,53,,,
Xe II,446.219,1000,,(3P2)6d 2[4] 9/2,(3P2)6p 2[3]° 7/2,136109.65,113705.4,,C,да,64529,542,118.1,да,,62,31,,,
Xe II,446.46,1^,,(1D2)6p 2[3]° 5/2,(3P2)5d 2[3] 5/2,128867.2,106475.21,,A,да,1378,536,1.6,,,49,17,1.59e-15,9.9,2.0e+07
Xe II,446.577,,,(3P1)5g 2[4] 9/2,(3P2)4f 2[4]° 9/2,161354.8,138967.87,,D,да,1378,536,1.6,,Xe II 446.460 (1^),,68,,,
Xe II,447.09,30,,(1D2)6p 2[2]° 3/2,(1D2)6s 2[2] 5/2,131923.79,109563.14,,A,да,6742,540,11.5,,,53,23,7.06e-16,10.3,7.7e+06
Xe II,448.086,500H,,(3P2)6d 2[3] 5/2,(3P2)6p 2[1]° 3/2,139094.28,116783.09,,C,да,5084,586,7.7,,,70,35,,,
Xe II,448.595,20,,(1D2)6p 2[1]° 3/2,(3P0)5d 2[2] 3/2,129667.35,107381.74,,A,да,4030,586,5.9,,,51,19,3.12e-15,10.2,8.1e+06
Xe II,448.86,4H,,(3P1)4f 2[3]° 5/2,(1D2)5d 2[2] 3/2,149800.2,127527.3,,C,да,1536,596,1.6,,,109,48,,,
Xe II,448.897,0,,(3P1)5g 2[3] 7/2,(3P2)4f 2[4]° 9/2,161238.22,138967.87,,D,бленда,792,596,0.3,,Ba I 448.898 (234); Xe II 448.860 (4H); Xe III 448.890 (4a),,68,,,
Xe II,450.711,5h,,(1S0)6p 2[1]° 3/2,(1D2)5d 2[1] 1/2,149191.69,127010.8,,A,да,2064,606,2.4,,,105,47,8.99e-17,11.7,5.0e+06
Xe II,450.897,0a,,(3P1)5g 2[4] 7/2,(3P2)4f 2[3]° 5/2,161354.15,139182.58,,D,слабо,962,610,0.6,,Ba II 450.963 (A=1.2e+06),,72,,,
Xe II,452.186,100h,,(1D2)6d 2[2] 5/2,(1D2)6p 2[2]° 3/2,154032.42,131923.79,,C,да,4284,636,5.7,,,,53,,,
Xe II,452.421,200,,(3P1)6p 2[2]° 3/2,(3P0)6s 2[0] 1/2,123254.6,101157.48,запрошена,A,да,64531,636,100.5,да,Ba I 452.317 (327),42,11,6.24e-15,9.5,1.3e+07
Xe II,453.249,200,,(1D2)6p 2[3]° 7/2,(3P0)5d 2[2] 5/2,130063.96,108007.28,,A,да,64529,700,91.1,да,,52,21,2.98e-15,10.1,3.9e+07
Xe II,453.509,1h,,(3P1)5g 2[3] 5/2,(3P2)7p 2[1]° 3/2,161238.07,139193.8,,D,слабо,1002,700,0.4,,,,73,,,
Xe II,453.692,80H*,,(3P2)6d 2[2] 3/2,(3P2)6p 2[1]° 1/2,135708.32,113672.89,,C,да,9734,708,12.7,,,61,30,,,
Xe II,453.692,80H*,,(3P2)6d 2[2] 5/2,(3P2)6p 2[3]° 5/2,135547.13,113512.36,,C,да,9734,708,12.7,,,60,29,,,
Xe II,454.089,400h,,(3P1)6d 2[2] 5/2,(3P1)6p 2[1]° 3/2,146305.54,124289.45,,C,да,26152,696,36.5,,,94,44,,,
Xe II,454.523,400H,,(3P2)6d 2[3] 7/2,(3P2)6p 2[3]° 5/2,135507.32,113512.36,,C,да,50648,668,74.8,,,59,29,,,
Xe II,455.079,10H,,(3P1)6d 2[1] 1/2,(3P1)6p 2[2]° 3/2,145222.72,123254.6,,C,да,1868,649,1.9,,,91,42,,,
Xe II,455.091,2bl,,(3P1)7s 2[1] 3/2,(3P0)6p 2[1]° 1/2,142382.13,120414.87,,C,бленда,1868,649,1.9,,Xe II 455.079 (10H),87,37,,,
Xe II,455.594,200H,,(3P2)6d 2[0] 1/2,(3P2)6p 2[1]° 3/2,138726.59,116783.09,,C,да,7186,652,10.0,,,67,35,,,
Xe II,456.3,2H,,(1D2)4f 2[4]° 9/2,(3P2)6d 2[3] 7/2,157416.58,135507.32,,C,нет,736,654,0.1,,,,59,,,
Xe II,456.791,,,(1D2)4f 2[4]° 7/2,(3P2)6d 2[2] 5/2,157432.63,135547.13,,C,слабо,896,666,0.3,,,,60,,,
Xe II,457.185,30Hd,,(1D2)6d 2[2] 3/2,(1D2)6p 2[1]° 1/2,154608.07,132741.15,,C,да,11862,696,16.0,,,,56,,,
Xe II,457.706,200H,,(3P2)6d 2[2] 5/2,(3P2)6p 2[3]° 7/2,135547.13,113705.4,,C,да,18362,753,23.4,,,60,31,,,
Xe II,458.07,80Hl,,(1D2)6d 2[2] 5/2,(1D2)6p 2[2]° 5/2,154032.42,132207.76,,C,да,2522,810,2.1,,Ba I 457.964 (580),,54,,,
Xe II,458.548,500H,,(3P2)6d 2[3] 7/2,(3P2)6p 2[3]° 7/2,135507.32,113705.4,,C,да,64527,788,80.9,да,,59,31,,,
Xe II,459.18,1,,(3P1)6p 2[1]° 1/2,(3P1)6s 2[1] 3/2,124571.09,102799.07,,A,бленда,17068,874,18.5,,Xe II 459.205 (300H); Ba I 459.182 (28),46,13,1.51e-15,9.6,3.4e+06
Xe II,459.205,300H,,(1D2)6d 2[3] 7/2,(1D2)6p 2[2]° 5/2,153978.37,132207.76,,C,да,17068,874,18.5,,Ba I 459.182 (28),,54,,,
Xe II,459.37,6,,(1D2)6p 2[1]° 3/2,(3P1)5d 2[1] 3/2,129667.35,107904.5,,A,да,3754,906,3.1,,Xe III 459.298 (2h),51,20,3.12e-15,10.2,8.1e+06
Xe II,459.63,1,,(3P1)7s 2[1] 1/2,(3P1)6p 2[0]° 1/2,142929.9,121179.8,,C,нет,872,982,-0.1,,,88,39,,,
Xe II,460.303,600h,8.2e+07,(3P2)6p 2[1]° 3/2,(3P2)6s 2[2] 3/2,116783.09,95064.38,,A,да,64535,930,68.4,да,,35,5,2.24e-14,9.1,4.0e+06
Xe II,461.506,100h,,(1D2)6d 2[3] 5/2,(1D2)6p 2[2]° 3/2,153585.71,131923.79,,C,да,29174,938,30.1,,Xe II 461.550 (200*),,53,,,
Xe II,461.55,200*,,(1D2)6d 2[1] 3/2,(1D2)6p 2[2]° 3/2,153584.09,131923.79,,C,да,29174,938,30.1,,Xe II 461.506 (100h),,53,,,
Xe II,461.55,200*,,(1D2)6p 2[1]° 3/2,(3P0)5d 2[2] 5/2,129667.35,108007.28,,A,да,29174,938,30.1,,Xe II 461.506 (100h),51,21,3.12e-15,10.2,8.1e+06
Xe II,461.75,90hl,,(3P1)6d 2[2] 3/2,(3P1)6p 2[1]° 3/2,145940.34,124289.45,,C,да,4790,914,4.2,,,93,44,,,
Xe II,461.957,1*,,(1D2)6d 2[1] 1/2,(1D2)6p 2[1]° 1/2,154382.83,132741.15,,C,слабо,1280,912,0.4,,,,56,,,
Xe II,461.957,1*,,(1D2)6p 2[3]° 7/2,(3P1)5d 2[3] 7/2,130063.96,108423.07,,A,слабо,1280,912,0.4,,,52,22,2.98e-15,10.1,3.9e+07
Xe II,462.999,5*,,(3P1)5g 2[3] 7/2,(3P2)7p 2[3]° 5/2,161238.22,139645.98,,D,слабо,1270,674,0.9,,,,76,,,
Xe II,462.999,5*,,(3P1)5g 2[3] 5/2,(3P2)7p 2[3]° 5/2,161238.07,139645.98,,D,слабо,1270,674,0.9,,,,76,,,
Xe II,463.33,50,,(3P1)6p 2[2]° 5/2,(3P2)5d 2[4] 7/2,123112.54,101535.67,,A,да,20778,636,31.7,,,41,12,2.50e-15,9.4,3.0e+07
Xe II,465.194,200,,(3P1)6p 2[1]° 3/2,(3P1)6s 2[1] 3/2,124289.45,102799.07,,A,да,64531,604,105.8,да,,44,13,2.92e-15,9.5,6.6e+06
Xe II,465.3,40,,(1D2)6p 2[3]° 5/2,(3P0)5d 2[2] 3/2,128867.2,107381.74,,A,да,9406,604,14.6,,,49,19,1.59e-15,9.9,2.0e+07
Xe II,465.533,,,(3P1)5g 2[5] 11/2,(3P2)4f 2[5]° 11/2,161257.45,139782.0,,D,нет,706,604,0.2,,,,78,,,
Xe II,466.628,40Hl,,(3P1)4f 2[2]° 5/2,(1D2)5d 2[2] 3/2,148951.8,127527.3,,C,да,2526,649,2.9,,,104,48,,,
Xe II,466.849,100,,(1D2)6p 2[1]° 1/2,(3P1)5d 2[2] 3/2,132741.15,111326.96,ne (56 vs 52),A,да,21206,631,32.6,,,56,24,1.28e-15,10.2,2.2e+06
Xe II,467.22,100H,,(3P2)7s 2[2] 3/2,(3P2)6p 2[2]° 3/2,133189.42,111792.17,,C,да,12496,608,19.6,,Xe I 467.123 (A=2.49e+06),57,25,,,
Xe II,467.394,1w,,(3P2)5g 2[4] 9/2,(1D2)6p 2[3]° 7/2,151452.61,130063.96,,D,бленда,25070,602,40.6,,Xe II 467.456 (40); Xe III 467.367 (18a),,52,,,
Xe II,467.456,40,,(3P2)6p 2[1]° 3/2,(3P2)5d 2[2] 5/2,116783.09,95396.74,,A,да,25070,602,40.6,,Xe III 467.367 (18a),35,6,2.24e-14,9.1,4.0e+06
Xe II,467.542,3,,(3P2)5g 2[4] 7/2,(1D2)6p 2[3]° 7/2,151446.61,130063.96,,D,бленда,6800,613,10.1,,Xe II 467.646 (200H),,52,,,
Xe II,467.646,200H,,(1D2)6d 2[3] 5/2,(1D2)6p 2[2]° 5/2,153585.71,132207.76,,C,да,6800,613,10.1,,,,54,,,
Xe II,467.675,2,,(1D2)6d 2[1] 3/2,(1D2)6p 2[2]° 5/2,153584.09,132207.76,,C,бленда,3138,615,4.1,,Xe II 467.646 (200H),,54,,,
Xe II,467.831,2h,,(3P1)6d 2[2] 3/2,(3P1)6p 2[1]° 1/2,145940.34,124571.09,,C,да,1526,626,1.4,,,93,46,,,
Xe II,467.945,3hl,,(3P1)4f 2[2]° 3/2,(1D2)5d 2[1] 1/2,148375.1,127010.8,,C,слабо,1172,645,0.8,,,102,47,,,
Xe II,468.165,1w,,(3P1)5g 2[5] 11/2,(3P2)4f 2[5]° 9/2,161257.45,139903.63,,D,нет,678,658,0.0,,Xe III 468.073 (1h),,79,,,
Xe II,468.586,0,,(3P1)5g 2[3] 7/2,(3P2)4f 2[5]° 9/2,161238.22,139903.63,,D,нет,614,658,-0.1,,,,79,,,
Xe II,468.82,,,(3P1)5g 2[4] 7/2,(3P2)4f 2[4]° 7/2,161354.15,140029.99,,D,да,17410,658,25.5,,,,81,,,
Xe II,469.205,1bl,,(1D2)4f 2[4]° 9/2,(3P2)6d 2[4] 9/2,157416.58,136109.65,,C,нет,774,626,0.2,,,,62,,,
Xe II,469.334,15hl,,(3P1)7s 2[1] 1/2,(3P0)6p 2[1]° 3/2,142929.9,121628.82,,C,да,1472,626,1.4,,,88,40,,,
Xe II,469.801,300h,,(1S0)5d 2[2] 3/2,(3P2)6p 2[1]° 3/2,138062.59,116783.09,,B,да,16110,594,26.1,,Xe I 469.702 (A=7.36e+05),66,35,3.15e-16,10.6,
Xe II,469.962,3Hl,,(3P0)6d 2[2] 5/2,(3P1)6p 2[2]° 5/2,144384.9,123112.54,,C,да,1372,608,1.3,,Ba I 469.909 (24),90,41,,,
Xe II,470.467,10Hl,,(3P2)4f 2[1]° 3/2,(1D2)5d 2[3] 5/2,140335.09,119085.49,,C,слабо,1146,586,1.0,,,84,36,,,
Xe II,470.892,8hl,,(3P2)7s 2[2] 3/2,(3P2)6p 2[2]° 5/2,133189.42,111958.89,,C,да,1786,568,2.1,,Xe I 470.821 (5),57,26,,,
Xe II,471.263,40,,(1S0)6p 2[1]° 1/2,(1D2)5d 2[1] 1/2,148224.69,127010.8,Te: (1S0)6p,A,да,3132,564,4.6,,Xe III 471.258 (20bl),101,47,1.29e-16,11.5,1.6e+07
Xe II,471.376,0*,,(3P1)5g 2[3] 7/2,(3P2)4f 2[4]° 7/2,161238.22,140029.99,,D,бленда,3008,564,4.3,,Xe II 471.263 (40); Xe III 471.258 (20bl),,81,,,
Xe II,471.376,0*,,(3P1)5g 2[3] 5/2,(3P2)4f 2[4]° 7/2,161238.07,140029.99,,D,бленда,3008,564,4.3,,Xe II 471.263 (40); Xe III 471.258 (20bl),,81,,,
Xe II,471.518,100,,(3P1)7s 2[1] 3/2,(3P1)6p 2[0]° 1/2,142382.13,121179.8,,C,да,8778,564,14.6,,,87,39,,,
Xe II,472.1,2Hl,,(3P2)7g 2[5] 11/2,(3P2)4f 2[4]° 9/2,160143.92,138967.87,,D,да,1332,566,1.4,,,,68,,,
Xe II,473.119,100h,,(3P0)6d 2[2] 5/2,(3P1)6p 2[2]° 3/2,144384.9,123254.6,,C,да,5438,609,7.9,,,90,42,,,
Xe II,473.251,15Hl,,(3P2)4f 2[2]° 5/2,(1D2)5d 2[3] 5/2,140209.99,119085.49,,C,да,2452,623,2.9,,,83,36,,,
Xe II,476.905,150,,(1D2)6p 2[3]° 5/2,(3P1)5d 2[1] 3/2,128867.2,107904.5,Te: (1D2)6p,A,да,35238,604,57.3,,,49,20,1.59e-15,9.9,2.0e+07
Xe II,477.319,80h,,(3P2)4f 2[4]° 7/2,(1D2)5d 2[3] 5/2,140029.99,119085.49,,C,да,7104,614,10.6,,,81,36,,,
Xe II,477.518,5Hl,,(1D2)7s 2[2] 3/2,(1D2)6p 2[3]° 5/2,149802.8,128867.2,,C,да,4582,630,6.3,,Xe II 477.576 (8Hl),110,49,,,
Xe II,477.576,8Hl,,(3P1)6d 2[1] 1/2,(3P1)6p 2[1]° 3/2,145222.72,124289.45,,C,да,5280,632,7.4,,,91,44,,,
Xe II,477.918,80,,(3P2)6p 2[2]° 3/2,5s 5p6 2S 1/2,111792.17,90873.83,,A,да,37232,657,55.7,,,25,3,1.92e-14,8.4,6.4e+06
Xe II,478.665,10Hl,,(3P0)6d 2[2] 3/2,(3P1)6p 2[2]° 3/2,144140.16,123254.6,,C,да,2498,670,2.7,,,89,42,,,
Xe II,478.777,100,,(1D2)6p 2[2]° 5/2,(3P1)5d 2[2] 3/2,132207.76,111326.96,,A,да,26280,666,38.5,,,54,24,1.16e-15,10.2,1.2e+07
Xe II,479.184,2h^,,(1D2)4f 2[4]° 7/2,(1S0)5d 2[2] 5/2,157432.63,136569.63,,C,нет,864,666,0.3,,Xe I 479.262 (150); Xe II 479.256 (40),,64,,,
Xe II,479.256,40,,(1D2)6p 2[3]° 5/2,(3P0)5d 2[2] 5/2,128867.2,108007.28,,A,бленда,22114,666,32.2,,Xe I 479.262 (150),49,21,1.59e-15,9.9,2.0e+07
Xe II,479.54,3h^,,(3P1)4f 2[2]° 3/2,(1D2)5d 2[2] 3/2,148375.1,127527.3,,C,нет,720,666,0.1,,,102,48,,,
Xe II,479.648,6Hl,,(1D2)6d 2[1] 3/2,(1D2)6p 2[1]° 1/2,153584.09,132741.15,,C,слабо,1148,666,0.7,,Xe III 479.651 (8a),,56,,,
Xe II,479.835,1a,,(1D2)4f 2[4]° 7/2,(3P2)6d 2[4] 7/2,157432.63,136597.81,,C,да,1742,669,1.6,,,,65,,,
Xe II,479.945,15Hl,,(1D2)7s 2[2] 5/2,(1D2)6p 2[3]° 5/2,149697.24,128867.2,,C,да,2124,677,2.1,,,108,49,,,
Xe II,480.21,1,,(1D2)4f 2[4]° 9/2,(3P2)6d 2[4] 7/2,157416.58,136597.81,,C,нет,692,678,0.0,,,,65,,,
Xe II,481.714,40Hl,,(3P1)7s 2[1] 3/2,(3P0)6p 2[1]° 3/2,142382.13,121628.82,,C,бленда,3850,816,3.7,,Xe II 481.802 (200),87,40,,,
Xe II,481.802,200,,(3P2)6p 2[1]° 3/2,(3P2)5d 2[2] 3/2,116783.09,96033.48,,A,да,64533,820,77.7,да,,35,8,2.24e-14,9.1,4.0e+06
Xe II,482.335,300h,,(3P2)7s 2[2] 5/2,(3P2)6p 2[2]° 3/2,132518.82,111792.17,,C,да,49438,828,58.7,,,55,25,,,
Xe II,483.025,2H,,(1S0)6p 2[1]° 1/2,(1D2)5d 2[2] 3/2,148224.69,127527.3,,A,бленда,64531,852,74.8,да,Xe I 482.971 (400),101,48,1.29e-16,11.5,1.6e+07
Xe II,483.108,2bl,,(1D2)4f 2[5]° 9/2,(3P2)6d 2[3] 7/2,156201.84,135507.32,,C,да,4648,860,4.4,,Xe II 483.025 (2H),,59,,,
Xe II,483.22,2,,(1D2)4f 2[2]° 5/2,(3P2)6d 2[2] 5/2,156235.8,135547.13,,C,нет,888,868,0.0,,Xe II 483.108 (2bl),,60,,,
Xe II,484.087,1*,,(3P1)6d 2[1] 1/2,(3P1)6p 2[1]° 1/2,145222.72,124571.09,,C,нет,1144,888,0.3,,Xe III 484.180 (1bl),91,46,,,
Xe II,484.087,1*,,(1D2)4f 2[3]° 5/2,(1S0)5d 2[2] 5/2,157221.03,136569.63,,C,нет,1144,888,0.3,,Xe III 484.180 (1bl),,64,,,
Xe II,484.185,1bl,,(3P2)7p 2[3]° 7/2,(1D2)5d 2[3] 5/2,139733.89,119085.49,,C,слабо,1674,888,0.9,,Xe III 484.180 (1bl),77,36,,,
Xe II,484.433,2000,1.1e+08,(3P2)6p 2[3]° 7/2,(3P2)6s 2[2] 5/2,113705.4,93068.44,диплом; калибровка (уровень 31),A,да,64533,876,72.7,да,Xe I 484.329 (300); Ba II 484.346 (A=9.34e+06),31,4,5.56e-14,8.7,1.7e+06
Xe II,484.782,3,,(1D2)4f 2[3]° 5/2,(3P2)6d 2[4] 7/2,157221.03,136597.81,,C,да,2926,868,2.4,,,,65,,,
Xe II,485.02,2h^*,,(3P0)5g 2[4] 9/2,(3P2)4f 2[3]° 7/2,159617.54,139005.27,,D,да,16952,864,18.6,,Ba II 485.084 (A=1.55e+06),,69,,,
Xe II,485.02,2h^*,,(3P0)5g 2[4] 7/2,(3P2)4f 2[3]° 7/2,159617.11,139005.27,,D,да,16952,864,18.6,,Ba II 485.084 (A=1.55e+06),,69,,,
Xe II,485.377,40,,(1D2)6p 2[2]° 3/2,(3P1)5d 2[2] 3/2,131923.79,111326.96,,A,да,9542,864,10.0,,,53,24,7.06e-16,10.3,7.7e+06
Xe II,486.245,800h,,(3P2)7s 2[2] 5/2,(3P2)6p 2[2]° 5/2,132518.82,111958.89,,C,да,64529,792,80.5,да,,55,26,,,
Xe II,486.887,1h,,(1D2)4f 2[3]° 7/2,(1S0)5d 2[2] 5/2,157102.56,136569.63,,C,бленда,1030,792,0.3,,Xe III 486.940 (21),,64,,,
Xe II,487.65,500h,6.3e+07,(1D2)6p 2[3]° 7/2,(1D2)6s 2[2] 5/2,130063.96,109563.14,ne (52 vs 56),A,да,64535,860,74.0,да,,52,23,2.98e-15,10.1,3.9e+07
Xe II,488.353,600h,,(3P0)6p 2[1]° 3/2,(3P0)6s 2[0] 1/2,121628.82,101157.48,,A,да,64531,828,76.9,да,,40,11,3.67e-15,9.2,8.4e+06
Xe II,488.415,100H,,(3P0)7s 2[0] 1/2,(3P0)6p 2[1]° 1/2,140883.42,120414.87,,C,бленда,64531,828,76.9,да,Xe II 488.353 (600h),85,37,,,
Xe II,488.73,300h,,(3P1)6p 2[2]° 3/2,(3P1)6s 2[1] 3/2,123254.6,102799.07,ваш список,A,да,64537,743,85.9,да,,42,13,6.24e-15,9.5,1.3e+07
Xe II,489.009,300h*,,(1D2)6p 2[3]° 5/2,(3P1)5d 2[3] 7/2,128867.2,108423.07,,A,да,64531,720,88.6,да,,49,22,1.59e-15,9.9,2.0e+07
Xe II,489.009,300h*,,(3P2)6p 2[3]° 5/2,(3P2)6s 2[2] 5/2,113512.36,93068.44,,A,да,64531,720,88.6,да,,29,4,4.08e-14,8.6,5.9e+06
Xe II,489.218,2^,,(3P0)5g 2[4] 7/2,(3P2)4f 2[3]° 5/2,159617.11,139182.58,,D,слабо,1132,665,0.7,,,,72,,,
Xe II,489.99,1^,,(1D2)4f 2[1]° 3/2,(1D2)5d 2[0] 1/2,155463.41,135060.97,,C,нет,682,592,0.2,,Ba II 489.993 (273),,58,,,
Xe II,490.52,2H,,(3P2)7g 2[6] 13/2,(3P2)4f 2[5]° 11/2,160162.9,139782.0,,D,слабо,946,592,0.6,,,,78,,,
Xe II,491.966,200,,(3P1)6p 2[1]° 1/2,(3P1)5d 2[1] 1/2,124571.09,104250.06,,A,да,34886,602,57.0,,,46,14,1.51e-15,9.6,3.4e+06
Xe II,492.148,800,,(3P1)6p 2[2]° 5/2,(3P1)6s 2[1] 3/2,123112.54,102799.07,ваш список,A,да,64535,599,106.7,да,,41,13,2.50e-15,9.4,3.0e+07
Xe II,493.43,1,,(3P2)7g 2[6] 11/2,(3P2)4f 2[5]° 9/2,160164.2,139903.63,,D,да,2492,594,3.2,,Ba II 493.408 (6900),,79,,,
Xe II,496.5,4Hl,,(1D2)7s 2[2] 3/2,(1D2)6p 2[1]° 3/2,149802.8,129667.35,,C,слабо,950,686,0.4,,,110,51,,,
Xe II,497.171,200H,,(3P2)7p 2[1]° 3/2,(1D2)5d 2[3] 5/2,139193.8,119085.49,,C,да,64537,652,98.0,да,,73,36,,,
Xe II,497.271,400h,,(1D2)6p 2[1]° 3/2,(1D2)6s 2[2] 5/2,129667.35,109563.14,,A,да,25922,652,38.8,,Xe II 497.171 (200H),51,23,3.12e-15,10.2,8.1e+06
Xe II,497.441,1^,,(3P2)4f 2[3]° 5/2,(1D2)5d 2[3] 5/2,139182.58,119085.49,,C,слабо,956,652,0.5,,,72,36,,,
Xe II,497.487,2h,,(3P0)6d 2[2] 5/2,(3P1)6p 2[1]° 3/2,144384.9,124289.45,,C,нет,660,652,0.0,,Xe II 497.441 (1^),90,44,,,
Xe II,498.795,0,,(3P2)7p 2[2]° 5/2,(1D2)5d 2[3] 5/2,139128.78,119085.49,,C,да,43332,610,70.0,,,71,36,,,
Xe II,498.877,300h,,(3P1)6p 2[1]° 3/2,(3P1)5d 2[1] 1/2,124289.45,104250.06,,A,да,26336,608,42.3,,,44,14,2.92e-15,9.5,6.6e+06
Xe II,499.117,100H,,(1D2)7s 2[2] 5/2,(1D2)6p 2[1]° 3/2,149697.24,129667.35,,C,да,1934,598,2.2,,,108,51,,,
Xe II,499.303,10,,(3P1)6p 2[0]° 1/2,(3P0)6s 2[0] 1/2,121179.8,101157.48,,A,да,3466,596,4.8,,,39,11,3.86e-15,9.2,1.1e+07
Xe II,499.393,5Hl,,(1D2)4f 2[5]° 11/2,(3P2)6d 2[4] 9/2,156128.46,136109.65,,C,да,1480,594,1.5,,Xe II 499.303 (10),,62,,,
Xe II,500.101,3h,,(3P0)4f 2[3]° 5/2,(1D2)5d 2[2] 3/2,147517.71,127527.3,,C,нет,742,584,0.3,,,97,48,,,
Xe II,501.283,50Hl,,(1S0)6p 2[1]° 3/2,(1S0)6s 2[0] 1/2,149191.69,129248.39,Te: (1S0)6p,A,да,3452,574,5.0,,,105,50,8.99e-17,11.7,5.0e+06
Xe II,501.741,1,,(3P2)6p 2[1]° 3/2,(3P2)5d 2[1] 1/2,116783.09,96858.18,,A,нет,708,574,0.2,,,35,9,2.24e-14,9.1,4.0e+06
Xe II,501.875,1^,,(3P2)4f 2[3]° 7/2,(1D2)5d 2[3] 5/2,139005.27,119085.49,,C,нет,604,574,0.1,,,69,36,,,
Xe II,503.615,3Hl,,(3P0)6d 2[2] 3/2,(3P1)6p 2[1]° 3/2,144140.16,124289.45,,C,слабо,798,572,0.4,,,89,44,,,
Xe II,504.006,0bl,,(3P0)5g 2[4] 9/2,(3P2)4f 2[5]° 11/2,159617.54,139782.0,,D,нет,578,573,0.0,,Xe III 504.006 (1bl),,78,,,
Xe II,504.492,150h,,(1D2)6p 2[1]° 1/2,(1D2)6s 2[2] 3/2,132741.15,112924.84,ne (56),A,да,26908,570,46.2,,,56,28,1.28e-15,10.2,2.2e+06
Xe II,505.254,30h,,(1S0)5d 2[2] 5/2,(3P2)6p 2[1]° 3/2,136569.63,116783.09,,B,да,10678,554,18.3,,,64,35,8.36e-16,10.7,
Xe II,506.633,3Hl,,(3P2)6f 2[5]° 9/2,(3P2)6d 2[4] 9/2,155842.04,136109.65,,D,нет,696,540,0.3,,,,62,,,
Xe II,506.982,10Hw,,(3P2)6f 2[5]° 11/2,(3P2)6d 2[4] 9/2,155828.73,136109.65,,D,да,2208,540,3.1,,,,62,,,
Xe II,507.38,1h^,,(3P0)7s 2[0] 1/2,(3P1)6p 2[0]° 1/2,140883.42,121179.8,,C,нет,620,540,0.1,,,85,39,,,
Xe II,508.062,600h,,(3P2)7s 2[2] 3/2,(3P2)6p 2[3]° 5/2,133189.42,113512.36,,C,да,47066,538,86.5,,,57,29,,,
Xe II,508.107,30,,(3P1)7s 2[1] 1/2,(3P1)6p 2[2]° 3/2,142929.9,123254.6,,C,бленда,3442,538,5.4,,Xe II 508.062 (600h),88,42,,,
Xe II,509.193,60Hl,,(1D2)7s 2[2] 5/2,(1D2)6p 2[3]° 7/2,149697.24,130063.96,,C,да,9718,544,16.9,,,108,52,,,
Xe II,509.959,5H,,(1D2)4f 2[5]° 9/2,(3P2)6d 2[4] 7/2,156201.84,136597.81,,C,да,1384,534,1.6,,,,65,,,
Xe II,510.4,1Hw*,,(3P0)5g 2[4] 9/2,(3P2)4f 2[4]° 7/2,159617.54,140029.99,,D,нет,556,532,0.0,,,,81,,,
Xe II,510.4,1Hw*,,(3P0)5g 2[4] 7/2,(3P2)4f 2[4]° 7/2,159617.11,140029.99,,D,нет,556,532,0.0,,,,81,,,
Xe II,510.858,2h,,(3P0)6d 2[2] 3/2,(3P1)6p 2[1]° 1/2,144140.16,124571.09,,C,слабо,894,532,0.7,,,89,46,,,
Xe II,512.242,200h,,(3P2)7s 2[2] 3/2,(3P2)6p 2[1]° 1/2,133189.42,113672.89,,C,да,20316,524,37.8,,,57,30,,,
Xe II,512.57,30,,(1D2)6p 2[2]° 5/2,(3P1)5d 2[2] 5/2,132207.76,112703.64,,A,да,24358,518,46.0,,,54,27,1.16e-15,10.2,1.2e+07
Xe II,516.47,1H-,,(3P2)4f 2[2]° 5/2,(1D2)5d 2[3] 7/2,140209.99,120853.16,,C,нет,650,528,0.2,,Xe I 516.439 (1h),83,38,,,
Xe II,517.882,50h,,(1D2)6p 2[3]° 5/2,(1D2)6s 2[2] 5/2,128867.2,109563.14,,A,да,17620,548,31.2,,,49,23,1.59e-15,9.9,2.0e+07
Xe II,518.225,0,,(3P2)5g 2[3] 7/2,(1D2)6p 2[2]° 5/2,151498.9,132207.76,,D,нет,624,548,0.1,,,,54,,,
Xe II,518.448,50,,(1D2)6p 2[2]° 5/2,(1D2)6s 2[2] 3/2,132207.76,112924.84,,A,да,7726,554,12.9,,,54,28,1.16e-15,10.2,1.2e+07
Xe II,518.804,200,,(3P1)7s 2[1] 3/2,(3P1)6p 2[2]° 5/2,142382.13,123112.54,,C,да,3036,588,4.2,,,87,41,,,
Xe II,519.137,300,,(3P0)6p 2[1]° 1/2,(3P0)6s 2[0] 1/2,120414.87,101157.48,ваш список,A,да,64541,620,103.1,да,,37,11,6.36e-15,9.1,4.4e+06
Xe II,519.21,80,,(3P0)7s 2[0] 1/2,(3P0)6p 2[1]° 3/2,140883.42,121628.82,,C,бленда,12060,624,18.3,,Xe II 519.137 (300),85,40,,,
Xe II,519.492,5H,,(3P2)6f 2[5]° 9/2,(3P2)6d 2[4] 7/2,155842.04,136597.81,,D,да,1592,628,1.5,,,,65,,,
Xe II,519.99,1h^,,(3P2)6d 2[1] 3/2,(3P0)6p 2[1]° 1/2,139640.43,120414.87,,C,нет,796,649,0.2,,,75,37,,,
Xe II,520.142,20,,(1D2)6p 2[2]° 3/2,(3P1)5d 2[2] 5/2,131923.79,112703.64,,A,да,5310,656,7.1,,,53,27,7.06e-16,10.3,7.7e+06
Xe II,520.188,10H,,(3P1)6d 2[1] 3/2,(1D2)6p 2[3]° 5/2,148085.19,128867.2,,C,да,3126,658,3.7,,Xe II 520.142 (20),100,49,,,
Xe II,521.317,1h,,(3P2)4f 2[4]° 7/2,(1D2)5d 2[3] 7/2,140029.99,120853.16,,C,да,2392,614,2.9,,,81,38,,,
Xe II,521.82,1H,,(1D2)4f 2[3]° 5/2,(1S0)5d 2[2] 3/2,157221.03,138062.59,,C,нет,748,594,0.3,,,,66,,,
Xe II,522.657,20hl,,(3P1)7s 2[1] 3/2,(3P1)6p 2[2]° 3/2,142382.13,123254.6,,C,да,4072,578,6.0,,Xe II 522.690 (10hl),87,42,,,
Xe II,522.69,10hl,,(3P1)4f 2[2]° 3/2,(1S0)6s 2[0] 1/2,148375.1,129248.39,,C,да,4072,578,6.0,,Xe II 522.657 (20hl),102,50,,,
Xe II,524.775,20h,,(3P2)4f 2[5]° 9/2,(1D2)5d 2[3] 7/2,139903.63,120853.16,,C,да,3204,596,4.4,,,79,38,,,
Xe II,525.989,30,,(3P2)7s 2[2] 5/2,(3P2)6p 2[3]° 5/2,132518.82,113512.36,,C,бленда,64531,636,100.5,да,Xe II 526.044 (200),55,29,,,
Xe II,526.044,200,2.2e+07,(3P1)6p 2[2]° 3/2,(3P1)5d 2[1] 1/2,123254.6,104250.06,,A,да,64531,636,100.5,да,,42,14,6.24e-15,9.5,1.3e+07
Xe II,526.195,200,8.5e+07,(1D2)6p 2[2]° 3/2,(1D2)6s 2[2] 3/2,131923.79,112924.84,,A,да,64060,635,99.9,да,,53,28,7.06e-16,10.3,7.7e+06
Xe II,526.831,50*,,(1S0)6p 2[1]° 1/2,(1S0)6s 2[0] 1/2,148224.69,129248.39,,A,да,5390,631,7.5,,,101,50,1.29e-16,11.5,1.6e+07
Xe II,526.831,50*,,(3P1)6p 2[1]° 3/2,(3P2)5d 2[1] 3/2,124289.45,105313.33,,A,да,5390,631,7.5,,,44,15,2.92e-15,9.5,6.6e+06
Xe II,528.246,2h,,(3P2)6d 2[2] 3/2,(3P2)6p 2[1]° 3/2,135708.32,116783.09,,C,да,1280,638,1.0,,,61,35,,,
Xe II,529.13,2h,,(1D2)4f 2[1]° 3/2,(1S0)5d 2[2] 5/2,155463.41,136569.63,,C,бленда,33352,676,48.3,,Xe II 529.222 (1000),,64,,,
Xe II,529.222,1000,8.9e+07,(3P2)6p 2[2]° 5/2,(3P2)6s 2[2] 5/2,111958.89,93068.44,диплом; Te (3P2)6p,A,да,64535,676,94.5,да,,26,4,2.54e-14,8.4,6.5e+06
Xe II,530.927,200,,(3P0)6p 2[1]° 3/2,(3P1)6s 2[1] 3/2,121628.82,102799.07,,A,да,49740,694,70.7,,,40,13,3.67e-15,9.2,8.4e+06
Xe II,531.387,800,,(3P2)7s 2[2] 5/2,(3P2)6p 2[3]° 7/2,132518.82,113705.4,,C,да,64529,662,96.5,да,,55,31,,,
Xe II,531.983,3^,,(3P2)7p 2[3]° 5/2,(1D2)5d 2[3] 7/2,139645.98,120853.16,,C,слабо,852,610,0.4,,,76,38,,,
Xe II,532.783,3,,(3P2)6d 2[2] 5/2,(3P2)6p 2[1]° 3/2,135547.13,116783.09,,C,да,1434,610,1.4,,,60,35,,,
Xe II,533.933,1000,,(3P2)6p 2[2]° 3/2,(3P2)6s 2[2] 5/2,111792.17,93068.44,,A,да,64531,598,106.9,да,,25,4,1.92e-14,8.4,6.4e+06
Xe II,536.32,150,,(3P1)7s 2[1] 1/2,(3P1)6p 2[1]° 3/2,142929.9,124289.45,,C,да,4554,608,6.5,,,88,44,,,
Xe II,536.807,100,,(3P1)6p 2[1]° 1/2,(3P2)5d 2[0] 1/2,124571.09,105947.55,,A,да,17248,610,27.3,,,46,16,1.51e-15,9.6,3.4e+06
Xe II,537.239,300,7.1e+07,(3P2)6p 2[1]° 1/2,(3P2)6s 2[2] 3/2,113672.89,95064.38,диплом (термометр),A,да,64535,602,106.3,да,,30,5,3.31e-14,8.6,6.9e+06
Xe II,541.536,50H^,,(3P2)6d 2[1] 3/2,(3P1)6p 2[0]° 1/2,139640.43,121179.8,,C,да,1742,630,1.8,,,75,39,,,
Xe II,541.915,2000,6.2e+07,(3P2)6p 2[3]° 5/2,(3P2)6s 2[2] 3/2,113512.36,95064.38,диплом; Te (3P2)6p,A,да,64541,672,95.0,да,,29,5,4.08e-14,8.6,5.9e+06
Xe II,542.807,2hs^,,(3P1)6d 2[1] 3/2,(1D2)6p 2[1]° 3/2,148085.19,129667.35,,C,да,1702,767,1.2,,,100,51,,,
Xe II,543.896,400,7.4e+07,(3P1)6p 2[0]° 1/2,(3P1)6s 2[1] 3/2,121179.8,102799.07,диплом (термометр),A,да,64537,694,92.0,да,,39,13,3.86e-15,9.2,1.1e+07
Xe II,544.545,150,,(3P1)7s 2[1] 1/2,(3P1)6p 2[1]° 1/2,142929.9,124571.09,,C,да,3614,666,4.4,,,88,46,,,
Xe II,545.045,100,,(3P1)6p 2[1]° 3/2,(3P2)5d 2[0] 1/2,124289.45,105947.55,"ne (44 vs 41), бленда с 545.090",A,да,14858,666,21.3,,,44,16,2.92e-15,9.5,6.6e+06
Xe II,545.09,20,,(1D2)6p 2[1]° 3/2,(3P1)5d 2[2] 3/2,129667.35,111326.96,новая; бленда с 545.045,A,бленда,14858,666,21.3,,Xe II 545.045 (100),51,24,3.12e-15,10.2,8.1e+06
Xe II,546.039,300,,(3P2)6p 2[3]° 7/2,(3P2)5d 2[2] 5/2,113705.4,95396.74,калибровка (уровень 31),A,да,64535,666,95.9,да,Xe I 546.004 (15),31,6,5.56e-14,8.7,1.7e+06
Xe II,546.954,20h,,(1D2)5d 2[0] 1/2,(3P2)6p 2[1]° 3/2,135060.97,116783.09,,B,да,1742,692,1.5,,,58,35,2.63e-15,10.7,
Xe II,547.261,500,9.9e+06,(3P2)6p 2[3]° 7/2,(3P2)5d 2[3] 7/2,113705.4,95437.67,"ne (31 vs 29), общий нижний уровень",A,да,64533,706,90.4,да,,31,7,5.56e-14,8.7,1.7e+06
Xe II,548.113,1h,,(1D2)4f 2[2]° 3/2,(1S0)5d 2[2] 3/2,156302.13,138062.59,,C,нет,888,684,0.3,,Xe I 548.133 (1h); Xe III 548.119 (1),,66,,,
Xe II,550.746,2h,,(3P2)4f 2[3]° 7/2,(1D2)5d 2[3] 7/2,139005.27,120853.16,,C,слабо,932,562,0.7,,,69,38,,,
Xe II,551.856,1,,(3P2)6p 2[3]° 5/2,(3P2)5d 2[2] 5/2,113512.36,95396.74,,A,слабо,890,560,0.6,,Ba I 551.904 (280); Xe II 551.877 (1),29,6,4.08e-14,8.6,5.9e+06
Xe II,551.877,1,,(3P2)4f 2[4]° 9/2,(1D2)5d 2[3] 7/2,138967.87,120853.16,,C,слабо,890,560,0.6,,Ba I 551.904 (280); Xe II 551.856 (1),68,38,,,
Xe II,552.553,50,,(3P1)7s 2[1] 3/2,(3P1)6p 2[1]° 3/2,142382.13,124289.45,,C,да,3756,564,5.7,,,87,44,,,
Xe II,553.107,400,8.8e+06,(3P2)6p 2[3]° 5/2,(3P2)5d 2[3] 7/2,113512.36,95437.67,"ne (29 vs 31), общий нижний уровень",A,да,64531,566,113.0,да,,29,7,4.08e-14,8.6,5.9e+06
Xe II,555.15,4Hs^,,(1D2)4f 2[3]° 7/2,(3P2)6d 2[3] 5/2,157102.56,139094.28,,C,бленда,908,586,0.5,,Xe I 555.239 (80),,70,,,
Xe II,557.091,1,,(3P2)6g 2[6] 11/2,(3P2)4f 2[4]° 9/2,156913.68,138967.87,,D,да,1342,639,1.1,,,,68,,,
Xe II,557.219,50,,(3P1)6p 2[2]° 3/2,(3P2)5d 2[1] 3/2,123254.6,105313.33,,A,да,8540,639,12.4,,,42,15,6.24e-15,9.5,1.3e+07
Xe II,558.35,2H,,(3P2)6g 2[5] 11/2,(3P2)4f 2[4]° 9/2,156872.9,138967.87,,D,да,2000,608,2.3,,,,68,,,
Xe II,559.161,2H,,(1D2)7s 2[2] 3/2,(1D2)6p 2[2]° 3/2,149802.8,131923.79,,C,да,1252,570,1.2,,,110,53,,,
Xe II,559.487,15Hw,,(3P2)6g 2[5] 9/2,(3P2)4f 2[3]° 7/2,156873.84,139005.27,,D,да,3758,568,5.6,,,,69,,,
Xe II,561.289,1h-,,(3P1)7s 2[1] 3/2,(3P1)6p 2[1]° 1/2,142382.13,124571.09,,C,бленда,1182,566,1.1,,Xe I 561.265 (15),87,46,,,
Xe II,561.667,150,,(3P1)6p 2[2]° 5/2,(3P2)5d 2[1] 3/2,123112.54,105313.33,ne (41 vs 44),A,да,23612,566,40.7,,,41,15,2.50e-15,9.4,3.0e+07
Xe II,562.478,1Hl*,,(3P2)6g 2[3] 5/2,(3P2)7p 2[2]° 5/2,156902.5,139128.78,,D,слабо,892,558,0.6,,,,71,,,
Xe II,562.478,1Hl*,,(1D2)7s 2[2] 5/2,(1D2)6p 2[2]° 3/2,149697.24,131923.79,,C,слабо,892,558,0.6,,,108,53,,,
Xe II,563.324,3H,,(3P2)6g 2[4] 7/2,(3P2)7p 2[2]° 5/2,156875.52,139128.78,,D,слабо,770,558,0.4,,,,71,,,
Xe II,565.053,1h,,(3P2)6g 2[4] 7/2,(3P2)4f 2[3]° 5/2,156875.52,139182.58,,D,слабо,1088,628,0.7,,,,72,,,
Xe II,565.938,150,,(3P1)6p 2[1]° 1/2,(3P1)6s 2[1] 1/2,124571.09,106906.12,,A,да,23970,664,35.1,,,46,18,1.51e-15,9.6,3.4e+06
Xe II,566.756,300,,(3P2)6p 2[1]° 1/2,(3P2)5d 2[2] 3/2,113672.89,96033.48,,A,да,64533,644,99.2,да,,30,8,3.31e-14,8.6,6.9e+06
Xe II,567.091,50,,(3P0)7s 2[0] 1/2,(3P1)6p 2[2]° 3/2,140883.42,123254.6,,C,да,3962,632,5.3,,,85,42,,,
Xe II,567.515,1,,(3P0)6p 2[1]° 1/2,(3P1)6s 2[1] 3/2,120414.87,102799.07,,A,да,1348,632,1.1,,,37,13,6.36e-15,9.1,4.4e+06
Xe II,568.187,1h,,(1D2)7s 2[2] 3/2,(1D2)6p 2[2]° 5/2,149802.8,132207.76,,C,нет,700,636,0.1,,,110,54,,,
Xe II,568.649,2h,,(1D2)4f 2[3]° 5/2,(3P2)6d 2[1] 3/2,157221.03,139640.43,,C,нет,810,636,0.3,,,,75,,,
Xe II,568.82,2^,,(1D2)4f 2[2]° 3/2,(3P2)6d 2[0] 1/2,156302.13,138726.59,,C,бленда,1996,636,2.1,,Xe I 568.837 (40),,67,,,
Xe II,569.961,100,,(1D2)6p 2[3]° 5/2,(3P1)5d 2[2] 3/2,128867.2,111326.96,,A,да,19994,689,28.0,,,49,24,1.59e-15,9.9,2.0e+07
Xe II,571.61,100H,,(1D2)7s 2[2] 5/2,(1D2)6p 2[2]° 5/2,149697.24,132207.76,,C,да,4420,760,4.8,,Xe I 571.625 (80); Xe I 571.572 (70),108,54,,,
Xe II,571.961,200,6.1e+06,(3P2)6p 2[3]° 5/2,(3P2)5d 2[2] 3/2,113512.36,96033.48,,A,да,64531,762,83.7,да,,29,8,4.08e-14,8.6,5.9e+06
Xe II,572.691,200,,(1D2)6p 2[2]° 5/2,(3P1)5d 2[3] 5/2,132207.76,114751.08,Te: (1D2)6p,A,да,38934,740,51.6,,Xe I 572.610 (4),54,32,1.16e-15,10.2,1.2e+07
Xe II,573.056,0,,(3P1)8s 2[1] 3/2,(3P2)7p 2[3]° 5/2,157091.9,139645.98,,C,нет,778,720,0.1,,,,76,,,
Xe II,574.42,1^,,(3P2)6g 2[3] 5/2,(3P2)4f 2[2]° 3/2,156902.5,139498.46,,D,слабо,1074,688,0.6,,,,74,,,
Xe II,575.103,200,,(3P1)6p 2[1]° 3/2,(3P1)6s 2[1] 1/2,124289.45,106906.12,ne (44),A,да,38068,668,56.0,,,44,18,2.92e-15,9.5,6.6e+06
Xe II,575.256,10,,(3P0)6p 2[1]° 3/2,(3P1)5d 2[1] 1/2,121628.82,104250.06,,A,да,2548,664,2.8,,,40,14,3.67e-15,9.2,8.4e+06
Xe II,575.865,100,,(1D2)6p 2[3]° 7/2,(3P1)5d 2[2] 5/2,130063.96,112703.64,ne (52),A,да,28374,616,45.0,,,52,27,2.98e-15,10.1,3.9e+07
Xe II,577.639,100,,(3P1)6p 2[2]° 3/2,(3P2)5d 2[0] 1/2,123254.6,105947.55,,A,да,19948,606,31.9,,,42,16,6.24e-15,9.5,1.3e+07
Xe II,578.083,1-,,(1D2)6p 2[2]° 5/2,(1D2)5d 2[4] 7/2,132207.76,114913.98,,A,нет,730,602,0.2,,Xe III 578.051 (2),54,34,1.16e-15,10.2,1.2e+07
Xe II,579.188,1hl,,(3P1)6d 2[3] 5/2,(1D2)6p 2[1]° 3/2,146927.86,129667.35,,C,слабо,822,604,0.4,,,95,51,,,
Xe II,580.95,1Hw,,(1D2)4f 2[2]° 3/2,(3P2)6d 2[3] 5/2,156302.13,139094.28,,C,нет,712,622,0.1,,,,70,,,
Xe II,581.596,50,,(3P1)6p 2[1]° 1/2,(3P0)5d 2[2] 3/2,124571.09,107381.74,,A,да,3976,646,5.2,,,46,19,1.51e-15,9.6,3.4e+06
Xe II,582.157,1-,,(1D2)6p 2[2]° 3/2,(3P1)5d 2[3] 5/2,131923.79,114751.08,,A,слабо,1000,688,0.5,,,53,32,7.06e-16,10.3,7.7e+06
Xe II,582.479,1-,,(3P1)4f 2[3]° 7/2,(3P2)7s 2[2] 5/2,149682.65,132518.82,,C,бленда,9044,692,12.1,,Xe I 582.389 (300); Xe I 582.480 (150),107,55,,,
Xe II,583.55,5Hw,,(3P2)6g 2[6] 13/2,(3P2)4f 2[5]° 11/2,156913.8,139782.0,,D,нет,834,672,0.2,,,,78,,,
Xe II,584.928,0,,(3P2)6g 2[5] 11/2,(3P2)4f 2[5]° 11/2,156872.9,139782.0,,D,нет,786,644,0.2,,Xe I 584.985 (3h),,78,,,
Xe II,585.547,1,,(3P1)6d 2[2] 3/2,(1D2)6p 2[3]° 5/2,145940.34,128867.2,,C,бленда,1376,644,1.1,,Xe I 585.651 (15),93,49,,,
Xe II,585.947,2H,,(1D2)7s 2[2] 3/2,(1D2)6p 2[1]° 1/2,149802.8,132741.15,,C,слабо,1220,648,0.9,,,110,56,,,
Xe II,587.725,1-,,(3P2)6g 2[6] 11/2,(3P2)4f 2[5]° 9/2,156913.68,139903.63,,D,да,1654,742,1.2,,,,79,,,
Xe II,588.982,4,,(3P2)6g 2[4] 9/2,(3P2)4f 2[5]° 9/2,156876.96,139903.63,,D,да,6768,774,7.7,,,,79,,,
Xe II,589.026,0,,(3P2)6g 2[4] 7/2,(3P2)4f 2[5]° 9/2,156875.52,139903.63,,D,бленда,6768,774,7.7,,Xe II 588.982 (4),,79,,,
Xe II,589.17,4,,(3P2)6g 2[5] 11/2,(3P2)4f 2[5]° 9/2,156872.9,139903.63,,D,нет,876,774,0.1,,,,79,,,
Xe II,589.329,150,,(1D2)6p 2[1]° 3/2,(3P1)5d 2[2] 5/2,129667.35,112703.64,,A,да,14104,768,17.4,,,51,27,3.12e-15,10.2,8.1e+06
Xe II,590.513,200,,(3P1)6p 2[0]° 1/2,(3P1)5d 2[1] 1/2,121179.8,104250.06,,A,да,19788,788,24.1,,,39,14,3.86e-15,9.2,1.1e+07
Xe II,590.967,30h,,(3P2)7p 2[2]° 3/2,(1D2)5d 2[1] 3/2,140986.89,124070.06,,C,да,2068,788,1.6,,,86,43,,,
Xe II,591.28,5h,,(3P1)6p 2[1]° 3/2,(3P0)5d 2[2] 3/2,124289.45,107381.74,,A,слабо,1174,788,0.5,,Xe II 591.332 (1),44,19,2.92e-15,9.5,6.6e+06
Xe II,591.332,1,,(3P1)8s 2[1] 3/2,(3P2)4f 2[1]° 1/2,157091.9,140185.67,,C,бленда,1174,788,0.5,,Xe II 591.280 (5h),,82,,,
Xe II,591.744,50,,(3P2)6p 2[2]° 5/2,(3P2)6s 2[2] 3/2,111958.89,95064.38,,A,да,6822,788,7.7,,,26,5,2.54e-14,8.4,6.5e+06
Xe II,592.15,1,,(1S0)5d 2[2] 3/2,(3P1)6p 2[0]° 1/2,138062.59,121179.8,,B,бленда,1288,788,0.6,,Xe I 592.255 (20); Xe I 592.185 (10),66,39,3.15e-16,10.6,
Xe II,592.815,3H^,,(3P1)6d 2[3] 5/2,(1D2)6p 2[3]° 7/2,146927.86,130063.96,,C,нет,952,802,0.2,,,95,52,,,
Xe II,593.414,2,,(3P2)6g 2[4] 9/2,(3P2)4f 2[4]° 7/2,156876.96,140029.99,,D,бленда,12272,818,14.0,,Xe I 593.417 (100); Xe II 593.455 (1H),,81,,,
Xe II,593.455,1H,,(3P2)6g 2[4] 7/2,(3P2)4f 2[4]° 7/2,156875.52,140029.99,,D,бленда,12272,818,14.0,,Xe I 593.417 (100); Xe II 593.414 (2),,81,,,
Xe II,593.499,0,,(3P2)6g 2[5] 9/2,(3P2)4f 2[4]° 7/2,156873.84,140029.99,,D,бленда,4786,820,4.8,,Xe I 593.417 (100); Xe II 593.414 (2); Xe II 593.455 (1H),,81,,,
Xe II,594.553,300,,(3P2)6p 2[1]° 1/2,(3P2)5d 2[1] 1/2,113672.89,96858.18,Te: (3P2)6p,A,да,44740,774,56.8,,,30,9,3.31e-14,8.6,6.9e+06
Xe II,595.803,50,,(3P1)6p 2[2]° 3/2,(3P2)5d 2[3] 5/2,123254.6,106475.21,,A,да,3892,757,4.1,,,42,17,6.24e-15,9.5,1.3e+07
Xe II,596.452,1-,,(3P1)4f 2[4]° 7/2,(3P2)7s 2[2] 5/2,149280.4,132518.82,,C,нет,790,758,0.0,,,106,55,,,
Xe II,597.113,200,,(1D2)6p 2[1]° 3/2,(1D2)6s 2[2] 3/2,129667.35,112924.84,,A,да,12412,762,15.3,,Ba I 597.170 (700),51,28,3.12e-15,10.2,8.1e+06
Xe II,597.3,1h,,(1D2)4f 2[1]° 3/2,(3P2)6d 2[0] 1/2,155463.41,138726.59,,C,бленда,1008,764,0.3,,Xe I 597.415 (40),,67,,,
Xe II,597.646,1000,2.8e+07,(3P2)6p 2[2]° 3/2,(3P2)6s 2[2] 3/2,111792.17,95064.38,,A,да,64533,762,83.7,да,,25,5,1.92e-14,8.4,6.4e+06
Xe II,597.92,1H,,(3P1)6d 2[3] 7/2,(1D2)6p 2[3]° 5/2,145587.61,128867.2,,C,слабо,1016,764,0.3,,Xe I 597.942 (1),92,49,,,
Xe II,598.844,1,,(3P2)6g 2[3] 7/2,(3P2)4f 2[2]° 5/2,156904.21,140209.99,,D,бленда,1150,772,0.5,,Xe I 598.918 (30),,83,,,
Xe II,599.186,1H,,(3P2)7p 2[2]° 3/2,(1D2)5d 2[2] 5/2,140986.89,124301.96,,C,слабо,1110,760,0.5,,,86,45,,,
Xe II,599.83,1^,,(3P1)6p 2[1]° 1/2,(3P1)5d 2[1] 3/2,124571.09,107904.5,,A,бленда,2672,756,2.5,,Xe I 599.812 (30),46,20,1.51e-15,9.6,3.4e+06
Xe II,599.867,0bl,,(3P2)6g 2[4] 7/2,(3P2)4f 2[2]° 5/2,156875.52,140209.99,,D,бленда,2672,756,2.5,,Xe I 599.812 (30); Xe II 599.830 (1^),,83,,,
Xe II,600.03,1-,,(1D2)4f 2[2]° 3/2,(3P2)6d 2[1] 3/2,156302.13,139640.43,,C,нет,872,754,0.2,,Ba II 599.985 (A=2.86e+06),,75,,,
Xe II,600.892,100,,(3P1)6p 2[2]° 5/2,(3P2)5d 2[3] 5/2,123112.54,106475.21,,A,да,7576,742,9.2,,,41,17,2.50e-15,9.4,3.0e+07
Xe II,602.414,2^,,(1D2)4f 2[2]° 5/2,(3P2)6d 2[1] 3/2,156235.8,139640.43,,C,слабо,1056,740,0.4,,Xe II 602.458 (3H),,75,,,
Xe II,602.458,3H,,(3P0)7s 2[0] 1/2,(3P1)6p 2[1]° 3/2,140883.42,124289.45,,C,слабо,1056,740,0.4,,Xe II 602.414 (2^),85,44,,,
Xe II,603.62,500,7.5e+06,(3P2)6p 2[2]° 5/2,(3P2)5d 2[2] 5/2,111958.89,95396.74,калибровка (уровень 26),A,да,64533,762,83.7,да,,26,6,2.54e-14,8.4,6.5e+06
Xe II,604.853,5h^,,(3P2)6d 2[1] 3/2,(3P1)6p 2[2]° 5/2,139640.43,123112.54,,C,слабо,1150,800,0.4,,Xe I 604.800 (6h),75,41,,,
Xe II,605.115,1000,1.7e+07,(3P2)6p 2[2]° 5/2,(3P2)5d 2[3] 7/2,111958.89,95437.67,калибровка (уровень 26),A,да,64533,776,82.2,да,,26,7,2.54e-14,8.4,6.5e+06
Xe II,608.321,1h-,,(1S0)5d 2[2] 3/2,(3P0)6p 2[1]° 3/2,138062.59,121628.82,,B,нет,918,797,0.2,,Ba I 608.339 (5),66,40,3.15e-16,10.6,
Xe II,609.35,300,,(3P2)7s 2[2] 3/2,(3P2)6p 2[1]° 3/2,133189.42,116783.09,,C,да,10444,841,11.4,,,57,35,,,
Xe II,609.759,1000,2.6e+07,(3P2)6p 2[2]° 3/2,(3P2)5d 2[2] 5/2,111792.17,95396.74,,A,да,64535,902,70.6,да,,25,6,1.92e-14,8.4,6.4e+06
Xe II,610.143,200,,(3P1)6p 2[1]° 3/2,(3P1)5d 2[1] 3/2,124289.45,107904.5,ne (44),A,да,16088,948,16.0,,,44,20,2.92e-15,9.5,6.6e+06
Xe II,610.764,0,,(1D2)4f 2[1]° 3/2,(3P2)6d 2[3] 5/2,155463.41,139094.28,,C,нет,1138,928,0.2,,Xe I 610.837 (8),,70,,,
Xe II,611.508,50,,(3P1)6p 2[2]° 3/2,(3P1)6s 2[1] 1/2,123254.6,106906.12,,A,да,4600,898,4.1,,,42,18,6.24e-15,9.5,1.3e+07
Xe II,612.744,2,,(3P0)6p 2[1]° 3/2,(3P2)5d 2[1] 3/2,121628.82,105313.33,,A,слабо,1198,880,0.4,,,40,15,3.67e-15,9.2,8.4e+06
Xe II,614.34,1h,,(3P1)6d 2[2] 3/2,(1D2)6p 2[1]° 3/2,145940.34,129667.35,,C,нет,1060,884,0.2,,Xe I 614.370 (4),93,51,,,
Xe II,614.645,50,,(3P2)4f 2[1]° 3/2,(1D2)5d 2[1] 3/2,140335.09,124070.06,,C,да,1824,886,1.1,,,84,43,,,
Xe II,615.528,1Hw-,,(3P1)6d 2[2] 5/2,(1D2)6p 2[3]° 7/2,146305.54,130063.96,,C,нет,922,890,0.0,,,94,52,,,
Xe II,618.457,20,,(3P0)6p 2[1]° 1/2,(3P1)5d 2[1] 1/2,120414.87,104250.06,,A,да,2910,958,2.0,,Xe II 618.503 (15),37,14,6.36e-15,9.1,4.4e+06
Xe II,618.503,15,,(1D2)6p 2[3]° 5/2,(3P1)5d 2[2] 5/2,128867.2,112703.64,,A,да,2910,958,2.0,,Xe II 618.457 (20),49,27,1.59e-15,9.9,2.0e+07
Xe II,618.579,1H^,,(3P1)6d 2[1] 3/2,(1D2)6p 2[2]° 3/2,148085.19,131923.79,,C,бленда,2090,958,1.2,,Xe II 618.503 (15),100,53,,,
Xe II,619.407,300,,(3P2)4f 2[2]° 5/2,(1D2)5d 2[1] 3/2,140209.99,124070.06,,C,да,4764,994,3.8,,,83,43,,,
Xe II,620.345,1h^,,(3P2)4f 2[1]° 1/2,(1D2)5d 2[1] 3/2,140185.67,124070.06,,C,слабо,1652,918,0.8,,Xe III 620.381 (1),82,43,,,
Xe II,623.54,1h,,(3P2)4f 2[1]° 3/2,(1D2)5d 2[2] 5/2,140335.09,124301.96,,C,нет,1004,870,0.2,,,84,45,,,
Xe II,625.532,2Hl^,,(3P2)6d 2[3] 5/2,(3P1)6p 2[2]° 5/2,139094.28,123112.54,,C,нет,886,868,0.0,,,70,41,,,
Xe II,627.082,400,1.8e+07,(1D2)6p 2[3]° 5/2,(1D2)6s 2[2] 3/2,128867.2,112924.84,"Te: (1D2)6p, A в NIST",A,да,36146,939,37.5,,,49,28,1.59e-15,9.9,2.0e+07
Xe II,627.754,300,3.6e+06,(3P2)6p 2[2]° 5/2,(3P2)5d 2[2] 3/2,111958.89,96033.48,,A,да,64529,988,64.3,да,,26,8,2.54e-14,8.4,6.5e+06
Xe II,628.441,50,,(3P2)4f 2[2]° 5/2,(1D2)5d 2[2] 5/2,140209.99,124301.96,,C,да,2564,1073,1.4,,,83,45,,,
Xe II,629.639,10H^,,(3P1)6d 2[1] 3/2,(1D2)6p 2[2]° 5/2,148085.19,132207.76,,C,нет,1118,1084,0.0,,,100,54,,,
Xe II,629.831,20,,(3P1)6p 2[2]° 3/2,(3P0)5d 2[2] 3/2,123254.6,107381.74,,A,да,2438,1086,1.2,,,42,19,6.24e-15,9.5,1.3e+07
Xe II,630.086,100,,(3P1)6p 2[0]° 1/2,(3P2)5d 2[1] 3/2,121179.8,105313.33,,A,да,10226,1092,8.4,,,39,15,3.86e-15,9.2,1.1e+07
Xe II,630.501,1h,,(3P1)4f 2[2]° 3/2,(3P2)7s 2[2] 5/2,148375.1,132518.82,,C,нет,1122,1092,0.0,,,102,55,,,
Xe II,631.146,5Hw,,(3P2)6d 2[3] 5/2,(3P1)6p 2[2]° 3/2,139094.28,123254.6,,C,нет,1394,1092,0.3,,,70,42,,,
Xe II,631.803,5,,(1D2)4f 2[1]° 3/2,(3P2)6d 2[1] 3/2,155463.41,139640.43,,C,бленда,51062,1102,45.3,,Xe I 631.806 (500),,75,,,
Xe II,634.396,300,,(3P2)6p 2[2]° 3/2,(3P2)5d 2[2] 3/2,111792.17,96033.48,Te: (3P2)6p,A,да,51606,1096,46.1,,,25,8,1.92e-14,8.4,6.4e+06
Xe II,635.32,50Hl,,(3P2)7s 2[2] 5/2,(3P2)6p 2[1]° 3/2,132518.82,116783.09,,C,да,4186,1048,3.0,,,55,35,,,
Xe II,635.635,500,,(3P2)4f 2[4]° 7/2,(1D2)5d 2[2] 5/2,140029.99,124301.96,,C,да,7522,1030,6.3,,,81,45,,,
Xe II,637.528,100,,(3P0)6p 2[1]° 3/2,(3P2)5d 2[0] 1/2,121628.82,105947.55,,A,да,8016,1016,6.9,,,40,16,3.67e-15,9.2,8.4e+06
Xe II,639.799,60,,(3P2)6p 2[1]° 3/2,(3P0)6s 2[0] 1/2,116783.09,101157.48,,A,да,7448,1026,6.3,,,35,11,2.24e-14,9.1,4.0e+06
Xe II,641.858,20,,(1S0)6s 2[0] 1/2,(3P2)6p 2[1]° 1/2,129248.39,113672.89,,B,да,2614,1060,1.5,,Xe I 641.841 (30),50,30,6.82e-16,9.9,
Xe II,642.147,1^,,(1D2)5d 2[2] 3/2,(3P2)6p 2[2]° 5/2,127527.3,111958.89,,B,нет,1178,1064,0.1,,,48,26,3.34e-15,9.9,
Xe II,642.673,2H^,,(3P1)6d 2[1] 1/2,(1D2)6p 2[1]° 3/2,145222.72,129667.35,,C,нет,1126,1072,0.1,,,91,51,,,
Xe II,644.018,2H^,,(3P1)6d 2[3] 7/2,(1D2)6p 2[3]° 7/2,145587.61,130063.96,,C,нет,1110,1076,0.0,,,92,52,,,
Xe II,644.23,1H^,,(3P0)6d 2[2] 5/2,(1D2)6p 2[3]° 5/2,144384.9,128867.2,,C,нет,1104,1076,0.0,,,90,49,,,
Xe II,646.148,10H^,,(3P2)6d 2[0] 1/2,(3P1)6p 2[2]° 3/2,138726.59,123254.6,,C,нет,1258,1106,0.1,,Xe I 646.150 (3),67,42,,,
Xe II,647.969,2H,,(3P2)4f 2[2]° 3/2,(1D2)5d 2[1] 3/2,139498.46,124070.06,,C,нет,1162,1106,0.1,,,74,43,,,
Xe II,648.397,0,,(1D2)4f 2[2]° 3/2,(3P0)7s 2[0] 1/2,156302.13,140883.42,,C,нет,1116,1108,0.0,,,,85,,,
Xe II,650.247,0,,(3P2)6d 2[1] 1/2,(3P1)6p 2[0]° 1/2,136554.11,121179.8,,C,нет,1680,1325,0.3,,,63,39,,,
Xe II,651.006,0,,(3P2)8s 2[2] 3/2,(1D2)6p 2[2]° 5/2,147564.38,132207.76,,C,нет,1536,1397,0.1,,,98,54,,,
Xe II,651.228,0,,(3P2)6d 2[1] 3/2,(3P1)6p 2[1]° 3/2,139640.43,124289.45,,C,бленда,16516,1346,11.3,,Xe II 651.283 (300h),75,44,,,
Xe II,651.283,300h,,(3P1)6p 2[2]° 3/2,(3P1)5d 2[1] 3/2,123254.6,107904.5,,A,да,16516,1346,11.3,,,42,20,6.24e-15,9.5,1.3e+07
Xe II,651.548,1H*,,(3P1)6d 2[1] 3/2,(1D2)6p 2[1]° 1/2,148085.19,132741.15,,C,нет,1436,1333,0.1,,,100,56,,,
Xe II,651.548,1H*,,(3P2)7p 2[3]° 5/2,(1D2)5d 2[2] 5/2,139645.98,124301.96,,C,нет,1436,1333,0.1,,,76,45,,,
Xe II,652.865,200h,,(1D2)6p 2[3]° 7/2,(3P1)5d 2[3] 5/2,130063.96,114751.08,,A,да,12352,1304,8.5,,,52,32,2.98e-15,10.1,3.9e+07
Xe II,654.558,4w,,(3P0)6d 2[2] 3/2,(1D2)6p 2[3]° 5/2,144140.16,128867.2,,C,бленда,4578,1332,2.4,,Xe I 654.612 (20); Xe III 654.558 (4w),89,49,,,
Xe II,655.67,4,,(3P1)6p 2[2]° 3/2,(3P0)5d 2[2] 5/2,123254.6,108007.28,,A,слабо,2296,1350,0.7,,Xe III 655.635 (3a),42,21,6.24e-15,9.5,1.3e+07
Xe II,656.319,15,,(3P1)6p 2[0]° 1/2,(3P2)5d 2[0] 1/2,121179.8,105947.55,,A,слабо,2184,1325,0.6,,,39,16,3.86e-15,9.2,1.1e+07
Xe II,656.913,5,,(1D2)5d 2[1] 1/2,(3P2)6p 2[2]° 3/2,127010.8,111792.17,,B,нет,1570,1302,0.2,,Xe I 656.839 (30),47,25,6.92e-15,10.1,
Xe II,657.368,30,,(3P1)6p 2[2]° 5/2,(3P1)5d 2[1] 3/2,123112.54,107904.5,,A,да,2776,1298,1.1,,,41,20,2.50e-15,9.4,3.0e+07
Xe II,659.501,800,,(1D2)6p 2[3]° 7/2,(1D2)5d 2[4] 9/2,130063.96,114905.15,ne (52); запрошена,A,да,59988,1324,44.3,,Ba I 659.533 (740),52,33,2.98e-15,10.1,3.9e+07
Xe II,659.725,300,,(3P0)6p 2[1]° 3/2,(3P2)5d 2[3] 5/2,121628.82,106475.21,,A,да,23764,1336,16.8,,,40,17,3.67e-15,9.2,8.4e+06
Xe II,659.884,80,,(1D2)6p 2[3]° 7/2,(1D2)5d 2[4] 7/2,130063.96,114913.98,,A,да,5570,1332,3.2,,,52,34,2.98e-15,10.1,3.9e+07
Xe II,661.496,10H,,(3P2)4f 2[3]° 5/2,(1D2)5d 2[1] 3/2,139182.58,124070.06,,C,нет,1508,1318,0.1,,,72,43,,,
Xe II,661.84,50,,(3P1)6p 2[2]° 5/2,(3P0)5d 2[2] 5/2,123112.54,108007.28,,A,слабо,2404,1318,0.8,,,41,21,2.50e-15,9.4,3.0e+07
Xe II,661.933,3,,(3P2)8s 2[2] 5/2,(1D2)6p 2[2]° 5/2,147310.54,132207.76,,C,бленда,7980,1318,5.1,,Xe II 662.002 (200h); Xe III 661.933 (15),96,54,,,
Xe II,662.002,200h,,(3P0)6p 2[1]° 1/2,(3P2)5d 2[1] 3/2,120414.87,105313.33,,A,да,7980,1318,5.1,,,37,15,6.36e-15,9.1,4.4e+06
Xe II,663.413,6Hl,,(3P2)6d 2[1] 3/2,(3P1)6p 2[1]° 1/2,139640.43,124571.09,,C,слабо,1754,1294,0.4,,,75,46,,,
Xe II,663.885,2h,,(3P2)7p 2[2]° 5/2,(1D2)5d 2[1] 3/2,139128.78,124070.06,,C,нет,1376,1286,0.1,,Xe III 663.835 (3a),71,43,,,
Xe II,664.29,1h,,(3P0)4f 2[3]° 7/2,(3P2)7s 2[2] 5/2,147569.1,132518.82,,C,нет,1342,1288,0.0,,,99,55,,,
Xe II,666.31,2,,(3P1)6d 2[3] 5/2,(1D2)6p 2[2]° 3/2,146927.86,131923.79,,C,нет,1334,1306,0.0,,,95,53,,,
Xe II,666.559,2,,(3P0)4f 2[3]° 5/2,(3P2)7s 2[2] 5/2,147517.71,132518.82,,C,нет,1578,1314,0.2,,,97,55,,,
Xe II,669.122,1,,(1S0)5d 2[2] 5/2,(3P0)6p 2[1]° 3/2,136569.63,121628.82,,B,нет,1408,1369,0.0,,,64,40,8.36e-16,10.7,
Xe II,669.432,400h,,(3P2)6p 2[2]° 3/2,(3P2)5d 2[1] 1/2,111792.17,96858.18,запрошена; рядом Ba I 669.38,A,да,27372,1380,18.8,,Ba I 669.384 (454),25,9,1.92e-14,8.4,6.4e+06
Xe II,670.225,80,,(1D2)6p 2[1]° 3/2,(3P1)5d 2[3] 5/2,129667.35,114751.08,,A,да,4576,1428,2.2,,,51,32,3.12e-15,10.2,8.1e+06
Xe II,674.427,0,,(3P2)8s 2[2] 3/2,(1D2)6p 2[1]° 1/2,147564.38,132741.15,,C,нет,1554,1522,0.0,,,98,56,,,
Xe II,675.683,0,,(1D2)6d 2[3] 7/2,(3P2)4f 2[3]° 5/2,153978.37,139182.58,,C,нет,1546,1522,0.0,,,,72,,,
Xe II,678.871,100h,,(3P1)6p 2[1]° 3/2,(1D2)6s 2[2] 5/2,124289.45,109563.14,,A,да,7730,1558,4.0,,,44,23,2.92e-15,9.5,6.6e+06
Xe II,679.037,80h,,(3P0)6p 2[1]° 3/2,(3P1)6s 2[1] 1/2,121628.82,106906.12,,A,да,6916,1558,3.4,,,40,18,3.67e-15,9.2,8.4e+06
Xe II,680.574,1000,6.1e+06,(3P1)6p 2[2]° 5/2,(3P1)5d 2[3] 7/2,123112.54,108423.07,"ne (41), A в NIST",A,да,62288,1560,38.9,,,41,22,2.50e-15,9.4,3.0e+07
Xe II,691.022,100,,(3P0)6p 2[1]° 1/2,(3P2)5d 2[0] 1/2,120414.87,105947.55,,A,да,9272,1894,3.9,,,37,16,6.36e-15,9.1,4.4e+06
Xe II,699.088,2000,2.7e+07,(3P2)6p 2[3]° 7/2,(3P2)5d 2[4] 9/2,113705.4,99404.99,калибровка (уровень 31),A,да,64527,1924,32.5,да,,31,10,5.56e-14,8.7,1.7e+06
Xe II,700.396,50,,(3P1)6p 2[0]° 1/2,(3P1)6s 2[1] 1/2,121179.8,106906.12,,A,да,3926,1906,1.1,,,39,18,3.86e-15,9.2,1.1e+07
Xe II,701.706,80,,(3P0)6p 2[1]° 3/2,(3P0)5d 2[2] 3/2,121628.82,107381.74,,A,да,4010,1880,1.1,,,40,19,3.67e-15,9.2,8.4e+06
Xe II,705.257,3Hw,,(3P1)4f 2[3]° 7/2,(3P2)6d 2[3] 7/2,149682.65,135507.32,,C,нет,2106,1908,0.1,,,107,59,,,
Xe II,707.243,4Hw,,(3P1)4f 2[3]° 7/2,(3P2)6d 2[2] 5/2,149682.65,135547.13,,C,нет,2314,1920,0.2,,Xe I 707.244 (30),107,60,,,
Xe II,707.5,2Hs,,(1S0)6p 2[1]° 3/2,(1D2)5d 2[0] 1/2,149191.69,135060.97,,A,нет,2084,1922,0.1,,,105,58,8.99e-17,11.7,5.0e+06
Xe II,708.215,200,,(1D2)6p 2[3]° 5/2,(3P1)5d 2[3] 5/2,128867.2,114751.08,,A,да,7694,1920,3.0,,,49,32,1.59e-15,9.9,2.0e+07
Xe II,709.47,1Hw,,(3P1)4f 2[3]° 5/2,(3P2)6d 2[2] 3/2,149800.2,135708.32,,C,вне диапазона,,,,,,109,61,,,
