obs_wl_air(nm),ritz_wl_air(nm),unc_ritz_wl,intens,Aki(s^-1),Acc,Ei(cm-1),Ek(cm-1),conf_i,term_i,J_i,conf_k,term_k,J_k,Type,
"=""400.00819""","=""400.0081""","=""0.0003""","=""4""","=""""",,"=""28377.585""","=""53370.011""","=""""","=""""","=""11/2""","=""""","=""""","=""9/2""",,
"=""400.18790""","=""400.18798""","=""0.00014""","=""12""","=""""",,"=""33910.548""","=""58891.742""","=""""","=""""","=""11/2""","=""""","=""""","=""11/2""",,
"=""400.27641""","=""400.2762""","=""0.0003""","=""4""","=""""",,"=""35925.336""","=""60901.023""","=""""","=""""","=""5/2""","=""""","=""""","=""5/2""",,
"=""400.38185""","=""400.38186""","=""0.00006""","=""21""","=""""",,"=""14967.745""","=""39936.842""","=""""","=""""","=""5/2""","=""5d3.(4F).6s.(5F).6p""","=""6G*""","=""5/2""",,
"=""400.47757""","=""400.4774""","=""0.0003""","=""5""","=""""",,"=""35315.585""","=""60278.726""","=""""","=""""","=""7/2""","=""""","=""""","=""9/2""",,
"=""400.69968""","=""400.6997""","=""0.0005""","=""3""","=""""",,"=""28490.920""","=""53440.213""","=""""","=""""","=""3/2""","=""""","=""""","=""1/2""",,
"=""400.83348""","=""400.8335""","=""0.0003""","=""4""","=""""",,"=""35315.585""","=""60256.547""","=""""","=""""","=""7/2""","=""""","=""""","=""7/2""",,
"=""""","=""400.8708""","=""0.0016""","=""m""","=""""",,"=""30223.744""","=""55162.390""","=""""","=""""","=""3/2""","=""""","=""""","=""5/2""",,
"=""400.97559""","=""400.97552""","=""0.00013""","=""9""","=""""",,"=""28490.920""","=""53423.050""","=""""","=""""","=""3/2""","=""""","=""""","=""3/2""",,
"=""401.32678""","=""401.3266""","=""0.0003""","=""4""","=""""",,"=""22502.951""","=""47413.270""","=""5d4.(3D).6s""","=""4D""","=""3/2""","=""""","=""""","=""5/2""",,
"=""401.69185""","=""401.6921""","=""0.0005""","=""3""","=""1.18e+05""",B,"=""29341.426""","=""54229.082""","=""""","=""""","=""9/2""","=""5d4.(5D).6p""","=""6F*""","=""11/2""",,
"=""402.50321""","=""402.5028""","=""0.0006""","=""2""","=""""",,"=""20039.682""","=""44877.209""","=""""","=""""","=""7/2""","=""5d4.(5D).6p""","=""6F*""","=""7/2""",,
"=""402.55866""","=""402.55869""","=""0.00021""","=""6""","=""""",,"=""23450.418""","=""48284.498""","=""5d4.(3D).6s""","=""4D""","=""5/2""","=""""","=""""","=""5/2""",,
"=""402.89478""","=""402.8949""","=""0.0005""","=""3""","=""""",,"=""27273.753""","=""52087.110""","=""""","=""""","=""7/2""","=""""","=""""","=""5/2""",,
"=""403.38905""","=""403.38910""","=""0.00016""","=""8""","=""""",,"=""28118.836""","=""52901.794""","=""5d4.(3P1).6s""","=""4P""","=""5/2""","=""""","=""""","=""7/2""",,
"=""403.77087""","=""403.7710""","=""0.0003""","=""5""","=""""",,"=""30632.927""","=""55392.446""","=""""","=""""","=""9/2""","=""""","=""""","=""9/2""",,
"=""403.78129""","=""403.7811""","=""0.0003""","=""3""","=""""",,"=""25672.099""","=""50430.999""","=""""","=""""","=""5/2""","=""""","=""""","=""3/2""",,
"=""404.23321""","=""404.2333""","=""0.0003""","=""3""","=""""",,"=""35925.336""","=""60656.540""","=""""","=""""","=""5/2""","=""""","=""""","=""5/2""",,
"=""404.44231""","=""404.4425""","=""0.0008""","=""3p""","=""6.9e+04""",B,"=""20039.682""","=""44758.095""","=""""","=""""","=""7/2""","=""""","=""""","=""9/2""",,
"=""404.67010""","=""404.6698""","=""0.0016""","=""9bl""","=""""",,"=""26158.581""","=""50863.106""","=""5d5""","=""4G""","=""9/2""","=""5d4.(5D).6p""","=""6F*""","=""9/2""",,
"=""406.01618""","=""406.0161""","=""0.0003""","=""4""","=""""",,"=""28490.920""","=""53113.533""","=""""","=""""","=""3/2""","=""""","=""""","=""5/2""",,
"=""406.05486""","=""406.0550""","=""0.0003""","=""4""","=""6.39e+05""",B,"=""25672.099""","=""50292.354""","=""""","=""""","=""5/2""","=""5d3.(4F).6s.(5F).6p""","=""6D*""","=""5/2""",,
"=""406.43720""","=""406.4372""","=""0.0005""","=""3""","=""""",,"=""34090.867""","=""58687.965""","=""5d5""","=""4F""","=""9/2""","=""""","=""""","=""9/2""",,
"=""407.29177""","=""407.2910""","=""0.0007""","=""2""","=""""",,"=""31538.785""","=""56084.326""","=""""","=""""","=""5/2""","=""""","=""""","=""3/2""",,
"=""408.12927""","=""408.12929""","=""0.00005""","=""31""","=""1.21e+06""",B,"=""14634.336""","=""39129.460""","=""5d4.(5D).6s""","=""4D""","=""3/2""","=""5d4.(5D).6p""","=""6F*""","=""3/2""",,
"=""408.84804""","=""408.8477""","=""0.0005""","=""3""","=""""",,"=""35826.644""","=""60278.726""","=""""","=""""","=""9/2""","=""""","=""""","=""9/2""",,
"=""408.93719""","=""408.9367""","=""0.0018""","=""7p""","=""""",,"=""34090.867""","=""58537.630""","=""5d5""","=""4F""","=""9/2""","=""""","=""""","=""7/2""",,
"=""409.63898""","=""409.6384""","=""0.0007""","=""2""","=""""",,"=""30618.045""","=""55022.932""","=""""","=""""","=""5/2""","=""""","=""""","=""7/2""",,
"=""409.89416""","=""409.89413""","=""0.00018""","=""7""","=""""",,"=""18000.627""","=""42390.287""","=""""","=""""","=""7/2""","=""5d3.(4F).6s.(5F).6p""","=""6G*""","=""7/2""",,
"=""409.91438""","=""409.91433""","=""0.00024""","=""6""","=""""",,"=""32486.525""","=""56874.983""","=""""","=""""","=""3/2""","=""""","=""""","=""5/2""",,
"=""410.10010""","=""410.10013""","=""0.00007""","=""26""","=""""",,"=""23955.349""","=""48332.758""","=""""","=""""","=""11/2""","=""5d3.(4F).6s.(5F).6p""","=""6G*""","=""11/2""",,
"=""410.28291""","=""410.28296""","=""0.00017""","=""9""","=""""",,"=""23046.724""","=""47413.270""","=""""","=""""","=""7/2""","=""""","=""""","=""5/2""",,
"=""411.07001""","=""411.0700""","=""0.0003""","=""4""","=""""",,"=""24804.612""","=""49124.508""","=""""","=""""","=""7/2""","=""""","=""""","=""7/2""",,
"=""411.41802""","=""411.41798""","=""0.00022""","=""7""","=""3.58e+05""",B,"=""22194.031""","=""46493.356""","=""""","=""""","=""7/2""","=""5d3.(4F).6s.(5F).6p""","=""6G*""","=""9/2""",,
"=""412.05162""","=""412.0517""","=""0.0003""","=""7*""","=""""",,"=""30223.744""","=""54485.701""","=""""","=""""","=""3/2""","=""""","=""""","=""1/2""",,
"=""412.05162""","=""412.0518""","=""0.0003""","=""7*""","=""""",,"=""34447.663""","=""58709.614""","=""""","=""""","=""5/2""","=""""","=""""","=""7/2""",,
"=""412.69894""","=""412.69895""","=""0.00010""","=""13""","=""2.83e+05""",B,"=""20534.191""","=""44758.095""","=""""","=""""","=""11/2""","=""""","=""""","=""9/2""",,
"=""413.03636""","=""413.0366""","=""0.0003""","=""4""","=""""",,"=""26226.897""","=""50430.999""","=""""","=""""","=""5/2""","=""""","=""""","=""3/2""",,
"=""413.71665""","=""413.71676""","=""0.00024""","=""6""","=""""",,"=""27273.753""","=""51438.064""","=""""","=""""","=""7/2""","=""""","=""""","=""5/2""",,
"=""413.74557""","=""413.741""","=""0.003""","=""43bl""","=""""",,"=""24991.591""","=""49154.484""","=""""","=""""","=""3/2""","=""""","=""""","=""1/2""",,
"=""413.76117""","=""413.76121""","=""0.00009""","=""19""","=""9.07e+05""",B,"=""14967.745""","=""39129.460""","=""""","=""""","=""5/2""","=""5d4.(5D).6p""","=""6F*""","=""3/2""",,
"=""413.85117""","=""413.85130""","=""0.00024""","=""6""","=""""",,"=""28118.836""","=""52275.291""","=""5d4.(3P1).6s""","=""4P""","=""5/2""","=""""","=""""","=""7/2""",,
"=""413.92564""","=""413.9257""","=""0.0007""","=""2""","=""""",,"=""30223.744""","=""54375.859""","=""""","=""""","=""3/2""","=""""","=""""","=""5/2""",,
"=""414.15024""","=""414.15019""","=""0.00024""","=""6""","=""""",,"=""32950.460""","=""57089.482""","=""""","=""""","=""7/2""","=""""","=""""","=""9/2""",,
"=""414.66187""","=""414.6617""","=""0.0005""","=""3""","=""""",,"=""25045.238""","=""49154.484""","=""5d4.(3D).6s""","=""4D""","=""1/2""","=""""","=""""","=""1/2""",,
"=""414.99855""","=""414.9987""","=""0.0003""","=""5""","=""""",,"=""22535.610""","=""46625.281""","=""""","=""""","=""1/2""","=""""","=""""","=""1/2""",,
"=""415.05275""","=""415.0526""","=""0.0007""","=""2""","=""""",,"=""30618.045""","=""54704.585""","=""""","=""""","=""5/2""","=""""","=""""","=""5/2""",,
"=""415.38888""","=""415.38884""","=""0.00021""","=""6""","=""""",,"=""35925.336""","=""59992.379""","=""""","=""""","=""5/2""","=""""","=""""","=""5/2""",,
"=""415.70309""","=""415.70307""","=""0.00010""","=""14""","=""5.78e+05""",B,"=""18000.627""","=""42049.478""","=""""","=""""","=""7/2""","=""5d4.(5D).6p""","=""6F*""","=""5/2""",,
"=""415.71153""","=""415.7116""","=""0.0003""","=""5""","=""""",,"=""37312.218""","=""61360.578""","=""""","=""""","=""7/2""","=""""","=""""","=""9/2""",,
"=""416.81665""","=""416.8166""","=""0.0007""","=""2""","=""""",,"=""25169.877""","=""49154.484""","=""""","=""""","=""3/2""","=""""","=""""","=""1/2""",,
"=""416.87295""","=""416.87295""","=""0.00007""","=""28""","=""""",,"=""22194.031""","=""46175.395""","=""""","=""""","=""7/2""","=""""","=""""","=""7/2""",,
"=""417.10055""","=""417.1006""","=""0.0003""","=""4""","=""""",,"=""28118.836""","=""52087.110""","=""5d4.(3P1).6s""","=""4P""","=""5/2""","=""""","=""""","=""5/2""",,
"=""417.55876""","=""417.55876""","=""0.00005""","=""36""","=""2.80e+06""",B,"=""14634.336""","=""38576.313""","=""5d4.(5D).6s""","=""4D""","=""3/2""","=""""","=""""","=""1/2""",,
"=""417.85913""","=""417.8593""","=""0.0007""","=""2""","=""""",,"=""32950.226""","=""56874.983""","=""""","=""""","=""3/2""","=""""","=""""","=""5/2""",,
"=""417.86357""","=""417.8634""","=""0.0005""","=""3""","=""""",,"=""32950.460""","=""56874.983""","=""""","=""""","=""7/2""","=""""","=""""","=""5/2""",,
"=""418.31146""","=""418.3115""","=""0.0007""","=""3""","=""2.13e+05""",B,"=""20455.888""","=""44354.784""","=""5d4.(3F2).6s""","=""4F""","=""3/2""","=""""","=""""","=""5/2""",,
"=""421.54711""","=""421.54709""","=""0.00005""","=""31""","=""""",,"=""31446.928""","=""55162.390""","=""""","=""""","=""7/2""","=""""","=""""","=""5/2""",,
"=""421.78463""","=""421.7843""","=""0.0007""","=""2""","=""""",,"=""16234.715""","=""39936.842""","=""""","=""""","=""5/2""","=""5d3.(4F).6s.(5F).6p""","=""6G*""","=""5/2""",,
"=""422.49286""","=""422.49284""","=""0.00007""","=""22""","=""""",,"=""32950.460""","=""56612.836""","=""""","=""""","=""7/2""","=""""","=""""","=""7/2""",,
"=""422.90864""","=""422.9084""","=""0.0004""","=""4""","=""""",,"=""34090.867""","=""57729.994""","=""5d5""","=""4F""","=""9/2""","=""""","=""""","=""7/2""",,
"=""423.18623""","=""423.1862""","=""0.0005""","=""3""","=""""",,"=""31538.785""","=""55162.390""","=""""","=""""","=""5/2""","=""""","=""""","=""5/2""",,
"=""424.10024""","=""424.1002""","=""0.0007""","=""2""","=""""",,"=""35826.644""","=""59399.339""","=""""","=""""","=""9/2""","=""""","=""""","=""9/2""",,
"=""424.32226""","=""424.3221""","=""0.0005""","=""3""","=""""",,"=""29341.426""","=""52901.794""","=""""","=""""","=""9/2""","=""""","=""""","=""7/2""",,
"=""425.09124""","=""425.092""","=""0.003""","=""2bl""","=""""",,"=""35925.336""","=""59443.051""","=""""","=""""","=""5/2""","=""""","=""""","=""5/2""",,
"=""425.69932""","=""425.6993""","=""0.0004""","=""4""","=""""",,"=""31538.785""","=""55022.932""","=""""","=""""","=""5/2""","=""""","=""""","=""7/2""",,
"=""426.22051""","=""426.2207""","=""0.0004""","=""3""","=""""",,"=""28631.688""","=""52087.110""","=""""","=""""","=""7/2""","=""""","=""""","=""5/2""",,
"=""427.06409""","=""427.0642""","=""0.0005""","=""3""","=""""",,"=""34447.663""","=""57856.759""","=""""","=""""","=""5/2""","=""""","=""""","=""5/2""",,
"=""427.73510""","=""427.7351""","=""0.0007""","=""2""","=""""",,"=""35315.585""","=""58687.965""","=""""","=""""","=""7/2""","=""""","=""""","=""9/2""",,
"=""428.11729""","=""428.1172""","=""0.0004""","=""3""","=""""",,"=""35925.336""","=""59276.854""","=""""","=""""","=""5/2""","=""""","=""""","=""7/2""",,
"=""428.19577""","=""428.1957""","=""0.0006""","=""3""","=""""",,"=""16589.603""","=""39936.842""","=""""","=""""","=""7/2""","=""5d3.(4F).6s.(5F).6p""","=""6G*""","=""5/2""",,
"=""428.38003""","=""428.3800""","=""0.0015""","=""15p""","=""""",,"=""14634.336""","=""37971.528""","=""5d4.(5D).6s""","=""4D""","=""3/2""","=""5d3.(4F).6s.(5F).6p""","=""6G*""","=""3/2""",,
"=""428.70061""","=""428.70068""","=""0.00022""","=""6""","=""""",,"=""19070.550""","=""42390.287""","=""""","=""""","=""9/2""","=""5d3.(4F).6s.(5F).6p""","=""6G*""","=""7/2""",,
"=""428.92917""","=""428.9296""","=""0.0009""","=""2""","=""2.77e+05""",B,"=""18990.929""","=""42298.223""","=""""","=""""","=""3/2""","=""""","=""""","=""3/2""",,
"=""429.38948""","=""429.3895""","=""0.0004""","=""5""","=""""",,"=""34447.663""","=""57729.994""","=""""","=""""","=""5/2""","=""""","=""""","=""7/2""",,
"=""429.82802""","=""429.8280""","=""0.0007""","=""2""","=""""",,"=""23234.778""","=""46493.356""","=""""","=""""","=""9/2""","=""5d3.(4F).6s.(5F).6p""","=""6G*""","=""9/2""",,
"=""430.33245""","=""430.33249""","=""0.00015""","=""10""","=""""",,"=""28631.688""","=""51862.999""","=""""","=""""","=""7/2""","=""""","=""""","=""7/2""",,
"=""430.92584""","=""430.9262""","=""0.0007""","=""2""","=""""",,"=""30223.744""","=""53423.050""","=""""","=""""","=""3/2""","=""""","=""""","=""3/2""",,
"=""432.33846""","=""432.33844""","=""0.00006""","=""43""","=""""",,"=""25209.233""","=""48332.758""","=""""","=""""","=""9/2""","=""5d3.(4F).6s.(5F).6p""","=""6G*""","=""11/2""",,
"=""432.45142""","=""432.4517""","=""0.0004""","=""3""","=""""",,"=""28377.585""","=""51495.054""","=""""","=""""","=""11/2""","=""""","=""""","=""11/2""",,
"=""432.51935""","=""432.5193""","=""0.0004""","=""5""","=""""",,"=""19276.431""","=""42390.287""","=""""","=""""","=""5/2""","=""5d3.(4F).6s.(5F).6p""","=""6G*""","=""7/2""",,
"=""433.55679""","=""433.55674""","=""0.00024""","=""8""","=""6.22e+05""",B,"=""18990.929""","=""42049.478""","=""""","=""""","=""3/2""","=""5d4.(5D).6p""","=""6F*""","=""5/2""",,
"=""434.23654""","=""434.23650""","=""0.00017""","=""10""","=""""",,"=""26158.581""","=""49181.034""","=""5d5""","=""4G""","=""9/2""","=""""","=""""","=""9/2""",,
"=""434.31959""","=""434.31972""","=""0.00019""","=""9""","=""1.44e+06""",B,"=""22535.610""","=""45553.652""","=""""","=""""","=""1/2""","=""""","=""""","=""3/2""",,
"=""434.81130""","=""434.811303""","=""0.000019""","=""109""","=""5.06e+06""",B,"=""13173.337""","=""36165.356""","=""5d4.(5D).6s""","=""4D""","=""1/2""","=""""","=""""","=""1/2""",,
"=""435.42098""","=""435.4210""","=""0.0003""","=""6""","=""""",,"=""31538.785""","=""54498.608""","=""""","=""""","=""5/2""","=""""","=""""","=""7/2""",,
"=""435.71534""","=""435.7151""","=""0.0004""","=""4""","=""""",,"=""37312.218""","=""60256.547""","=""""","=""""","=""7/2""","=""""","=""""","=""7/2""",,
"=""436.00786""","=""436.0077""","=""0.0006""","=""3""","=""""",,"=""31446.928""","=""54375.859""","=""""","=""""","=""7/2""","=""""","=""""","=""5/2""",,
"=""436.15045""","=""436.1499""","=""0.0004""","=""6""","=""""",,"=""22535.610""","=""45457.066""","=""""","=""""","=""1/2""","=""5d4.(5D).6p""","=""6F*""","=""1/2""",,
"=""439.37944""","=""439.37948""","=""0.00006""","=""27""","=""3.24e+05""",B,"=""19637.309""","=""42390.287""","=""""","=""""","=""5/2""","=""5d3.(4F).6s.(5F).6p""","=""6G*""","=""7/2""",,
"=""439.68668""","=""439.6866""","=""0.0006""","=""3""","=""""",,"=""30632.927""","=""53370.011""","=""""","=""""","=""9/2""","=""""","=""""","=""9/2""",,
"=""440.01686""","=""440.0167""","=""0.0004""","=""4""","=""""",,"=""30618.045""","=""53338.075""","=""""","=""""","=""5/2""","=""""","=""""","=""7/2""",,
"=""440.60575""","=""440.6058""","=""0.0004""","=""4""","=""2.44e+05""",B,"=""23803.702""","=""46493.356""","=""""","=""""","=""7/2""","=""5d3.(4F).6s.(5F).6p""","=""6G*""","=""9/2""",,
"=""440.96127""","=""440.9614""","=""0.0008""","=""2""","=""""",,"=""35315.585""","=""57986.939""","=""""","=""""","=""7/2""","=""""","=""""","=""9/2""",,
"=""441.93345""","=""441.9337""","=""0.0016""","=""1""","=""""",,"=""37312.218""","=""59933.692""","=""""","=""""","=""7/2""","=""""","=""""","=""7/2""",,
"=""442.18406""","=""442.1843""","=""0.0010""","=""5bl""","=""""",,"=""24804.612""","=""47413.270""","=""""","=""""","=""7/2""","=""""","=""""","=""5/2""",,
"=""442.27933""","=""442.2792""","=""0.0006""","=""3""","=""""",,"=""26226.897""","=""48830.701""","=""""","=""""","=""5/2""","=""""","=""""","=""7/2""",,
"=""443.30111""","=""443.3010""","=""0.0003""","=""6""","=""""",,"=""23803.702""","=""46355.404""","=""""","=""""","=""7/2""","=""""","=""""","=""5/2""",,
"=""443.50827""","=""443.5081""","=""0.0004""","=""3""","=""""",,"=""35315.585""","=""57856.759""","=""""","=""""","=""7/2""","=""""","=""""","=""5/2""",,
"=""443.57278""","=""443.572""","=""0.003""","=""2bl""","=""""",,"=""32950.226""","=""55488.134""","=""""","=""""","=""3/2""","=""5d3.(4P).6s.(5P).6p""","=""6P*""","=""3/2""",,
"=""443.74548""","=""443.7459""","=""0.0010""","=""2""","=""""",,"=""33910.548""","=""56439.643""","=""""","=""""","=""11/2""","=""5d4.(3H).6p""","=""4H*""","=""13/2""",,
"=""443.88625""","=""443.88629""","=""0.00016""","=""11""","=""""",,"=""34090.867""","=""56612.836""","=""5d5""","=""4F""","=""9/2""","=""""","=""""","=""7/2""",,
"=""443.89428""","=""443.8941""","=""0.0006""","=""3""","=""""",,"=""29341.426""","=""51862.999""","=""""","=""""","=""9/2""","=""""","=""""","=""7/2""",,
"=""444.99180""","=""444.9917""","=""0.0003""","=""6""","=""""",,"=""33910.548""","=""56376.569""","=""""","=""""","=""11/2""","=""""","=""""","=""11/2""",,
"=""446.06073""","=""446.0610""","=""0.0010""","=""2""","=""1.10e+05""",B,"=""19637.309""","=""42049.478""","=""""","=""""","=""5/2""","=""5d4.(5D).6p""","=""6F*""","=""5/2""",,
"=""446.86803""","=""446.86803""","=""0.00010""","=""20""","=""""",,"=""23803.702""","=""46175.395""","=""""","=""""","=""7/2""","=""""","=""""","=""7/2""",,
"=""447.88437""","=""447.8842""","=""0.0003""","=""5""","=""""",,"=""34447.663""","=""56768.602""","=""""","=""""","=""5/2""","=""""","=""""","=""7/2""",,
"=""449.44563""","=""449.4456""","=""0.0004""","=""3""","=""""",,"=""25169.877""","=""47413.270""","=""""","=""""","=""3/2""","=""""","=""""","=""5/2""",,
"=""449.68767""","=""449.6877""","=""0.0006""","=""3""","=""""",,"=""28631.688""","=""50863.106""","=""""","=""""","=""7/2""","=""5d4.(5D).6p""","=""6F*""","=""9/2""",,
"=""450.02154""","=""450.0216""","=""0.0006""","=""3""","=""2.57e+05""",B,"=""22139.861""","=""44354.784""","=""5d4.(3F2).6s""","=""4F""","=""5/2""","=""""","=""""","=""5/2""",,
"=""450.84849""","=""450.84857""","=""0.00014""","=""15""","=""""",,"=""26158.581""","=""48332.758""","=""5d5""","=""4G""","=""9/2""","=""5d3.(4F).6s.(5F).6p""","=""6G*""","=""11/2""",,
"=""451.12223""","=""451.1217""","=""0.0006""","=""3""","=""2.53e+05""",B,"=""22194.031""","=""44354.784""","=""""","=""""","=""7/2""","=""""","=""""","=""5/2""",,
"=""453.23107""","=""453.2314""","=""0.0008""","=""2""","=""""",,"=""26226.897""","=""48284.498""","=""""","=""""","=""5/2""","=""""","=""""","=""5/2""",,
"=""454.21058""","=""454.2103""","=""0.0010""","=""2""","=""2.49e+05""",B,"=""25169.877""","=""47179.941""","=""""","=""""","=""3/2""","=""""","=""""","=""3/2""",,
"=""454.43502""","=""454.4351""","=""0.0003""","=""5""","=""""",,"=""32486.525""","=""54485.701""","=""""","=""""","=""3/2""","=""""","=""""","=""1/2""",,
"=""455.65933""","=""455.65915""","=""0.00023""","=""9""","=""""",,"=""28490.920""","=""50430.999""","=""""","=""""","=""3/2""","=""""","=""""","=""3/2""",,
"=""456.71564""","=""456.7155""","=""0.0008""","=""2""","=""""",,"=""32486.525""","=""54375.859""","=""""","=""""","=""3/2""","=""""","=""""","=""5/2""",,
"=""458.77688""","=""458.7770""","=""0.0004""","=""3""","=""""",,"=""31538.785""","=""53329.762""","=""""","=""""","=""5/2""","=""""","=""""","=""3/2""",,
"=""460.45912""","=""460.45915""","=""0.00013""","=""14""","=""3.40e+05""",B,"=""23046.724""","=""44758.095""","=""""","=""""","=""7/2""","=""""","=""""","=""9/2""",,
"=""461.60914""","=""461.6099""","=""0.0019""","=""1""","=""""",,"=""30618.045""","=""52275.291""","=""""","=""""","=""5/2""","=""""","=""""","=""7/2""",,
"=""462.62072""","=""462.6207""","=""0.0009""","=""2""","=""""",,"=""20780.358""","=""42390.287""","=""""","=""""","=""9/2""","=""5d3.(4F).6s.(5F).6p""","=""6G*""","=""7/2""",,
"=""463.88987""","=""463.8902""","=""0.0006""","=""3""","=""""",,"=""24804.612""","=""46355.404""","=""""","=""""","=""7/2""","=""""","=""""","=""5/2""",,
"=""464.31571""","=""464.3162""","=""0.0004""","=""5""","=""""",,"=""14634.336""","=""36165.356""","=""5d4.(5D).6s""","=""4D""","=""3/2""","=""""","=""""","=""1/2""",,
"=""464.48236""","=""464.4823""","=""0.0006""","=""3""","=""8.4e+04""",B,"=""23234.778""","=""44758.095""","=""""","=""""","=""9/2""","=""""","=""""","=""9/2""",,
"=""465.82586""","=""465.8259""","=""0.0003""","=""6""","=""1.15e+06""",B,"=""23450.418""","=""44911.659""","=""5d4.(3D).6s""","=""4D""","=""5/2""","=""""","=""""","=""3/2""",,
"=""466.57483""","=""466.5748""","=""0.0003""","=""7""","=""4.80e+05""",B,"=""23450.418""","=""44877.209""","=""5d4.(3D).6s""","=""4D""","=""5/2""","=""5d4.(5D).6p""","=""6F*""","=""7/2""",,
"=""467.95013""","=""467.9503""","=""0.0007""","=""3""","=""""",,"=""24991.591""","=""46355.404""","=""""","=""""","=""3/2""","=""""","=""""","=""5/2""",,
"=""467.96743""","=""467.9679""","=""0.0018""","=""10p""","=""""",,"=""31538.785""","=""52901.794""","=""""","=""""","=""5/2""","=""""","=""""","=""7/2""",,
"=""469.17479""","=""469.1747""","=""0.0004""","=""5""","=""3.12e+05""",B,"=""23046.724""","=""44354.784""","=""""","=""""","=""7/2""","=""""","=""""","=""5/2""",,
"=""469.70153""","=""469.7023""","=""0.0022""","=""1""","=""""",,"=""25209.233""","=""46493.356""","=""""","=""""","=""9/2""","=""5d3.(4F).6s.(5F).6p""","=""6G*""","=""9/2""",,
"=""470.89747""","=""470.89820""","=""0.00022""","=""8""","=""""",,"=""30632.927""","=""51862.999""","=""""","=""""","=""9/2""","=""""","=""""","=""7/2""",,
"=""471.24830""","=""471.2479""","=""0.0016""","=""4bl""","=""""",,"=""30223.744""","=""51438.064""","=""""","=""""","=""3/2""","=""""","=""""","=""5/2""",,
"=""471.88838""","=""471.8883""","=""0.0003""","=""5""","=""""",,"=""25169.877""","=""46355.404""","=""""","=""""","=""3/2""","=""""","=""""","=""5/2""",,
"=""476.82580""","=""476.8257""","=""0.0005""","=""5""","=""""",,"=""25209.233""","=""46175.395""","=""""","=""""","=""9/2""","=""""","=""""","=""7/2""",,
"=""478.23543""","=""478.2353""","=""0.0009""","=""2""","=""2.03e+05""",B,"=""23450.418""","=""44354.784""","=""5d4.(3D).6s""","=""4D""","=""5/2""","=""""","=""""","=""5/2""",,
"=""480.57096""","=""480.5714""","=""0.0012""","=""2""","=""""",,"=""23955.349""","=""44758.095""","=""""","=""""","=""11/2""","=""""","=""""","=""9/2""",,
"=""480.95418""","=""480.9542""","=""0.0005""","=""4""","=""""",,"=""35826.644""","=""56612.836""","=""""","=""""","=""9/2""","=""""","=""""","=""7/2""",,
"=""486.45636""","=""486.4565""","=""0.0007""","=""3""","=""2.00e+05""",B,"=""23803.702""","=""44354.784""","=""""","=""""","=""7/2""","=""""","=""""","=""5/2""",,
"=""493.67844""","=""493.6790""","=""0.0005""","=""4""","=""2.01e+05""",B,"=""22139.861""","=""42390.287""","=""5d4.(3F2).6s""","=""4F""","=""5/2""","=""5d3.(4F).6s.(5F).6p""","=""6G*""","=""7/2""",,
"=""500.98343""","=""500.9835""","=""0.0005""","=""5""","=""""",,"=""28377.585""","=""48332.758""","=""""","=""""","=""11/2""","=""5d3.(4F).6s.(5F).6p""","=""6G*""","=""11/2""",,
"=""501.02556""","=""501.0259""","=""0.0008""","=""3""","=""2.00e+05""",B,"=""24804.612""","=""44758.095""","=""""","=""""","=""7/2""","=""""","=""""","=""9/2""",,
"=""513.17874""","=""513.1789""","=""0.0005""","=""4""","=""""",,"=""20455.888""","=""39936.842""","=""5d4.(3F2).6s""","=""4F""","=""3/2""","=""5d3.(4F).6s.(5F).6p""","=""6G*""","=""5/2""",,
"=""527.83992""","=""527.8399""","=""0.0006""","=""3""","=""1.08e+05""",B,"=""23450.418""","=""42390.287""","=""5d4.(3D).6s""","=""4D""","=""5/2""","=""5d3.(4F).6s.(5F).6p""","=""6G*""","=""7/2""",,
"=""570.75920""","=""570.7600""","=""0.0013""","=""2""","=""""",,"=""20455.888""","=""37971.528""","=""5d4.(3F2).6s""","=""4F""","=""3/2""","=""5d3.(4F).6s.(5F).6p""","=""6G*""","=""3/2""",,
