obs_wl_vac(nm),ritz_wl_vac(nm),intens,Aki(s^-1),Acc,Ei(cm-1),Ek(cm-1),conf_i,term_i,J_i,conf_k,term_k,J_k,Type,
"=""67.5295""","=""67.52870+""","=""3""","=""""",,"=""0.00""","=""148085.19""","=""5s2.5p5""","=""2P*""","=""3/2""","=""5s2.5p4.(3P<1>).6d""","=""2[1]""","=""3/2""",,
"=""67.7666""","=""67.76703+""","=""1""","=""""",,"=""0.00""","=""147564.38""","=""5s2.5p5""","=""2P*""","=""3/2""","=""5s2.5p4.(3P<2>).8s""","=""2[2]""","=""3/2""",,
"=""68.0645""","=""68.06061+""","=""""","=""""",,"=""0.00""","=""146927.86""","=""5s2.5p5""","=""2P*""","=""3/2""","=""5s2.5p4.(3P<1>).6d""","=""2[3]""","=""5/2""",,
"=""69.2588""","=""69.25932+""","=""1""","=""""",,"=""0.00""","=""144384.90""","=""5s2.5p5""","=""2P*""","=""3/2""","=""5s2.5p4.(3P<0>).6d""","=""2[2]""","=""5/2""",,
"=""69.9660""","=""69.96437+""","=""0""","=""""",,"=""0.00""","=""142929.90""","=""5s2.5p5""","=""2P*""","=""3/2""","=""5s2.5p4.(3P<1>).7s""","=""2[1]""","=""1/2""",,
"=""70.2342""","=""70.23353+""","=""2""","=""""",,"=""0.00""","=""142382.13""","=""5s2.5p5""","=""2P*""","=""3/2""","=""5s2.5p4.(3P<1>).7s""","=""2[1]""","=""3/2""",,
"=""71.6129""","=""71.61250+""","=""2""","=""""",,"=""0.00""","=""139640.43""","=""5s2.5p5""","=""2P*""","=""3/2""","=""5s2.5p4.(3P<2>).6d""","=""2[1]""","=""3/2""",,
"=""71.8936""","=""71.89368+""","=""3""","=""""",,"=""0.00""","=""139094.28""","=""5s2.5p5""","=""2P*""","=""3/2""","=""5s2.5p4.(3P<2>).6d""","=""2[3]""","=""5/2""",,
"=""72.0839""","=""72.08423+""","=""2""","=""""",,"=""0.00""","=""138726.59""","=""5s2.5p5""","=""2P*""","=""3/2""","=""5s2.5p4.(3P<2>).6d""","=""2[0]""","=""1/2""",,
"=""72.4303""","=""72.43092+""","=""2""","=""""",,"=""0.00""","=""138062.59""","=""5s2.5p5""","=""2P*""","=""3/2""","=""5s2.5p4.(1S<0>).5d""","=""2[2]""","=""3/2""",,
"=""73.2266""","=""73.23104+""","=""2d*""","=""""",,"=""0.00""","=""136554.11""","=""5s2.5p5""","=""2P*""","=""3/2""","=""5s2.5p4.(3P<2>).6d""","=""2[1]""","=""1/2""",,
"=""73.2266""","=""73.22272+""","=""2d*""","=""""",,"=""0.00""","=""136569.63""","=""5s2.5p5""","=""2P*""","=""3/2""","=""5s2.5p4.(1S<0>).5d""","=""2[2]""","=""5/2""",,
"=""74.0406""","=""74.04064+""","=""2""","=""""",,"=""0.00""","=""135060.97""","=""5s2.5p5""","=""2P*""","=""3/2""","=""5s2.5p4.(1D<2>).5d""","=""2[0]""","=""1/2""",,
"=""75.0815""","=""75.08104+""","=""2""","=""""",,"=""0.00""","=""133189.42""","=""5s2.5p5""","=""2P*""","=""3/2""","=""5s2.5p4.(3P<2>).7s""","=""2[2]""","=""3/2""",,
"=""75.5321""","=""75.53276+""","=""0""","=""""",,"=""10537.01""","=""142929.90""","=""5s2.5p5""","=""2P*""","=""1/2""","=""5s2.5p4.(3P<1>).7s""","=""2[1]""","=""1/2""",,
"=""75.8508""","=""75.84657+""","=""""","=""""",,"=""10537.01""","=""142382.13""","=""5s2.5p5""","=""2P*""","=""1/2""","=""5s2.5p4.(3P<1>).7s""","=""2[1]""","=""3/2""",,
"=""76.7203""","=""76.71865+""","=""0""","=""""",,"=""10537.01""","=""140883.42""","=""5s2.5p5""","=""2P*""","=""1/2""","=""5s2.5p4.(3P<0>).7s""","=""2[0]""","=""1/2""",,
"=""77.3689""","=""77.37040+""","=""1""","=""""",,"=""0.00""","=""129248.39""","=""5s2.5p5""","=""2P*""","=""3/2""","=""5s2.5p4.(1S<0>).6s""","=""2[0]""","=""1/2""",,
"=""77.4572""","=""77.45728+""","=""5""","=""""",,"=""10537.01""","=""139640.43""","=""5s2.5p5""","=""2P*""","=""1/2""","=""5s2.5p4.(3P<2>).6d""","=""2[1]""","=""3/2""",,
"=""78.4152""","=""78.41564+""","=""4*""","=""""",,"=""10537.01""","=""138062.59""","=""5s2.5p5""","=""2P*""","=""1/2""","=""5s2.5p4.(1S<0>).5d""","=""2[2]""","=""3/2""",,
"=""78.4152""","=""78.41458+""","=""4*""","=""""",,"=""0.00""","=""127527.30""","=""5s2.5p5""","=""2P*""","=""3/2""","=""5s2.5p4.(1D<2>).5d""","=""2[2]""","=""3/2""",,
"=""78.7343""","=""78.73346+""","=""5""","=""""",,"=""0.00""","=""127010.80""","=""5s2.5p5""","=""2P*""","=""3/2""","=""5s2.5p4.(1D<2>).5d""","=""2[1]""","=""1/2""",,
"=""79.3553""","=""79.35431+""","=""0""","=""""",,"=""10537.01""","=""136554.11""","=""5s2.5p5""","=""2P*""","=""1/2""","=""5s2.5p4.(3P<2>).6d""","=""2[1]""","=""1/2""",,
"=""80.3066""","=""80.30583+""","=""1""","=""""",,"=""10537.01""","=""135060.97""","=""5s2.5p5""","=""2P*""","=""1/2""","=""5s2.5p4.(1D<2>).5d""","=""2[0]""","=""1/2""",,
"=""80.4504""","=""80.44925+""","=""7""","=""""",,"=""0.00""","=""124301.96""","=""5s2.5p5""","=""2P*""","=""3/2""","=""5s2.5p4.(1D<2>).5d""","=""2[2]""","=""5/2""",,
"=""80.6009""","=""80.59962+""","=""4""","=""""",,"=""0.00""","=""124070.06""","=""5s2.5p5""","=""2P*""","=""3/2""","=""5s2.5p4.(1D<2>).5d""","=""2[1]""","=""3/2""",,
"=""83.9740""","=""83.97329+""","=""5""","=""""",,"=""0.00""","=""119085.49""","=""5s2.5p5""","=""2P*""","=""3/2""","=""5s2.5p4.(1D<2>).5d""","=""2[3]""","=""5/2""",,
"=""84.2388""","=""84.23792+""","=""6""","=""""",,"=""10537.01""","=""129248.39""","=""5s2.5p5""","=""2P*""","=""1/2""","=""5s2.5p4.(1S<0>).6s""","=""2[0]""","=""1/2""",,
"=""85.4778""","=""85.47718+""","=""6d""","=""""",,"=""10537.01""","=""127527.30""","=""5s2.5p5""","=""2P*""","=""1/2""","=""5s2.5p4.(1D<2>).5d""","=""2[2]""","=""3/2""",,
"=""85.8580""","=""85.85623+""","=""4bl""","=""""",,"=""10537.01""","=""127010.80""","=""5s2.5p5""","=""2P*""","=""1/2""","=""5s2.5p4.(1D<2>).5d""","=""2[1]""","=""1/2""",,
"=""87.1458""","=""87.14515+""","=""7""","=""""",,"=""0.00""","=""114751.08""","=""5s2.5p5""","=""2P*""","=""3/2""","=""5s2.5p4.(3P<1>).5d""","=""2[3]""","=""5/2""",,
"=""88.0802""","=""88.08008+""","=""5""","=""""",,"=""10537.01""","=""124070.06""","=""5s2.5p5""","=""2P*""","=""1/2""","=""5s2.5p4.(1D<2>).5d""","=""2[1]""","=""3/2""",,
"=""88.5544""","=""88.55448+""","=""3""","=""""",,"=""0.00""","=""112924.84""","=""5s2.5p5""","=""2P*""","=""3/2""","=""5s2.5p4.(1D<2>).6s""","=""2[2]""","=""3/2""",,
"=""88.7280""","=""88.72828+""","=""8""","=""""",,"=""0.00""","=""112703.64""","=""5s2.5p5""","=""2P*""","=""3/2""","=""5s2.5p4.(3P<1>).5d""","=""2[2]""","=""5/2""",,
"=""89.8255""","=""89.82550+""","=""0""","=""""",,"=""0.00""","=""111326.96""","=""5s2.5p5""","=""2P*""","=""3/2""","=""5s2.5p4.(3P<1>).5d""","=""2[2]""","=""3/2""",,
"=""91.2716""","=""91.27157+""","=""8""","=""""",,"=""0.00""","=""109563.14""","=""5s2.5p5""","=""2P*""","=""3/2""","=""5s2.5p4.(1D<2>).6s""","=""2[2]""","=""5/2""",,
"=""92.5866""","=""92.58635+""","=""5""","=""""",,"=""0.00""","=""108007.28""","=""5s2.5p5""","=""2P*""","=""3/2""","=""5s2.5p4.(3P<0>).5d""","=""2[2]""","=""5/2""",,
"=""92.6741""","=""92.67454+""","=""3""","=""""",,"=""0.00""","=""107904.50""","=""5s2.5p5""","=""2P*""","=""3/2""","=""5s2.5p4.(3P<1>).5d""","=""2[1]""","=""3/2""",,
"=""93.1260""","=""93.12570+""","=""5""","=""""",,"=""0.00""","=""107381.74""","=""5s2.5p5""","=""2P*""","=""3/2""","=""5s2.5p4.(3P<0>).5d""","=""2[2]""","=""3/2""",,
"=""93.5405""","=""93.54001+""","=""""","=""""",,"=""0.00""","=""106906.12""","=""5s2.5p5""","=""2P*""","=""3/2""","=""5s2.5p4.(3P<1>).6s""","=""2[1]""","=""1/2""",,
"=""93.9186""","=""93.91858+""","=""6""","=""""",,"=""0.00""","=""106475.21""","=""5s2.5p5""","=""2P*""","=""3/2""","=""5s2.5p4.(3P<2>).5d""","=""2[3]""","=""5/2""",,
"=""94.3859""","=""94.38633+""","=""3""","=""""",,"=""0.00""","=""105947.55""","=""5s2.5p5""","=""2P*""","=""3/2""","=""5s2.5p4.(3P<2>).5d""","=""2[0]""","=""1/2""",,
"=""94.9544""","=""94.95474+""","=""7""","=""""",,"=""0.00""","=""105313.33""","=""5s2.5p5""","=""2P*""","=""3/2""","=""5s2.5p4.(3P<2>).5d""","=""2[1]""","=""3/2""",,
"=""95.9230""","=""95.92321+""","=""7""","=""""",,"=""0.00""","=""104250.06""","=""5s2.5p5""","=""2P*""","=""3/2""","=""5s2.5p4.(3P<1>).5d""","=""2[1]""","=""1/2""",,
"=""97.2769""","=""97.27714+""","=""6""","=""""",,"=""0.00""","=""102799.07""","=""5s2.5p5""","=""2P*""","=""3/2""","=""5s2.5p4.(3P<1>).6s""","=""2[1]""","=""3/2""",,
"=""97.6678""","=""97.66786+""","=""5""","=""""",,"=""10537.01""","=""112924.84""","=""5s2.5p5""","=""2P*""","=""1/2""","=""5s2.5p4.(1D<2>).6s""","=""2[2]""","=""3/2""",,
"=""98.8555""","=""98.85576+""","=""8""","=""""",,"=""0.00""","=""101157.48""","=""5s2.5p5""","=""2P*""","=""3/2""","=""5s2.5p4.(3P<0>).6s""","=""2[0]""","=""1/2""",,
"=""99.2165""","=""99.21624+""","=""6""","=""""",,"=""10537.01""","=""111326.96""","=""5s2.5p5""","=""2P*""","=""1/2""","=""5s2.5p4.(3P<1>).5d""","=""2[2]""","=""3/2""",,
"=""102.7050""","=""102.70368+""","=""5""","=""""",,"=""10537.01""","=""107904.50""","=""5s2.5p5""","=""2P*""","=""1/2""","=""5s2.5p4.(3P<1>).5d""","=""2[1]""","=""3/2""",,
"=""103.2438""","=""103.24373+""","=""3""","=""""",,"=""0.00""","=""96858.18""","=""5s2.5p5""","=""2P*""","=""3/2""","=""5s2.5p4.(3P<2>).5d""","=""2[1]""","=""1/2""",,
"=""103.2596""","=""103.25807+""","=""5""","=""""",,"=""10537.01""","=""107381.74""","=""5s2.5p5""","=""2P*""","=""1/2""","=""5s2.5p4.(3P<0>).5d""","=""2[2]""","=""3/2""",,
"=""103.7680""","=""103.76769+""","=""6""","=""""",,"=""10537.01""","=""106906.12""","=""5s2.5p5""","=""2P*""","=""1/2""","=""5s2.5p4.(3P<1>).6s""","=""2[1]""","=""1/2""",,
"=""104.1306""","=""104.13035+""","=""10""","=""""",,"=""0.00""","=""96033.48""","=""5s2.5p5""","=""2P*""","=""3/2""","=""5s2.5p4.(3P<2>).5d""","=""2[2]""","=""3/2""",,
"=""104.8120""","=""104.81022+""","=""2c""","=""""",,"=""10537.01""","=""105947.55""","=""5s2.5p5""","=""2P*""","=""1/2""","=""5s2.5p4.(3P<2>).5d""","=""2[0]""","=""1/2""",,
"=""104.8272""","=""104.82539+""","=""8""","=""""",,"=""0.00""","=""95396.74""","=""5s2.5p5""","=""2P*""","=""3/2""","=""5s2.5p4.(3P<2>).5d""","=""2[2]""","=""5/2""",,
"=""105.1920""","=""105.19187+""","=""10""","=""""",,"=""0.00""","=""95064.38""","=""5s2.5p5""","=""2P*""","=""3/2""","=""5s2.5p4.(3P<2>).6s""","=""2[2]""","=""3/2""",,
"=""106.7088""","=""106.70872+""","=""6""","=""""",,"=""10537.01""","=""104250.06""","=""5s2.5p5""","=""2P*""","=""1/2""","=""5s2.5p4.(3P<1>).5d""","=""2[1]""","=""1/2""",,
"=""107.4476""","=""107.44781+""","=""12""","=""""",,"=""0.00""","=""93068.44""","=""5s2.5p5""","=""2P*""","=""3/2""","=""5s2.5p4.(3P<2>).6s""","=""2[2]""","=""5/2""",,
"=""108.3860""","=""108.38691+""","=""5""","=""""",,"=""10537.01""","=""102799.07""","=""5s2.5p5""","=""2P*""","=""1/2""","=""5s2.5p4.(3P<1>).6s""","=""2[1]""","=""3/2""",,
"=""110.0432""","=""110.04268+""","=""10""","=""""",,"=""0.00""","=""90873.83""","=""5s2.5p5""","=""2P*""","=""3/2""","=""5s.5p6""","=""2S""","=""1/2""",,
"=""110.3515""","=""110.35034+""","=""0""","=""""",,"=""10537.01""","=""101157.48""","=""5s2.5p5""","=""2P*""","=""1/2""","=""5s2.5p4.(3P<0>).6s""","=""2[0]""","=""1/2""",,
"=""115.8474""","=""115.84644+""","=""5""","=""""",,"=""10537.01""","=""96858.18""","=""5s2.5p5""","=""2P*""","=""1/2""","=""5s2.5p4.(3P<2>).5d""","=""2[1]""","=""1/2""",,
"=""116.9633""","=""116.96389+""","=""2""","=""""",,"=""10537.01""","=""96033.48""","=""5s2.5p5""","=""2P*""","=""1/2""","=""5s2.5p4.(3P<2>).5d""","=""2[2]""","=""3/2""",,
"=""118.3053""","=""118.30488+""","=""8""","=""""",,"=""10537.01""","=""95064.38""","=""5s2.5p5""","=""2P*""","=""1/2""","=""5s2.5p4.(3P<2>).6s""","=""2[2]""","=""3/2""",,
"=""124.4756""","=""124.47593+""","=""5""","=""""",,"=""10537.01""","=""90873.83""","=""5s2.5p5""","=""2P*""","=""1/2""","=""5s.5p6""","=""2S""","=""1/2""",,
"=""188.1485""","=""188.1531+""","=""0""","=""""",,"=""95437.67""","=""148585.89""","=""5s2.5p4.(3P<2>).5d""","=""2[3]""","=""7/2""","=""5s2.5p4.(3P<1>).4f""","=""2[4]*""","=""9/2""",,
"=""197.2673""","=""197.2703+""","=""0""","=""""",,"=""99404.99""","=""150096.85""","=""5s2.5p4.(3P<2>).5d""","=""2[4]""","=""9/2""","=""5s2.5p4.(3P<2>).5f""","=""2[5]*""","=""11/2""",,
obs_wl_air(nm),ritz_wl_air(nm),intens,Aki(s^-1),Acc,Ei(cm-1),Ek(cm-1),conf_i,term_i,J_i,conf_k,term_k,J_k,Type,
"=""202.114""","=""202.1133+""","=""1""","=""""",,"=""90873.83""","=""140335.09""","=""5s.5p6""","=""2S""","=""1/2""","=""5s2.5p4.(3P<2>).4f""","=""2[1]*""","=""3/2""",,
"=""203.616""","=""203.6201+""","=""0a""","=""""",,"=""108007.28""","=""157102.56""","=""5s2.5p4.(3P<0>).5d""","=""2[2]""","=""5/2""","=""5s2.5p4.(1D<2>).4f""","=""2[3]*""","=""7/2""",,
"=""204.042""","=""204.0431+""","=""0""","=""""",,"=""108423.07""","=""157416.58""","=""5s2.5p4.(3P<1>).5d""","=""2[3]""","=""7/2""","=""5s2.5p4.(1D<2>).4f""","=""2[4]*""","=""9/2""",,
"=""204.346""","=""204.3482+""","=""0a""","=""""",,"=""107381.74""","=""156302.13""","=""5s2.5p4.(3P<0>).5d""","=""2[2]""","=""3/2""","=""5s2.5p4.(1D<2>).4f""","=""2[2]*""","=""3/2""",,
"=""205.3697""","=""205.3739+""","=""0""","=""""",,"=""101535.67""","=""150211.76""","=""5s2.5p4.(3P<2>).5d""","=""2[4]""","=""7/2""","=""5s2.5p4.(3P<2>).5f""","=""2[5]*""","=""9/2""",,
"=""206.555""","=""206.5557+""","=""0""","=""""",,"=""107904.50""","=""156302.13""","=""5s2.5p4.(3P<1>).5d""","=""2[1]""","=""3/2""","=""5s2.5p4.(1D<2>).4f""","=""2[2]*""","=""3/2""",,
"=""206.833""","=""206.8392+""","=""0a""","=""""",,"=""107904.50""","=""156235.80""","=""5s2.5p4.(3P<1>).5d""","=""2[1]""","=""3/2""","=""5s2.5p4.(1D<2>).4f""","=""2[2]*""","=""5/2""",,
"=""206.995""","=""206.9953+""","=""0""","=""""",,"=""108007.28""","=""156302.13""","=""5s2.5p4.(3P<0>).5d""","=""2[2]""","=""5/2""","=""5s2.5p4.(1D<2>).4f""","=""2[2]*""","=""3/2""",,
"=""207.632""","=""207.6311+""","=""1""","=""""",,"=""101535.67""","=""149682.65""","=""5s2.5p4.(3P<2>).5d""","=""2[4]""","=""7/2""","=""5s2.5p4.(3P<1>).4f""","=""2[3]*""","=""7/2""",,
"=""210.284""","=""210.2850+""","=""0""","=""""",,"=""109563.14""","=""157102.56""","=""5s2.5p4.(1D<2>).6s""","=""2[2]""","=""5/2""","=""5s2.5p4.(1D<2>).4f""","=""2[3]*""","=""7/2""",,
"=""210.824""","=""210.8192+""","=""0a""","=""""",,"=""108423.07""","=""155842.04""","=""5s2.5p4.(3P<1>).5d""","=""2[3]""","=""7/2""","=""5s2.5p4.(3P<2>).6f""","=""2[5]*""","=""9/2""",,
"=""211.721""","=""211.7184+""","=""1""","=""""",,"=""101157.48""","=""148375.10""","=""5s2.5p4.(3P<0>).6s""","=""2[0]""","=""1/2""","=""5s2.5p4.(3P<1>).4f""","=""2[2]*""","=""3/2""",,
"=""212.061""","=""212.0600+""","=""1""","=""""",,"=""93068.44""","=""140209.99""","=""5s2.5p4.(3P<2>).6s""","=""2[2]""","=""5/2""","=""5s2.5p4.(3P<2>).4f""","=""2[2]*""","=""5/2""",,
"=""212.473""","=""212.4717+""","=""2""","=""""",,"=""101535.67""","=""148585.89""","=""5s2.5p4.(3P<2>).5d""","=""2[4]""","=""7/2""","=""5s2.5p4.(3P<1>).4f""","=""2[4]*""","=""9/2""",,
"=""212.873""","=""212.8729+""","=""1""","=""""",,"=""93068.44""","=""140029.99""","=""5s2.5p4.(3P<2>).6s""","=""2[2]""","=""5/2""","=""5s2.5p4.(3P<2>).4f""","=""2[4]*""","=""7/2""",,
"=""213.885""","=""213.8867+""","=""1""","=""""",,"=""109563.14""","=""156302.13""","=""5s2.5p4.(1D<2>).6s""","=""2[2]""","=""5/2""","=""5s2.5p4.(1D<2>).4f""","=""2[2]*""","=""3/2""",,
"=""214.225""","=""214.2238+""","=""0""","=""""",,"=""93068.44""","=""139733.89""","=""5s2.5p4.(3P<2>).6s""","=""2[2]""","=""5/2""","=""5s2.5p4.(3P<2>).7p""","=""2[3]*""","=""7/2""",,
"=""214.631""","=""214.6282+""","=""0""","=""""",,"=""93068.44""","=""139645.98""","=""5s2.5p4.(3P<2>).6s""","=""2[2]""","=""5/2""","=""5s2.5p4.(3P<2>).7p""","=""2[3]*""","=""5/2""",,
"=""215.308""","=""215.3102+""","=""0a""","=""""",,"=""93068.44""","=""139498.46""","=""5s2.5p4.(3P<2>).6s""","=""2[2]""","=""5/2""","=""5s2.5p4.(3P<2>).4f""","=""2[2]*""","=""3/2""",,
"=""215.490""","=""215.4838+""","=""1""","=""""",,"=""102799.07""","=""149191.69""","=""5s2.5p4.(3P<1>).6s""","=""2[1]""","=""3/2""","=""5s2.5p4.(1S<0>).6p""","=""2[1]*""","=""3/2""",,
"=""216.605""","=""216.6039+""","=""1""","=""""",,"=""102799.07""","=""148951.80""","=""5s2.5p4.(3P<1>).6s""","=""2[1]""","=""3/2""","=""5s2.5p4.(3P<1>).4f""","=""2[2]*""","=""5/2""",,
"=""216.784""","=""216.7852+""","=""1""","=""""",,"=""93068.44""","=""139182.58""","=""5s2.5p4.(3P<2>).6s""","=""2[2]""","=""5/2""","=""5s2.5p4.(3P<2>).4f""","=""2[3]*""","=""5/2""",,
"=""217.040""","=""217.0384+""","=""1""","=""""",,"=""93068.44""","=""139128.78""","=""5s2.5p4.(3P<2>).6s""","=""2[2]""","=""5/2""","=""5s2.5p4.(3P<2>).7p""","=""2[2]*""","=""5/2""",,
"=""217.164""","=""217.1653+""","=""2""","=""""",,"=""101535.67""","=""147569.10""","=""5s2.5p4.(3P<2>).5d""","=""2[4]""","=""7/2""","=""5s2.5p4.(3P<0>).4f""","=""2[3]*""","=""7/2""",,
"=""217.623""","=""217.6221+""","=""2""","=""""",,"=""93068.44""","=""139005.27""","=""5s2.5p4.(3P<2>).6s""","=""2[2]""","=""5/2""","=""5s2.5p4.(3P<2>).4f""","=""2[3]*""","=""7/2""",,
"=""217.825""","=""217.8248+""","=""0""","=""""",,"=""111326.96""","=""157221.03""","=""5s2.5p4.(3P<1>).5d""","=""2[2]""","=""3/2""","=""5s2.5p4.(1D<2>).4f""","=""2[3]*""","=""5/2""",,
"=""219.278""","=""219.2771+""","=""0""","=""""",,"=""95396.74""","=""140986.89""","=""5s2.5p4.(3P<2>).5d""","=""2[2]""","=""5/2""","=""5s2.5p4.(3P<2>).7p""","=""2[2]*""","=""3/2""",,
"=""219.348""","=""219.3450+""","=""1*""","=""""",,"=""102799.07""","=""148375.10""","=""5s2.5p4.(3P<1>).6s""","=""2[1]""","=""3/2""","=""5s2.5p4.(3P<1>).4f""","=""2[2]*""","=""3/2""",,
"=""219.348""","=""219.344+""","=""1*""","=""""",,"=""111792.17""","=""157368.5""","=""5s2.5p4.(3P<2>).6p""","=""2[2]*""","=""3/2""","=""5s2.5p4.(3P<1>).8s""","=""2[1]""","=""1/2""",,
"=""220.824""","=""220.8245+""","=""3""","=""""",,"=""95064.38""","=""140335.09""","=""5s2.5p4.(3P<2>).6s""","=""2[2]""","=""3/2""","=""5s2.5p4.(3P<2>).4f""","=""2[1]*""","=""3/2""",,
"=""221.437""","=""221.4365+""","=""3""","=""""",,"=""95064.38""","=""140209.99""","=""5s2.5p4.(3P<2>).6s""","=""2[2]""","=""3/2""","=""5s2.5p4.(3P<2>).4f""","=""2[2]*""","=""5/2""",,
"=""221.558""","=""221.5559+""","=""2""","=""""",,"=""95064.38""","=""140185.67""","=""5s2.5p4.(3P<2>).6s""","=""2[2]""","=""3/2""","=""5s2.5p4.(3P<2>).4f""","=""2[1]*""","=""1/2""",,
"=""222.276""","=""222.2757+""","=""3""","=""""",,"=""111326.96""","=""156302.13""","=""5s2.5p4.(3P<1>).5d""","=""2[2]""","=""3/2""","=""5s2.5p4.(1D<2>).4f""","=""2[2]*""","=""3/2""",,
"=""222.429""","=""222.4234+""","=""0*""","=""""",,"=""111958.89""","=""156904.21""","=""5s2.5p4.(3P<2>).6p""","=""2[2]*""","=""5/2""","=""5s2.5p4.(3P<2>).6g""","=""2[3]""","=""7/2""",,
"=""222.429""","=""222.432+""","=""0*""","=""""",,"=""111958.89""","=""156902.5""","=""5s2.5p4.(3P<2>).6p""","=""2[2]*""","=""5/2""","=""5s2.5p4.(3P<2>).6g""","=""2[3]""","=""5/2""",,
"=""222.459""","=""222.4579+""","=""2""","=""""",,"=""95396.74""","=""140335.09""","=""5s2.5p4.(3P<2>).5d""","=""2[2]""","=""5/2""","=""5s2.5p4.(3P<2>).4f""","=""2[1]*""","=""3/2""",,
"=""222.599""","=""222.6041+""","=""2""","=""""",,"=""111326.96""","=""156235.80""","=""5s2.5p4.(3P<1>).5d""","=""2[2]""","=""3/2""","=""5s2.5p4.(1D<2>).4f""","=""2[2]*""","=""5/2""",,
"=""223.079""","=""223.0790+""","=""1h""","=""""",,"=""95396.74""","=""140209.99""","=""5s2.5p4.(3P<2>).5d""","=""2[2]""","=""5/2""","=""5s2.5p4.(3P<2>).4f""","=""2[2]*""","=""5/2""",,
"=""223.283""","=""223.2829+""","=""2""","=""""",,"=""95437.67""","=""140209.99""","=""5s2.5p4.(3P<2>).5d""","=""2[3]""","=""7/2""","=""5s2.5p4.(3P<2>).4f""","=""2[2]*""","=""5/2""",,
"=""223.499""","=""223.4992+""","=""1""","=""""",,"=""112703.64""","=""157432.63""","=""5s2.5p4.(3P<1>).5d""","=""2[2]""","=""5/2""","=""5s2.5p4.(1D<2>).4f""","=""2[4]*""","=""7/2""",,
"=""223.552""","=""223.5510+""","=""2""","=""""",,"=""102799.07""","=""147517.71""","=""5s2.5p4.(3P<1>).6s""","=""2[1]""","=""3/2""","=""5s2.5p4.(3P<0>).4f""","=""2[3]*""","=""5/2""",,
"=""223.979""","=""223.9787+""","=""1""","=""""",,"=""95396.74""","=""140029.99""","=""5s2.5p4.(3P<2>).5d""","=""2[2]""","=""5/2""","=""5s2.5p4.(3P<2>).4f""","=""2[4]*""","=""7/2""",,
"=""224.186""","=""224.1843+""","=""2h""","=""""",,"=""95437.67""","=""140029.99""","=""5s2.5p4.(3P<2>).5d""","=""2[3]""","=""7/2""","=""5s2.5p4.(3P<2>).4f""","=""2[4]*""","=""7/2""",,
"=""224.561""","=""224.5617+""","=""1""","=""""",,"=""112703.64""","=""157221.03""","=""5s2.5p4.(3P<1>).5d""","=""2[2]""","=""5/2""","=""5s2.5p4.(1D<2>).4f""","=""2[3]*""","=""5/2""",,
"=""224.717""","=""224.7157+""","=""1""","=""""",,"=""105313.33""","=""149800.20""","=""5s2.5p4.(3P<2>).5d""","=""2[1]""","=""3/2""","=""5s2.5p4.(3P<1>).4f""","=""2[3]*""","=""5/2""",,
"=""224.822""","=""224.8214+""","=""1""","=""""",,"=""95437.67""","=""139903.63""","=""5s2.5p4.(3P<2>).5d""","=""2[3]""","=""7/2""","=""5s2.5p4.(3P<2>).4f""","=""2[5]*""","=""9/2""",,
"=""224.986""","=""224.9827+""","=""4""","=""""",,"=""95064.38""","=""139498.46""","=""5s2.5p4.(3P<2>).6s""","=""2[2]""","=""3/2""","=""5s2.5p4.(3P<2>).4f""","=""2[2]*""","=""3/2""",,
"=""225.474""","=""225.4746+""","=""1""","=""""",,"=""95396.74""","=""139733.89""","=""5s2.5p4.(3P<2>).5d""","=""2[2]""","=""5/2""","=""5s2.5p4.(3P<2>).7p""","=""2[3]*""","=""7/2""",,
"=""225.656""","=""225.6555+""","=""1h""","=""""",,"=""96033.48""","=""140335.09""","=""5s2.5p4.(3P<2>).5d""","=""2[2]""","=""3/2""","=""5s2.5p4.(3P<2>).4f""","=""2[1]*""","=""3/2""",,
"=""225.682""","=""225.6830+""","=""2*""","=""""",,"=""95437.67""","=""139733.89""","=""5s2.5p4.(3P<2>).5d""","=""2[3]""","=""7/2""","=""5s2.5p4.(3P<2>).7p""","=""2[3]*""","=""7/2""",,
"=""225.682""","=""225.6832+""","=""2*""","=""""",,"=""112924.84""","=""157221.03""","=""5s2.5p4.(1D<2>).6s""","=""2[2]""","=""3/2""","=""5s2.5p4.(1D<2>).4f""","=""2[3]*""","=""5/2""",,
"=""225.922""","=""225.9226+""","=""1h""","=""""",,"=""95396.74""","=""139645.98""","=""5s2.5p4.(3P<2>).5d""","=""2[2]""","=""5/2""","=""5s2.5p4.(3P<2>).7p""","=""2[3]*""","=""5/2""",,
"=""226.133""","=""226.1318+""","=""0""","=""""",,"=""95437.67""","=""139645.98""","=""5s2.5p4.(3P<2>).5d""","=""2[3]""","=""7/2""","=""5s2.5p4.(3P<2>).7p""","=""2[3]*""","=""5/2""",,
"=""226.295""","=""226.2946+""","=""2""","=""""",,"=""96033.48""","=""140209.99""","=""5s2.5p4.(3P<2>).5d""","=""2[2]""","=""3/2""","=""5s2.5p4.(3P<2>).4f""","=""2[2]*""","=""5/2""",,
"=""226.420""","=""226.4193+""","=""2""","=""""",,"=""96033.48""","=""140185.67""","=""5s2.5p4.(3P<2>).5d""","=""2[2]""","=""3/2""","=""5s2.5p4.(3P<2>).4f""","=""2[1]*""","=""1/2""",,
"=""226.499""","=""226.5000+""","=""3""","=""""",,"=""111326.96""","=""155463.41""","=""5s2.5p4.(3P<1>).5d""","=""2[2]""","=""3/2""","=""5s2.5p4.(1D<2>).4f""","=""2[1]*""","=""3/2""",,
"=""226.562""","=""226.5586+""","=""3h""","=""""",,"=""104250.06""","=""148375.10""","=""5s2.5p4.(3P<1>).5d""","=""2[1]""","=""1/2""","=""5s2.5p4.(3P<1>).4f""","=""2[2]*""","=""3/2""",,
"=""226.594""","=""226.5937+""","=""2h""","=""""",,"=""95064.38""","=""139182.58""","=""5s2.5p4.(3P<2>).6s""","=""2[2]""","=""3/2""","=""5s2.5p4.(3P<2>).4f""","=""2[3]*""","=""5/2""",,
"=""226.680""","=""226.6784+""","=""3h""","=""""",,"=""95396.74""","=""139498.46""","=""5s2.5p4.(3P<2>).5d""","=""2[2]""","=""5/2""","=""5s2.5p4.(3P<2>).4f""","=""2[2]*""","=""3/2""",,
"=""226.872""","=""226.8704+""","=""1h""","=""""",,"=""95064.38""","=""139128.78""","=""5s2.5p4.(3P<2>).6s""","=""2[2]""","=""3/2""","=""5s2.5p4.(3P<2>).7p""","=""2[2]*""","=""5/2""",,
"=""227.318""","=""227.3157+""","=""1""","=""""",,"=""96033.48""","=""140011.58""","=""5s2.5p4.(3P<2>).5d""","=""2[2]""","=""3/2""","=""5s2.5p4.(3P<2>).7p""","=""2[1]*""","=""1/2""",,
"=""227.337""","=""227.3336+""","=""3""","=""""",,"=""104250.06""","=""148224.69""","=""5s2.5p4.(3P<1>).5d""","=""2[1]""","=""1/2""","=""5s2.5p4.(1S<0>).6p""","=""2[1]*""","=""1/2""",,
"=""228.260""","=""228.2554+""","=""0bl""","=""""",,"=""95396.74""","=""139193.80""","=""5s2.5p4.(3P<2>).5d""","=""2[2]""","=""5/2""","=""5s2.5p4.(3P<2>).7p""","=""2[1]*""","=""3/2""",,
"=""228.314""","=""228.3139+""","=""5""","=""""",,"=""95396.74""","=""139182.58""","=""5s2.5p4.(3P<2>).5d""","=""2[2]""","=""5/2""","=""5s2.5p4.(3P<2>).4f""","=""2[3]*""","=""5/2""",,
"=""228.524""","=""228.5275+""","=""2h""","=""""",,"=""95437.67""","=""139182.58""","=""5s2.5p4.(3P<2>).5d""","=""2[3]""","=""7/2""","=""5s2.5p4.(3P<2>).4f""","=""2[3]*""","=""5/2""",,
"=""228.594""","=""228.5948+""","=""8""","=""""",,"=""95396.74""","=""139128.78""","=""5s2.5p4.(3P<2>).5d""","=""2[2]""","=""5/2""","=""5s2.5p4.(3P<2>).7p""","=""2[2]*""","=""5/2""",,
"=""228.792""","=""228.785+""","=""2""","=""""",,"=""113672.89""","=""157368.5""","=""5s2.5p4.(3P<2>).6p""","=""2[1]*""","=""1/2""","=""5s2.5p4.(3P<1>).8s""","=""2[1]""","=""1/2""",,
"=""229.084""","=""229.0850+""","=""2h""","=""""",,"=""105313.33""","=""148951.80""","=""5s2.5p4.(3P<2>).5d""","=""2[1]""","=""3/2""","=""5s2.5p4.(3P<1>).4f""","=""2[2]*""","=""5/2""",,
"=""229.201""","=""229.2214+""","=""2bl""","=""""",,"=""96033.48""","=""139645.98""","=""5s2.5p4.(3P<2>).5d""","=""2[2]""","=""3/2""","=""5s2.5p4.(3P<2>).7p""","=""2[3]*""","=""5/2""",,
"=""229.240""","=""229.2423+""","=""20""","=""""",,"=""95396.74""","=""139005.27""","=""5s2.5p4.(3P<2>).5d""","=""2[2]""","=""5/2""","=""5s2.5p4.(3P<2>).4f""","=""2[3]*""","=""7/2""",,
"=""229.457""","=""229.4577+""","=""15""","=""""",,"=""95437.67""","=""139005.27""","=""5s2.5p4.(3P<2>).5d""","=""2[3]""","=""7/2""","=""5s2.5p4.(3P<2>).4f""","=""2[3]*""","=""7/2""",,
"=""229.652""","=""229.6548+""","=""30""","=""""",,"=""95437.67""","=""138967.87""","=""5s2.5p4.(3P<2>).5d""","=""2[3]""","=""7/2""","=""5s2.5p4.(3P<2>).4f""","=""2[4]*""","=""9/2""",,
"=""229.936""","=""229.9363+""","=""2h""","=""""",,"=""96858.18""","=""140335.09""","=""5s2.5p4.(3P<2>).5d""","=""2[1]""","=""1/2""","=""5s2.5p4.(3P<2>).4f""","=""2[1]*""","=""3/2""",,
"=""229.998""","=""229.9994+""","=""6""","=""""",,"=""96033.48""","=""139498.46""","=""5s2.5p4.(3P<2>).5d""","=""2[2]""","=""3/2""","=""5s2.5p4.(3P<2>).4f""","=""2[2]*""","=""3/2""",,
"=""230.460""","=""230.4644+""","=""1h""","=""""",,"=""112924.84""","=""156302.13""","=""5s2.5p4.(1D<2>).6s""","=""2[2]""","=""3/2""","=""5s2.5p4.(1D<2>).4f""","=""2[2]*""","=""3/2""",,
"=""230.728""","=""230.7294+""","=""3""","=""""",,"=""96858.18""","=""140185.67""","=""5s2.5p4.(3P<2>).5d""","=""2[1]""","=""1/2""","=""5s2.5p4.(3P<2>).4f""","=""2[1]*""","=""1/2""",,
"=""230.815""","=""230.8174+""","=""3""","=""""",,"=""112924.84""","=""156235.80""","=""5s2.5p4.(1D<2>).6s""","=""2[2]""","=""3/2""","=""5s2.5p4.(1D<2>).4f""","=""2[2]*""","=""5/2""",,
"=""231.370""","=""231.3705+""","=""5""","=""""",,"=""106475.21""","=""149682.65""","=""5s2.5p4.(3P<2>).5d""","=""2[3]""","=""5/2""","=""5s2.5p4.(3P<1>).4f""","=""2[3]*""","=""7/2""",,
"=""231.421""","=""231.4167+""","=""1bl*""","=""""",,"=""113705.40""","=""156904.21""","=""5s2.5p4.(3P<2>).6p""","=""2[3]*""","=""7/2""","=""5s2.5p4.(3P<2>).6g""","=""2[3]""","=""7/2""",,
"=""231.421""","=""231.426+""","=""1bl*""","=""""",,"=""113705.40""","=""156902.5""","=""5s2.5p4.(3P<2>).6p""","=""2[3]*""","=""7/2""","=""5s2.5p4.(3P<2>).6g""","=""2[3]""","=""5/2""",,
"=""231.627""","=""231.6231+""","=""2""","=""""",,"=""96033.48""","=""139193.80""","=""5s2.5p4.(3P<2>).5d""","=""2[2]""","=""3/2""","=""5s2.5p4.(3P<2>).7p""","=""2[1]*""","=""3/2""",,
"=""231.680""","=""231.6833+""","=""10""","=""""",,"=""96033.48""","=""139182.58""","=""5s2.5p4.(3P<2>).5d""","=""2[2]""","=""3/2""","=""5s2.5p4.(3P<2>).4f""","=""2[3]*""","=""5/2""",,
"=""231.970""","=""231.9726+""","=""7""","=""""",,"=""96033.48""","=""139128.78""","=""5s2.5p4.(3P<2>).5d""","=""2[2]""","=""3/2""","=""5s2.5p4.(3P<2>).7p""","=""2[2]*""","=""5/2""",,
"=""232.154""","=""232.1532+""","=""0""","=""""",,"=""105313.33""","=""148375.10""","=""5s2.5p4.(3P<2>).5d""","=""2[1]""","=""3/2""","=""5s2.5p4.(3P<1>).4f""","=""2[2]*""","=""3/2""",,
"=""233.542""","=""233.5449+""","=""2h""","=""""",,"=""106475.21""","=""149280.40""","=""5s2.5p4.(3P<2>).5d""","=""2[3]""","=""5/2""","=""5s2.5p4.(3P<1>).4f""","=""2[4]*""","=""7/2""",,
"=""234.218""","=""234.2215+""","=""3h""","=""""",,"=""114751.08""","=""157432.63""","=""5s2.5p4.(3P<1>).5d""","=""2[3]""","=""5/2""","=""5s2.5p4.(1D<2>).4f""","=""2[4]*""","=""7/2""",,
"=""234.447""","=""234.4482+""","=""12""","=""""",,"=""96858.18""","=""139498.46""","=""5s2.5p4.(3P<2>).5d""","=""2[1]""","=""1/2""","=""5s2.5p4.(3P<2>).4f""","=""2[2]*""","=""3/2""",,
"=""235.010""","=""235.0088+""","=""0a""","=""""",,"=""112924.84""","=""155463.41""","=""5s2.5p4.(1D<2>).6s""","=""2[2]""","=""3/2""","=""5s2.5p4.(1D<2>).4f""","=""2[1]*""","=""3/2""",,
"=""235.070""","=""235.0701+""","=""0""","=""""",,"=""114905.15""","=""157432.63""","=""5s2.5p4.(1D<2>).5d""","=""2[4]""","=""9/2""","=""5s2.5p4.(1D<2>).4f""","=""2[4]*""","=""7/2""",,
"=""235.118""","=""235.1189+""","=""4h""","=""""",,"=""114913.98""","=""157432.63""","=""5s2.5p4.(1D<2>).5d""","=""2[4]""","=""7/2""","=""5s2.5p4.(1D<2>).4f""","=""2[4]*""","=""7/2""",,
"=""235.156""","=""235.1589+""","=""4h""","=""""",,"=""114905.15""","=""157416.58""","=""5s2.5p4.(1D<2>).5d""","=""2[4]""","=""9/2""","=""5s2.5p4.(1D<2>).4f""","=""2[4]*""","=""9/2""",,
"=""235.206""","=""235.2077+""","=""1""","=""""",,"=""114913.98""","=""157416.58""","=""5s2.5p4.(1D<2>).5d""","=""2[4]""","=""7/2""","=""5s2.5p4.(1D<2>).4f""","=""2[4]*""","=""9/2""",,
"=""235.352""","=""235.3518+""","=""1h""","=""""",,"=""106475.21""","=""148951.80""","=""5s2.5p4.(3P<2>).5d""","=""2[3]""","=""5/2""","=""5s2.5p4.(3P<1>).4f""","=""2[2]*""","=""5/2""",,
"=""235.389""","=""235.3886+""","=""1h""","=""""",,"=""114751.08""","=""157221.03""","=""5s2.5p4.(3P<1>).5d""","=""2[3]""","=""5/2""","=""5s2.5p4.(1D<2>).4f""","=""2[3]*""","=""5/2""",,
"=""235.625""","=""235.6238+""","=""1h""","=""""",,"=""105947.55""","=""148375.10""","=""5s2.5p4.(3P<2>).5d""","=""2[0]""","=""1/2""","=""5s2.5p4.(3P<1>).4f""","=""2[2]*""","=""3/2""",,
"=""235.672""","=""235.6743+""","=""4h""","=""""",,"=""107381.74""","=""149800.20""","=""5s2.5p4.(3P<0>).5d""","=""2[2]""","=""3/2""","=""5s2.5p4.(3P<1>).4f""","=""2[3]*""","=""5/2""",,
"=""236.042""","=""236.0471+""","=""1h""","=""""",,"=""114751.08""","=""157102.56""","=""5s2.5p4.(3P<1>).5d""","=""2[3]""","=""5/2""","=""5s2.5p4.(1D<2>).4f""","=""2[3]*""","=""7/2""",,
"=""236.290""","=""236.2950+""","=""0bl""","=""""",,"=""114913.98""","=""157221.03""","=""5s2.5p4.(1D<2>).5d""","=""2[4]""","=""7/2""","=""5s2.5p4.(1D<2>).4f""","=""2[3]*""","=""5/2""",,
"=""236.413""","=""236.4150+""","=""0""","=""""",,"=""106906.12""","=""149191.69""","=""5s2.5p4.(3P<1>).6s""","=""2[1]""","=""1/2""","=""5s2.5p4.(1S<0>).6p""","=""2[1]*""","=""3/2""",,
"=""236.463""","=""236.4622+""","=""0""","=""""",,"=""105947.55""","=""148224.69""","=""5s2.5p4.(3P<2>).5d""","=""2[0]""","=""1/2""","=""5s2.5p4.(1S<0>).6p""","=""2[1]*""","=""1/2""",,
"=""236.868""","=""236.8699+""","=""5""","=""""",,"=""105313.33""","=""147517.71""","=""5s2.5p4.(3P<2>).5d""","=""2[1]""","=""3/2""","=""5s2.5p4.(3P<0>).4f""","=""2[3]*""","=""5/2""",,
"=""236.903""","=""236.9090+""","=""0""","=""""",,"=""114905.15""","=""157102.56""","=""5s2.5p4.(1D<2>).5d""","=""2[4]""","=""9/2""","=""5s2.5p4.(1D<2>).4f""","=""2[3]*""","=""7/2""",,
"=""236.962""","=""236.9586+""","=""4h""","=""""",,"=""114913.98""","=""157102.56""","=""5s2.5p4.(1D<2>).5d""","=""2[4]""","=""7/2""","=""5s2.5p4.(1D<2>).4f""","=""2[3]*""","=""7/2""",,
"=""237.911""","=""237.9123+""","=""0""","=""""",,"=""111958.89""","=""153978.37""","=""5s2.5p4.(3P<2>).6p""","=""2[2]*""","=""5/2""","=""5s2.5p4.(1D<2>).6d""","=""2[3]""","=""7/2""",,
"=""238.585""","=""238.5914+""","=""1""","=""""",,"=""106475.21""","=""148375.10""","=""5s2.5p4.(3P<2>).5d""","=""2[3]""","=""5/2""","=""5s2.5p4.(3P<1>).4f""","=""2[2]*""","=""3/2""",,
"=""238.614""","=""238.6152+""","=""2h""","=""""",,"=""107904.50""","=""149800.20""","=""5s2.5p4.(3P<1>).5d""","=""2[1]""","=""3/2""","=""5s2.5p4.(3P<1>).4f""","=""2[3]*""","=""5/2""",,
"=""238.775""","=""238.7770+""","=""4""","=""""",,"=""90873.83""","=""132741.15""","=""5s.5p6""","=""2S""","=""1/2""","=""5s2.5p4.(1D<2>).6p""","=""2[1]*""","=""1/2""",,
"=""239.110""","=""239.1047+""","=""2""","=""""",,"=""107381.74""","=""149191.69""","=""5s2.5p4.(3P<0>).5d""","=""2[2]""","=""3/2""","=""5s2.5p4.(1S<0>).6p""","=""2[1]*""","=""3/2""",,
"=""239.233""","=""239.2263+""","=""2h""","=""""",,"=""108423.07""","=""150211.76""","=""5s2.5p4.(3P<1>).5d""","=""2[3]""","=""7/2""","=""5s2.5p4.(3P<2>).5f""","=""2[5]*""","=""9/2""",,
"=""239.876""","=""239.8768+""","=""4""","=""""",,"=""108007.28""","=""149682.65""","=""5s2.5p4.(3P<0>).5d""","=""2[2]""","=""5/2""","=""5s2.5p4.(3P<1>).4f""","=""2[3]*""","=""7/2""",,
"=""240.484""","=""240.4846+""","=""1""","=""""",,"=""107381.74""","=""148951.80""","=""5s2.5p4.(3P<0>).5d""","=""2[2]""","=""3/2""","=""5s2.5p4.(3P<1>).4f""","=""2[2]*""","=""5/2""",,
"=""240.592""","=""240.5946+""","=""3h""","=""""",,"=""114751.08""","=""156302.13""","=""5s2.5p4.(3P<1>).5d""","=""2[3]""","=""5/2""","=""5s2.5p4.(1D<2>).4f""","=""2[2]*""","=""3/2""",,
"=""240.974""","=""240.9793+""","=""40""","=""""",,"=""114751.08""","=""156235.80""","=""5s2.5p4.(3P<1>).5d""","=""2[3]""","=""5/2""","=""5s2.5p4.(1D<2>).4f""","=""2[2]*""","=""5/2""",,
"=""241.072""","=""241.0708+""","=""7""","=""""",,"=""106906.12""","=""148375.10""","=""5s2.5p4.(3P<1>).6s""","=""2[1]""","=""1/2""","=""5s2.5p4.(3P<1>).4f""","=""2[2]*""","=""3/2""",,
"=""241.950""","=""241.9484+""","=""0""","=""""",,"=""106906.12""","=""148224.69""","=""5s2.5p4.(3P<1>).6s""","=""2[1]""","=""1/2""","=""5s2.5p4.(1S<0>).6p""","=""2[1]*""","=""1/2""",,
"=""242.087""","=""242.0766+""","=""2bl""","=""""",,"=""114905.15""","=""156201.84""","=""5s2.5p4.(1D<2>).5d""","=""2[4]""","=""9/2""","=""5s2.5p4.(1D<2>).4f""","=""2[5]*""","=""9/2""",,
"=""242.127""","=""242.1284+""","=""20h""","=""""",,"=""114913.98""","=""156201.84""","=""5s2.5p4.(1D<2>).5d""","=""2[4]""","=""7/2""","=""5s2.5p4.(1D<2>).4f""","=""2[5]*""","=""9/2""",,
"=""242.212""","=""242.2149+""","=""2""","=""""",,"=""108007.28""","=""149280.40""","=""5s2.5p4.(3P<0>).5d""","=""2[2]""","=""5/2""","=""5s2.5p4.(3P<1>).4f""","=""2[4]*""","=""7/2""",,
"=""242.294""","=""242.2944+""","=""10""","=""""",,"=""108423.07""","=""149682.65""","=""5s2.5p4.(3P<1>).5d""","=""2[3]""","=""7/2""","=""5s2.5p4.(3P<1>).4f""","=""2[3]*""","=""7/2""",,
"=""242.505""","=""242.5076+""","=""40h""","=""""",,"=""114905.15""","=""156128.46""","=""5s2.5p4.(1D<2>).5d""","=""2[4]""","=""9/2""","=""5s2.5p4.(1D<2>).4f""","=""2[5]*""","=""11/2""",,
"=""243.272""","=""243.2714+""","=""12""","=""""",,"=""106475.21""","=""147569.10""","=""5s2.5p4.(3P<2>).5d""","=""2[3]""","=""5/2""","=""5s2.5p4.(3P<0>).4f""","=""2[3]*""","=""7/2""",,
"=""243.547""","=""243.5475+""","=""6""","=""""",,"=""107904.50""","=""148951.80""","=""5s2.5p4.(3P<1>).5d""","=""2[1]""","=""3/2""","=""5s2.5p4.(3P<1>).4f""","=""2[2]*""","=""5/2""",,
"=""243.876""","=""243.8680+""","=""1-""","=""""",,"=""107381.74""","=""148375.10""","=""5s2.5p4.(3P<0>).5d""","=""2[2]""","=""3/2""","=""5s2.5p4.(3P<1>).4f""","=""2[2]*""","=""3/2""",,
"=""244.160""","=""244.1589+""","=""2h""","=""""",,"=""108007.28""","=""148951.80""","=""5s2.5p4.(3P<0>).5d""","=""2[2]""","=""5/2""","=""5s2.5p4.(3P<1>).4f""","=""2[2]*""","=""5/2""",,
"=""244.254""","=""244.2571+""","=""1""","=""""",,"=""114913.98""","=""155842.04""","=""5s2.5p4.(1D<2>).5d""","=""2[4]""","=""7/2""","=""5s2.5p4.(3P<2>).6f""","=""2[5]*""","=""9/2""",,
"=""244.278""","=""244.2839+""","=""1H""","=""""",,"=""114905.15""","=""155828.73""","=""5s2.5p4.(1D<2>).5d""","=""2[4]""","=""9/2""","=""5s2.5p4.(3P<2>).6f""","=""2[5]*""","=""11/2""",,
"=""244.679""","=""244.6800+""","=""0""","=""""",,"=""108423.07""","=""149280.40""","=""5s2.5p4.(3P<1>).5d""","=""2[3]""","=""7/2""","=""5s2.5p4.(3P<1>).4f""","=""2[4]*""","=""7/2""",,
"=""246.660""","=""246.6640+""","=""2h""","=""""",,"=""108423.07""","=""148951.80""","=""5s2.5p4.(3P<1>).5d""","=""2[3]""","=""7/2""","=""5s2.5p4.(3P<1>).4f""","=""2[2]*""","=""5/2""",,
"=""246.843""","=""246.8472+""","=""5""","=""""",,"=""99404.99""","=""139903.63""","=""5s2.5p4.(3P<2>).5d""","=""2[4]""","=""9/2""","=""5s2.5p4.(3P<2>).4f""","=""2[5]*""","=""9/2""",,
"=""247.018""","=""247.0183+""","=""5""","=""""",,"=""107904.50""","=""148375.10""","=""5s2.5p4.(3P<1>).5d""","=""2[1]""","=""3/2""","=""5s2.5p4.(3P<1>).4f""","=""2[2]*""","=""3/2""",,
"=""247.589""","=""247.591+""","=""100""","=""""",,"=""99404.99""","=""139782.0""","=""5s2.5p4.(3P<2>).5d""","=""2[4]""","=""9/2""","=""5s2.5p4.(3P<2>).4f""","=""2[5]*""","=""11/2""",,
"=""247.882""","=""247.8863+""","=""4""","=""""",,"=""99404.99""","=""139733.89""","=""5s2.5p4.(3P<2>).5d""","=""2[4]""","=""9/2""","=""5s2.5p4.(3P<2>).7p""","=""2[3]*""","=""7/2""",,
"=""247.940""","=""247.9398+""","=""1""","=""""",,"=""107904.50""","=""148224.69""","=""5s2.5p4.(3P<1>).5d""","=""2[1]""","=""3/2""","=""5s2.5p4.(1S<0>).6p""","=""2[1]*""","=""1/2""",,
"=""248.911""","=""248.9114+""","=""50""","=""""",,"=""108423.07""","=""148585.89""","=""5s2.5p4.(3P<1>).5d""","=""2[3]""","=""7/2""","=""5s2.5p4.(3P<1>).4f""","=""2[4]*""","=""9/2""",,
"=""249.076""","=""249.0779+""","=""20""","=""""",,"=""107381.74""","=""147517.71""","=""5s2.5p4.(3P<0>).5d""","=""2[2]""","=""3/2""","=""5s2.5p4.(3P<0>).4f""","=""2[3]*""","=""5/2""",,
"=""249.178""","=""249.1801+""","=""5""","=""""",,"=""109563.14""","=""149682.65""","=""5s2.5p4.(1D<2>).6s""","=""2[2]""","=""5/2""","=""5s2.5p4.(3P<1>).4f""","=""2[3]*""","=""7/2""",,
