obs_wl_air(nm),unc_obs_wl,ritz_wl_air(nm),intens,Aki(s^-1),Acc,Ei(cm-1),Ek(cm-1),conf_i,term_i,J_i,conf_k,term_k,J_k,Type,
"=""250.02""","=""0.02""","=""250.0363+""","=""""","=""1.5e+06""",E,"=""0.000""","=""39982.14""","=""6s2""","=""1S""","=""0""","=""6s.11p""","=""1P*""","=""1""",,
"=""254.32""","=""0.02""","=""254.2992+""","=""""","=""4.1e+06""",E,"=""0.000""","=""39311.95""","=""6s2""","=""1S""","=""0""","=""6s.10p""","=""1P*""","=""1""",,
"=""259.66357""","=""""","=""259.66357+""","=""120""","=""1.2e+07""",E,"=""0.000""","=""38499.860""","=""6s2""","=""1S""","=""0""","=""5d.7p""","=""1P*""","=""1""",,
"=""264.650""","=""0.005""","=""264.6446+""","=""1h""","=""1.1e+06""",E,"=""0.000""","=""37775.28""","=""6s2""","=""1S""","=""0""","=""6s.9p""","=""1P*""","=""1""",,
"=""270.26331""","=""""","=""270.26331+""","=""78""","=""2.5e+06""",E,"=""0.000""","=""36989.981""","=""6s2""","=""1S""","=""0""","=""5d.7p""","=""3P*""","=""1""",,
"=""273.92363""","=""""","=""273.92359+""","=""39""","=""9.1e+05""",E,"=""0.000""","=""36495.732""","=""6s2""","=""1S""","=""0""","=""5d.7p""","=""3D*""","=""1""",,
"=""278.52784""","=""""","=""278.52784+""","=""95""","=""2.8e+06""",E,"=""0.000""","=""35892.465""","=""6s2""","=""1S""","=""0""","=""6s.8p""","=""1P*""","=""1""",,
"=""307.15841""","=""""","=""307.15842+""","=""168""","=""4.2e+07""",C,"=""0.000""","=""32547.033""","=""6s2""","=""1S""","=""0""","=""6s.7p""","=""1P*""","=""1""",,
"=""313.572""","=""0.005""","=""313.5687+""","=""8w""","=""""",,"=""9215.501""","=""41097.20""","=""6s.5d""","=""3D""","=""2""","=""5d.8p""","=""3P*""","=""1""",,
"=""313.7700""","=""0.0020""","=""313.7707+""","=""10""","=""""",,"=""9033.966""","=""40895.14""","=""6s.5d""","=""3D""","=""1""","=""6s.10f""","=""3F*""","=""2""",,
"=""315.5673""","=""0.0020""","=""315.5688+""","=""10""","=""""",,"=""9215.501""","=""40895.14""","=""6s.5d""","=""3D""","=""2""","=""6s.10f""","=""3F*""","=""2""",,
"=""316.5598""","=""0.0020""","=""316.5655+""","=""25""","=""""",,"=""9033.966""","=""40613.87""","=""6s.5d""","=""3D""","=""1""","=""6s.9f""","=""3F*""","=""2""",,
"=""318.396""","=""0.005""","=""318.3958+""","=""15""","=""""",,"=""9215.501""","=""40613.87""","=""6s.5d""","=""3D""","=""2""","=""6s.9f""","=""3F*""","=""2""",,
"=""326.23186""","=""""","=""326.23186+""","=""2""","=""""",,"=""9033.966""","=""39678.176""","=""6s.5d""","=""3D""","=""1""","=""6s.7f""","=""3F*""","=""2""",,
"=""328.14854""","=""""","=""328.14854+""","=""3""","=""""",,"=""9215.501""","=""39680.727""","=""6s.5d""","=""3D""","=""2""","=""6s.7f""","=""3F*""","=""3""",,
"=""328.1772""","=""0.0020""","=""328.17602+""","=""15""","=""""",,"=""9215.501""","=""39678.176""","=""6s.5d""","=""3D""","=""2""","=""6s.7f""","=""3F*""","=""2""",,
"=""332.27835""","=""""","=""332.27836+""","=""5""","=""""",,"=""9596.533""","=""39683.126""","=""6s.5d""","=""3D""","=""3""","=""6s.7f""","=""3F*""","=""4""",,
"=""335.67980""","=""""","=""335.67982+""","=""8""","=""""",,"=""9033.966""","=""38815.700""","=""6s.5d""","=""3D""","=""1""","=""6s.6f""","=""3F*""","=""2""",,
"=""337.69661""","=""""","=""337.69661+""","=""13""","=""""",,"=""9215.501""","=""38819.378""","=""6s.5d""","=""3D""","=""2""","=""6s.6f""","=""3F*""","=""3""",,
"=""337.73867""","=""""","=""337.73857+""","=""2""","=""""",,"=""9215.501""","=""38815.700""","=""6s.5d""","=""3D""","=""2""","=""6s.6f""","=""3F*""","=""2""",,
"=""342.03129""","=""""","=""342.03129+""","=""19""","=""""",,"=""9596.533""","=""38825.242""","=""6s.5d""","=""3D""","=""3""","=""6s.6f""","=""3F*""","=""4""",,
"=""342.10004""","=""""","=""342.09992+""","=""1""","=""""",,"=""9596.533""","=""38819.378""","=""6s.5d""","=""3D""","=""3""","=""6s.6f""","=""3F*""","=""3""",,
"=""350.11075""","=""""","=""350.11076+""","=""860""","=""3.5e+07""",B,"=""0.000""","=""28554.221""","=""6s2""","=""1S""","=""0""","=""5d.6p""","=""1P*""","=""1""",,
"=""352.49732""","=""""","=""352.49732+""","=""47""","=""""",,"=""9033.966""","=""37394.868""","=""6s.5d""","=""3D""","=""1""","=""6s.5f""","=""3F*""","=""2""",,
"=""352.94810""","=""""","=""352.94807+""","=""6""","=""""",,"=""9215.501""","=""37540.184""","=""6s.5d""","=""3D""","=""2""","=""5d.7p""","=""3D*""","=""3""",,
"=""353.13418""","=""""","=""353.13418+""","=""5""","=""""",,"=""11395.350""","=""39705.106""","=""6s.5d""","=""1D""","=""2""","=""6s.7f""","=""1F*""","=""3""",,
"=""354.46566""","=""""","=""354.46566+""","=""74""","=""""",,"=""9215.501""","=""37418.920""","=""6s.5d""","=""3D""","=""2""","=""6s.5f""","=""3F*""","=""3""",,
"=""354.76822""","=""""","=""354.76821+""","=""9""","=""""",,"=""9215.501""","=""37394.868""","=""6s.5d""","=""3D""","=""2""","=""6s.5f""","=""3F*""","=""2""",,
"=""356.19336""","=""""","=""356.19336+""","=""6""","=""""",,"=""9215.501""","=""37282.124""","=""6s.5d""","=""3D""","=""2""","=""5d.7p""","=""1F*""","=""3""",,
"=""356.66533""","=""""","=""356.66531+""","=""6""","=""""",,"=""9033.966""","=""37063.452""","=""6s.5d""","=""3D""","=""1""","=""5d.7p""","=""3D*""","=""2""",,
"=""357.60270""","=""""","=""357.60268+""","=""6""","=""""",,"=""9033.966""","=""36989.981""","=""6s.5d""","=""3D""","=""1""","=""5d.7p""","=""3P*""","=""1""",,
"=""357.76089""","=""""","=""357.76091+""","=""18""","=""""",,"=""9596.533""","=""37540.184""","=""6s.5d""","=""3D""","=""3""","=""5d.7p""","=""3D*""","=""3""",,
"=""357.96635""","=""""","=""357.96634+""","=""87""","=""""",,"=""9596.533""","=""37524.148""","=""6s.5d""","=""3D""","=""3""","=""6s.5f""","=""3F*""","=""4""",,
"=""358.65087""","=""""","=""358.65086+""","=""10""","=""""",,"=""9033.966""","=""36908.280""","=""6s.5d""","=""3D""","=""1""","=""5d.7p""","=""3P*""","=""0""",,
"=""358.80969""","=""""","=""358.80969+""","=""11""","=""""",,"=""9215.501""","=""37077.477""","=""6s.5d""","=""3D""","=""2""","=""5d.7p""","=""3P*""","=""2""",,
"=""358.99041""","=""""","=""358.99040+""","=""2""","=""""",,"=""9215.501""","=""37063.452""","=""6s.5d""","=""3D""","=""2""","=""5d.7p""","=""3D*""","=""2""",,
"=""359.32024""","=""""","=""359.32026+""","=""12""","=""""",,"=""9596.533""","=""37418.920""","=""6s.5d""","=""3D""","=""3""","=""6s.5f""","=""3F*""","=""3""",,
"=""359.94005""","=""""","=""359.94005+""","=""16""","=""""",,"=""9215.501""","=""36989.981""","=""6s.5d""","=""3D""","=""2""","=""5d.7p""","=""3P*""","=""1""",,
"=""361.09572""","=""""","=""361.09573+""","=""11""","=""""",,"=""9596.533""","=""37282.124""","=""6s.5d""","=""3D""","=""3""","=""5d.7p""","=""1F*""","=""3""",,
"=""363.06401""","=""""","=""363.06401+""","=""57""","=""""",,"=""9596.533""","=""37132.036""","=""6s.5d""","=""3D""","=""3""","=""5d.7p""","=""3F*""","=""4""",,
"=""363.68413""","=""""","=""363.68413+""","=""19""","=""""",,"=""11395.350""","=""38883.903""","=""6s.5d""","=""1D""","=""2""","=""6s.6f""","=""1F*""","=""3""",,
"=""363.97064""","=""""","=""363.97059+""","=""1""","=""""",,"=""9596.533""","=""37063.452""","=""6s.5d""","=""3D""","=""3""","=""5d.7p""","=""3D*""","=""2""",,
"=""364.03888""","=""""","=""364.03889+""","=""114""","=""""",,"=""9033.966""","=""36495.732""","=""6s.5d""","=""3D""","=""1""","=""5d.7p""","=""3D*""","=""1""",,
"=""366.25367""","=""""","=""366.25367+""","=""13""","=""""",,"=""9215.501""","=""36511.207""","=""6s.5d""","=""3D""","=""2""","=""5d.7p""","=""3F*""","=""3""",,
"=""368.83730""","=""""","=""368.83730+""","=""13""","=""""",,"=""11395.350""","=""38499.860""","=""6s.5d""","=""1D""","=""2""","=""5d.7p""","=""1P*""","=""1""",,
"=""379.47979""","=""""","=""379.47979+""","=""33""","=""""",,"=""11395.350""","=""37739.734""","=""6s.5d""","=""1D""","=""2""","=""6s.5f""","=""1F*""","=""3""",,
"=""386.18816""","=""""","=""386.18816+""","=""53""","=""""",,"=""11395.350""","=""37282.124""","=""6s.5d""","=""1D""","=""2""","=""5d.7p""","=""1F*""","=""3""",,
"=""388.13342""","=""""","=""388.13344+""","=""3""","=""""",,"=""12266.024""","=""38023.059""","=""6s.6p""","=""3P*""","=""0""","=""5d.6d""","=""3P""","=""1""",,
"=""388.93263""","=""""","=""388.93263+""","=""165""","=""1.10e+06""",C+,"=""0.000""","=""25704.110""","=""6s2""","=""1S""","=""0""","=""5d.6p""","=""3P*""","=""1""",,
"=""389.05714""","=""""","=""389.05714+""","=""9""","=""""",,"=""12266.024""","=""37961.908""","=""6s.6p""","=""3P*""","=""0""","=""6s.8d""","=""3D""","=""1""",,
"=""389.26555""","=""""","=""389.26555+""","=""82""","=""""",,"=""11395.350""","=""37077.477""","=""6s.5d""","=""1D""","=""2""","=""5d.7p""","=""3P*""","=""2""",,
"=""389.43494""","=""""","=""389.43496+""","=""4""","=""""",,"=""13514.745""","=""39185.700""","=""6s.6p""","=""3P*""","=""2""","=""6s.9d""","=""3D""","=""3""",,
"=""389.47817""","=""""","=""389.47825+""","=""1""","=""""",,"=""11395.350""","=""37063.452""","=""6s.5d""","=""1D""","=""2""","=""5d.7p""","=""3D*""","=""2""",,
"=""390.59632""","=""""","=""390.59630+""","=""5""","=""""",,"=""11395.350""","=""36989.981""","=""6s.5d""","=""1D""","=""2""","=""5d.7p""","=""3P*""","=""1""",,
"=""390.99092""","=""""","=""390.99092+""","=""272""","=""4.9e+07""",E,"=""9033.966""","=""34602.765""","=""6s.5d""","=""3D""","=""1""","=""6s.4f""","=""3F*""","=""2""",,
"=""391.72520""","=""""","=""391.72520+""","=""4""","=""""",,"=""9215.501""","=""34736.373""","=""6s.5d""","=""3D""","=""2""","=""6s.4f""","=""1F*""","=""3""",,
"=""393.57167""","=""""","=""393.57167+""","=""423""","=""4.7e+07""",E,"=""9215.501""","=""34616.643""","=""6s.5d""","=""3D""","=""2""","=""6s.4f""","=""3F*""","=""3""",,
"=""393.78681""","=""""","=""393.78682+""","=""59""","=""1.1e+07""",E,"=""9215.501""","=""34602.765""","=""6s.5d""","=""3D""","=""2""","=""6s.4f""","=""3F*""","=""2""",,
"=""394.55928""","=""""","=""394.55927+""","=""21""","=""""",,"=""12636.623""","=""37974.186""","=""6s.6p""","=""3P*""","=""1""","=""6s.8d""","=""3D""","=""2""",,
"=""394.75057""","=""""","=""394.75056+""","=""9""","=""""",,"=""12636.623""","=""37961.908""","=""6s.6p""","=""3P*""","=""1""","=""6s.8d""","=""3D""","=""1""",,
"=""399.33989""","=""""","=""399.33989+""","=""530""","=""5.5e+07""",E,"=""9596.533""","=""34630.779""","=""6s.5d""","=""3D""","=""3""","=""6s.4f""","=""3F*""","=""4""",,
"=""399.56551""","=""""","=""399.56552+""","=""61""","=""8.8e+06""",E,"=""9596.533""","=""34616.643""","=""6s.5d""","=""3D""","=""3""","=""6s.4f""","=""3F*""","=""3""",,
"=""399.78728""","=""""","=""399.78727+""","=""1""","=""""",,"=""9596.533""","=""34602.765""","=""6s.5d""","=""3D""","=""3""","=""6s.4f""","=""3F*""","=""2""",,
"=""408.09615""","=""""","=""408.09612+""","=""13""","=""""",,"=""11395.350""","=""35892.465""","=""6s.5d""","=""1D""","=""2""","=""6s.8p""","=""1P*""","=""1""",,
"=""408.48673""","=""""","=""408.48675+""","=""43""","=""""",,"=""13514.745""","=""37988.434""","=""6s.6p""","=""3P*""","=""2""","=""6s.8d""","=""3D""","=""3""",,
"=""408.72467""","=""""","=""408.72471+""","=""8""","=""""",,"=""13514.745""","=""37974.186""","=""6s.6p""","=""3P*""","=""2""","=""6s.8d""","=""3D""","=""2""",,
"=""408.73435""","=""""","=""408.73437+""","=""9""","=""""",,"=""12636.623""","=""37095.486""","=""6s.6p""","=""3P*""","=""1""","=""5d.6d""","=""3S""","=""1""",,
"=""413.24266""","=""""","=""413.24266+""","=""309""","=""1.46e+06""",B,"=""0.000""","=""24192.033""","=""6s2""","=""1S""","=""0""","=""5d.6p""","=""3D*""","=""1""",,
"=""417.93487""","=""""","=""417.93488+""","=""14""","=""""",,"=""13514.745""","=""37435.176""","=""6s.6p""","=""3P*""","=""2""","=""6s.8d""","=""1D""","=""2""",,
"=""422.39634""","=""""","=""422.3963+""","=""34""","=""""",,"=""12266.024""","=""35933.806""","=""6s.6p""","=""3P*""","=""0""","=""5d.6d""","=""3D""","=""1""",,
"=""423.95552""","=""""","=""423.9555+""","=""25""","=""2.4e+07""",E,"=""13514.745""","=""37095.486""","=""6s.6p""","=""3P*""","=""2""","=""5d.6d""","=""3S""","=""1""",,
"=""424.26050""","=""""","=""424.2605+""","=""17""","=""5.6e+06""",E,"=""12636.623""","=""36200.412""","=""6s.6p""","=""3P*""","=""1""","=""5d.6d""","=""3D""","=""2""",,
"=""426.44174""","=""""","=""426.4417+""","=""42""","=""1.5e+07""",E,"=""12266.024""","=""35709.289""","=""6s.6p""","=""3P*""","=""0""","=""6s.7d""","=""3D""","=""1""",,
"=""428.30973""","=""""","=""428.3097+""","=""530""","=""6.4e+07""",E,"=""11395.350""","=""34736.373""","=""6s.5d""","=""1D""","=""2""","=""6s.4f""","=""1F*""","=""3""",,
"=""429.11571""","=""""","=""429.1157+""","=""26""","=""""",,"=""12636.623""","=""35933.806""","=""6s.6p""","=""3P*""","=""1""","=""5d.6d""","=""3D""","=""1""",,
"=""430.51815""","=""""","=""430.5181+""","=""6""","=""""",,"=""11395.350""","=""34616.643""","=""6s.5d""","=""1D""","=""2""","=""6s.4f""","=""3F*""","=""3""",,
"=""432.30031""","=""""","=""432.3003+""","=""61""","=""8.8e+06""",C+,"=""12636.623""","=""35762.187""","=""6s.6p""","=""3P*""","=""1""","=""6s.7d""","=""1D""","=""2""",,
"=""432.51085""","=""""","=""432.5108+""","=""18""","=""7.1e+06""",E,"=""13514.745""","=""36629.053""","=""6s.6p""","=""3P*""","=""2""","=""5d.6d""","=""3D""","=""3""",,
"=""433.29146""","=""""","=""433.2915+""","=""39""","=""1.5e+07""",E,"=""12636.623""","=""35709.289""","=""6s.6p""","=""3P*""","=""1""","=""6s.7d""","=""3D""","=""1""",,
"=""435.03255""","=""""","=""435.0326+""","=""271""","=""6.0e+07""",E,"=""12636.623""","=""35616.949""","=""6s.6p""","=""3P*""","=""1""","=""6s.7d""","=""3D""","=""2""",,
"=""435.95269""","=""""","=""435.9527+""","=""9""","=""""",,"=""13514.745""","=""36446.570""","=""6s.6p""","=""3P*""","=""2""","=""5d.6d""","=""1P""","=""1""",,
"=""440.25386""","=""""","=""440.2538+""","=""273""","=""2.7e+07""",C,"=""12636.623""","=""35344.413""","=""6s.6p""","=""3P*""","=""1""","=""6p2""","=""3P""","=""2""",,
"=""440.68319""","=""""","=""440.6832+""","=""29""","=""1.0e+07""",E,"=""13514.745""","=""36200.412""","=""6s.6p""","=""3P*""","=""2""","=""5d.6d""","=""3D""","=""2""",,
"=""441.36612""","=""""","=""441.3661+""","=""13""","=""""",,"=""13514.745""","=""36165.312""","=""6s.6p""","=""3P*""","=""2""","=""5d.6d""","=""1F""","=""3""",,
"=""443.18943""","=""""","=""443.1894+""","=""374""","=""1.2e+08""",E,"=""12266.024""","=""34823.406""","=""6s.6p""","=""3P*""","=""0""","=""6p2""","=""3P""","=""1""",,
"=""446.70914""","=""""","=""446.7091+""","=""30""","=""6.6e+06""",E,"=""13514.745""","=""35894.395""","=""6s.6p""","=""3P*""","=""2""","=""5d.6d""","=""3G""","=""3""",,
"=""448.8980""","=""""","=""448.8980+""","=""234""","=""2.8e+07""",C+,"=""13514.745""","=""35785.273""","=""6s.6p""","=""3P*""","=""2""","=""6s.7d""","=""3D""","=""3""",,
"=""449.3638""","=""""","=""449.3638+""","=""137""","=""2.0e+07""",C+,"=""13514.745""","=""35762.187""","=""6s.6p""","=""3P*""","=""2""","=""6s.7d""","=""1D""","=""2""",,
"=""450.4348""","=""""","=""450.4348+""","=""5""","=""""",,"=""13514.745""","=""35709.289""","=""6s.6p""","=""3P*""","=""2""","=""6s.7d""","=""3D""","=""1""",,
"=""450.5924""","=""""","=""450.5924+""","=""209""","=""1.1e+08""",E,"=""12636.623""","=""34823.406""","=""6s.6p""","=""3P*""","=""1""","=""6p2""","=""3P""","=""1""",,
"=""452.3167""","=""""","=""452.3167+""","=""327""","=""9.6e+07""",E,"=""13514.745""","=""35616.949""","=""6s.6p""","=""3P*""","=""2""","=""6s.7d""","=""3D""","=""2""",,
"=""457.3853""","=""""","=""457.3853+""","=""230""","=""1.21e+08""",B,"=""12636.623""","=""34493.904""","=""6s.6p""","=""3P*""","=""1""","=""6p2""","=""3P""","=""0""",,
"=""457.9638""","=""""","=""457.9638+""","=""580""","=""7.0e+07""",C+,"=""13514.745""","=""35344.413""","=""6s.6p""","=""3P*""","=""2""","=""6p2""","=""3P""","=""2""",,
"=""458.9756""","=""""","=""458.9756+""","=""22""","=""""",,"=""9033.966""","=""30815.512""","=""6s.5d""","=""3D""","=""1""","=""6s.7p""","=""3P*""","=""1""",,
"=""459.1824""","=""""","=""459.1824+""","=""28""","=""1.6e+06""",E,"=""9215.501""","=""30987.240""","=""6s.5d""","=""3D""","=""2""","=""6s.7p""","=""3P*""","=""2""",,
"=""459.9717""","=""""","=""459.9717+""","=""108""","=""4.1e+07""",B+,"=""12636.623""","=""34371.002""","=""6s.6p""","=""3P*""","=""1""","=""6s.8s""","=""1S""","=""0""",,
"=""460.4983""","=""""","=""460.4983+""","=""28""","=""7.7e+06""",E,"=""9033.966""","=""30743.490""","=""6s.5d""","=""3D""","=""1""","=""6s.7p""","=""3P*""","=""0""",,
"=""461.9920""","=""""","=""461.9920+""","=""40""","=""2.7e+06""",C+,"=""12266.024""","=""33905.358""","=""6s.6p""","=""3P*""","=""0""","=""6s.8s""","=""3S""","=""1""",,
"=""462.8331""","=""""","=""462.8331+""","=""63""","=""6.0e+06""",E,"=""9215.501""","=""30815.512""","=""6s.5d""","=""3D""","=""2""","=""6s.7p""","=""3P*""","=""1""",,
"=""467.3619""","=""""","=""467.3619+""","=""133""","=""6.5e+06""",E,"=""9596.533""","=""30987.240""","=""6s.5d""","=""3D""","=""3""","=""6s.7p""","=""3P*""","=""2""",,
"=""469.1614""","=""""","=""469.1614+""","=""306""","=""1.6e+08""",E,"=""13514.745""","=""34823.406""","=""6s.6p""","=""3P*""","=""2""","=""6p2""","=""3P""","=""1""",,
"=""469.9095""","=""""","=""469.9095+""","=""24""","=""""",,"=""18060.261""","=""39335.003""","=""6s.6p""","=""1P*""","=""1""","=""6s.9d""","=""1D""","=""2""",,
"=""470.0422""","=""""","=""470.0422+""","=""80""","=""6.1e+06""",C+,"=""12636.623""","=""33905.358""","=""6s.6p""","=""3P*""","=""1""","=""6s.8s""","=""3S""","=""1""",,
"=""472.4713""","=""""","=""472.4713+""","=""8""","=""""",,"=""12636.623""","=""33796.011""","=""6s.6p""","=""3P*""","=""1""","=""5d.7s""","=""1D""","=""2""",,
"=""472.6434""","=""""","=""472.6434+""","=""371""","=""3.3e+07""",C,"=""11395.350""","=""32547.033""","=""6s.5d""","=""1D""","=""2""","=""6s.7p""","=""1P*""","=""1""",,
"=""487.7647""","=""""","=""487.7647+""","=""66""","=""""",,"=""18060.261""","=""38556.227""","=""6s.6p""","=""1P*""","=""1""","=""6p2""","=""1D""","=""2""",,
"=""490.2848""","=""""","=""490.2848+""","=""63""","=""5.4e+06""",C+,"=""13514.745""","=""33905.358""","=""6s.6p""","=""3P*""","=""2""","=""6s.8s""","=""3S""","=""1""",,
"=""494.7312""","=""""","=""494.7312+""","=""25""","=""""",,"=""18060.261""","=""38267.616""","=""6s.6p""","=""1P*""","=""1""","=""5d.6d""","=""3P""","=""2""",,
"=""499.5644""","=""""","=""499.5644+""","=""5""","=""""",,"=""13514.745""","=""33526.601""","=""6s.6p""","=""3P*""","=""2""","=""5d.7s""","=""3D""","=""3""",,
"=""505.4958""","=""""","=""505.4958+""","=""19""","=""""",,"=""18060.261""","=""37837.305""","=""6s.6p""","=""1P*""","=""1""","=""5d.6d""","=""1D""","=""2""",,
"=""515.9876""","=""""","=""515.9876+""","=""80""","=""""",,"=""18060.261""","=""37435.176""","=""6s.6p""","=""1P*""","=""1""","=""6s.8d""","=""1D""","=""2""",,
"=""525.3804""","=""""","=""525.3804+""","=""5""","=""""",,"=""18060.261""","=""37088.794""","=""6s.6p""","=""1P*""","=""1""","=""5d.6d""","=""3F""","=""2""",,
"=""530.5701""","=""""","=""530.5701+""","=""6""","=""""",,"=""18060.261""","=""36902.670""","=""6s.6p""","=""1P*""","=""1""","=""6s.9s""","=""3S""","=""1""",,
"=""542.4548""","=""""","=""542.4548+""","=""199""","=""""",,"=""12266.024""","=""30695.617""","=""6s.6p""","=""3P*""","=""0""","=""6s.6d""","=""3D""","=""1""",,
"=""543.7318""","=""""","=""543.7318+""","=""5""","=""""",,"=""18060.261""","=""36446.570""","=""6s.6p""","=""1P*""","=""1""","=""5d.6d""","=""1P""","=""1""",,
"=""551.9044""","=""""","=""551.9044+""","=""280""","=""5.7e+07""",C+,"=""12636.623""","=""30750.672""","=""6s.6p""","=""3P*""","=""1""","=""6s.6d""","=""3D""","=""2""",,
"=""553.5481""","=""""","=""553.5481+""","=""1830""","=""1.190e+08""",A+,"=""0.000""","=""18060.261""","=""6s2""","=""1S""","=""0""","=""6s.6p""","=""1P*""","=""1""",,
"=""553.5869""","=""""","=""553.5869+""","=""112""","=""""",,"=""12636.623""","=""30695.617""","=""6s.6p""","=""3P*""","=""1""","=""6s.6d""","=""3D""","=""1""",,
"=""559.3308""","=""""","=""559.3308+""","=""5""","=""""",,"=""18060.261""","=""35933.806""","=""6s.6p""","=""1P*""","=""1""","=""5d.6d""","=""3D""","=""1""",,
"=""567.9995""","=""""","=""567.9995+""","=""21""","=""""",,"=""9215.501""","=""26816.266""","=""6s.5d""","=""3D""","=""2""","=""5d.6p""","=""1F*""","=""3""",,
"=""568.0176""","=""""","=""568.0176+""","=""41""","=""""",,"=""12636.623""","=""30236.826""","=""6s.6p""","=""3P*""","=""1""","=""6s.6d""","=""1D""","=""2""",,
"=""577.7618""","=""""","=""577.7619+""","=""740""","=""8.0e+07""",C+,"=""13514.745""","=""30818.115""","=""6s.6p""","=""3P*""","=""2""","=""6s.6d""","=""3D""","=""3""",,
"=""578.4042""","=""""","=""578.4043+""","=""5""","=""2.1e+07""",C,"=""18060.261""","=""35344.413""","=""6s.6p""","=""1P*""","=""1""","=""6p2""","=""3P""","=""2""",,
"=""580.0226""","=""""","=""580.0226+""","=""203""","=""2.4e+07""",C+,"=""13514.745""","=""30750.672""","=""6s.6p""","=""3P*""","=""2""","=""6s.6d""","=""3D""","=""2""",,
"=""580.5681""","=""""","=""580.5681+""","=""419""","=""1.1e+06""",E,"=""9596.533""","=""26816.266""","=""6s.5d""","=""3D""","=""3""","=""5d.6p""","=""1F*""","=""3""",,
"=""581.8812""","=""""","=""581.8813+""","=""14""","=""""",,"=""13514.745""","=""30695.617""","=""6s.6p""","=""3P*""","=""2""","=""6s.6d""","=""3D""","=""1""",,
"=""582.6274""","=""""","=""582.6274+""","=""610""","=""4.5e+07""",B,"=""11395.350""","=""28554.221""","=""6s.5d""","=""1D""","=""2""","=""5d.6p""","=""1P*""","=""1""",,
"=""590.7636""","=""""","=""590.7637+""","=""94""","=""3.6e+06""",E,"=""9033.966""","=""25956.519""","=""6s.5d""","=""3D""","=""1""","=""5d.6p""","=""3P*""","=""2""",,
"=""597.1698""","=""""","=""597.1698+""","=""700""","=""1.6e+07""",C+,"=""9215.501""","=""25956.519""","=""6s.5d""","=""3D""","=""2""","=""5d.6p""","=""3P*""","=""2""",,
"=""597.8461""","=""""","=""597.8461+""","=""8""","=""""",,"=""13514.745""","=""30236.826""","=""6s.6p""","=""3P*""","=""2""","=""6s.6d""","=""1D""","=""2""",,
"=""599.7087""","=""""","=""599.7087+""","=""620""","=""2.8e+07""",C+,"=""9033.966""","=""25704.110""","=""6s.5d""","=""3D""","=""1""","=""5d.6p""","=""3P*""","=""1""",,
"=""601.9470""","=""""","=""601.9470+""","=""610""","=""8.1e+07""",C,"=""9033.966""","=""25642.126""","=""6s.5d""","=""3D""","=""1""","=""5d.6p""","=""3P*""","=""0""",,
"=""606.3114""","=""""","=""606.3114+""","=""840""","=""5.6e+07""",C+,"=""9215.501""","=""25704.110""","=""6s.5d""","=""3D""","=""2""","=""5d.6p""","=""3P*""","=""1""",,
"=""608.3394""","=""""","=""608.3394+""","=""5""","=""1.1e+07""",D+,"=""18060.261""","=""34493.904""","=""6s.6p""","=""1P*""","=""1""","=""6p2""","=""3P""","=""0""",,
"=""611.0783""","=""""","=""611.0783+""","=""880""","=""1.0e+08""",E,"=""9596.533""","=""25956.519""","=""6s.5d""","=""3D""","=""3""","=""5d.6p""","=""3P*""","=""2""",,
"=""612.9233""","=""""","=""612.9233+""","=""5""","=""6.0e+06""",C,"=""18060.261""","=""34371.002""","=""6s.6p""","=""1P*""","=""1""","=""6s.8s""","=""1S""","=""0""",,
"=""634.1680""","=""""","=""634.1680+""","=""900""","=""1.16e+07""",C+,"=""9215.501""","=""24979.834""","=""6s.5d""","=""3D""","=""2""","=""5d.6p""","=""3D*""","=""3""",,
"=""641.1112""","=""""","=""641.1112+""","=""3""","=""""",,"=""12636.623""","=""28230.231""","=""6s.6p""","=""3P*""","=""1""","=""6s.7s""","=""1S""","=""0""",,
"=""645.0851""","=""""","=""645.0851+""","=""580""","=""1.10e+07""",B,"=""9033.966""","=""24531.513""","=""6s.5d""","=""3D""","=""1""","=""5d.6p""","=""3D*""","=""2""",,
"=""648.2908""","=""""","=""648.2908+""","=""1770""","=""4.4e+07""",E,"=""11395.350""","=""26816.266""","=""6s.5d""","=""1D""","=""2""","=""5d.6p""","=""1F*""","=""3""",,
"=""649.8760""","=""""","=""649.8760+""","=""1060""","=""5.4e+07""",C+,"=""9596.533""","=""24979.834""","=""6s.5d""","=""3D""","=""3""","=""5d.6p""","=""3D*""","=""3""",,
"=""652.7311""","=""""","=""652.7311+""","=""890""","=""3.3e+07""",B,"=""9215.501""","=""24531.513""","=""6s.5d""","=""3D""","=""2""","=""5d.6p""","=""3D*""","=""2""",,
"=""659.5325""","=""""","=""659.5326+""","=""740""","=""3.8e+07""",B+,"=""9033.966""","=""24192.033""","=""6s.5d""","=""3D""","=""1""","=""5d.6p""","=""3D*""","=""1""",,
"=""665.4114""","=""""","=""665.4114+""","=""9""","=""""",,"=""22064.645""","=""37088.794""","=""5d.6p""","=""3F*""","=""2""","=""5d.6d""","=""3F""","=""2""",,
"=""667.5270""","=""""","=""667.5270+""","=""462""","=""1.89e+07""",B+,"=""9215.501""","=""24192.033""","=""6s.5d""","=""3D""","=""2""","=""5d.6p""","=""3D*""","=""1""",,
"=""669.3842""","=""""","=""669.3842+""","=""454""","=""1.46e+07""",B,"=""9596.533""","=""24531.513""","=""6s.5d""","=""3D""","=""3""","=""5d.6p""","=""3D*""","=""2""",,
"=""677.1858""","=""""","=""677.1860+""","=""4""","=""""",,"=""23074.387""","=""37837.305""","=""5d.6p""","=""1D*""","=""2""","=""5d.6d""","=""1D""","=""2""",,
"=""686.5686""","=""""","=""686.5686+""","=""62""","=""7.8e+06""",E,"=""11395.350""","=""25956.519""","=""6s.5d""","=""1D""","=""2""","=""5d.6p""","=""3P*""","=""2""",,
"=""686.7905""","=""""","=""686.7905+""","=""8""","=""""",,"=""22947.423""","=""37503.887""","=""5d.6p""","=""3F*""","=""3""","=""5d.6d""","=""3F""","=""3""",,
"=""696.1482""","=""""","=""696.1486+""","=""1""","=""""",,"=""23074.387""","=""37435.176""","=""5d.6p""","=""1D*""","=""2""","=""6s.8d""","=""1D""","=""2""",,
"=""705.9943""","=""""","=""705.9943+""","=""770""","=""5.0e+07""",C,"=""9596.533""","=""23757.049""","=""6s.5d""","=""3D""","=""3""","=""5d.6p""","=""3F*""","=""4""",,
"=""708.9908""","=""""","=""708.9908+""","=""6""","=""""",,"=""22064.645""","=""36165.312""","=""5d.6p""","=""3F*""","=""2""","=""5d.6d""","=""1F""","=""3""",,
"=""712.0331""","=""""","=""712.0331+""","=""530""","=""1.1e+07""",C,"=""9033.966""","=""23074.387""","=""6s.5d""","=""3D""","=""1""","=""5d.6p""","=""1D*""","=""2""",,
"=""715.3624""","=""""","=""715.3623+""","=""5""","=""""",,"=""23757.049""","=""37732.127""","=""5d.6p""","=""3F*""","=""4""","=""5d.6d""","=""3F""","=""4""",,
"=""719.5230""","=""""","=""719.5229+""","=""53""","=""5.6e+06""",C+,"=""12266.024""","=""26160.293""","=""6s.6p""","=""3P*""","=""0""","=""6s.7s""","=""3S""","=""1""",,
"=""722.8796""","=""""","=""722.8797+""","=""25""","=""""",,"=""22064.645""","=""35894.395""","=""5d.6p""","=""3F*""","=""2""","=""5d.6d""","=""3G""","=""3""",,
"=""722.9568""","=""""","=""722.9563+""","=""1""","=""""",,"=""23074.387""","=""36902.670""","=""5d.6p""","=""1D*""","=""2""","=""6s.9s""","=""3S""","=""1""",,
"=""728.0296""","=""""","=""728.0296+""","=""1280""","=""3.2e+07""",C+,"=""9215.501""","=""22947.423""","=""6s.5d""","=""3D""","=""2""","=""5d.6p""","=""3F*""","=""3""",,
"=""735.9308""","=""""","=""735.9312+""","=""2""","=""""",,"=""11395.350""","=""24979.834""","=""6s.5d""","=""1D""","=""2""","=""5d.6p""","=""3D*""","=""3""",,
"=""737.5502""","=""""","=""737.5502+""","=""3""","=""""",,"=""23074.387""","=""36629.053""","=""5d.6p""","=""1D*""","=""2""","=""5d.6d""","=""3D""","=""3""",,
"=""739.2405""","=""""","=""739.2406+""","=""143""","=""1.8e+07""",C+,"=""12636.623""","=""26160.293""","=""6s.6p""","=""3P*""","=""1""","=""6s.7s""","=""3S""","=""1""",,
"=""741.0009""","=""""","=""741.0008+""","=""1""","=""""",,"=""24531.513""","=""38023.059""","=""5d.6p""","=""3D*""","=""2""","=""5d.6d""","=""3P""","=""1""",,
"=""741.7536""","=""""","=""741.7536+""","=""30""","=""7.7e+05""",C,"=""9596.533""","=""23074.387""","=""6s.5d""","=""3D""","=""3""","=""5d.6p""","=""1D*""","=""2""",,
"=""745.9664""","=""""","=""745.9664+""","=""29""","=""""",,"=""22947.423""","=""36349.161""","=""5d.6p""","=""3F*""","=""3""","=""5d.6d""","=""3G""","=""4""",,
"=""748.8075""","=""""","=""748.8075+""","=""253""","=""7.3e+06""",C+,"=""9596.533""","=""22947.423""","=""6s.5d""","=""3D""","=""3""","=""5d.6p""","=""3F*""","=""3""",,
"=""751.3455""","=""""","=""751.3455+""","=""2""","=""""",,"=""24531.513""","=""37837.305""","=""5d.6p""","=""3D*""","=""2""","=""5d.6d""","=""1D""","=""2""",,
"=""752.3642""","=""""","=""752.3639+""","=""1""","=""""",,"=""24979.834""","=""38267.616""","=""5d.6p""","=""3D*""","=""3""","=""5d.6d""","=""3P""","=""2""",,
"=""761.0477""","=""""","=""761.0478+""","=""22""","=""1.1e+06""",C,"=""11395.350""","=""24531.513""","=""6s.5d""","=""1D""","=""2""","=""5d.6p""","=""3D*""","=""2""",,
"=""763.6777""","=""""","=""763.6777+""","=""14""","=""""",,"=""23074.387""","=""36165.312""","=""5d.6p""","=""1D*""","=""2""","=""5d.6d""","=""1F""","=""3""",,
"=""764.2793""","=""""","=""764.2793+""","=""23""","=""""",,"=""23757.049""","=""36837.670""","=""5d.6p""","=""3F*""","=""4""","=""5d.6d""","=""3G""","=""5""",,
"=""767.2085""","=""""","=""767.2085+""","=""560""","=""1.5e+07""",C,"=""9033.966""","=""22064.645""","=""6s.5d""","=""3D""","=""1""","=""5d.6p""","=""3F*""","=""2""",,
"=""770.6567""","=""""","=""770.6568+""","=""3""","=""""",,"=""24531.513""","=""37503.887""","=""5d.6p""","=""3D*""","=""2""","=""5d.6d""","=""3F""","=""3""",,
"=""775.1753""","=""""","=""775.1752+""","=""3""","=""""",,"=""24192.033""","=""37088.794""","=""5d.6p""","=""3D*""","=""1""","=""5d.6d""","=""3F""","=""2""",,
"=""778.0478""","=""""","=""778.0479+""","=""299""","=""7.6e+06""",C,"=""9215.501""","=""22064.645""","=""6s.5d""","=""3D""","=""2""","=""5d.6p""","=""3F*""","=""2""",,
"=""783.9569""","=""""","=""783.9570+""","=""5""","=""""",,"=""24979.834""","=""37732.127""","=""5d.6p""","=""3D*""","=""3""","=""5d.6d""","=""3F""","=""4""",,
"=""787.7801""","=""""","=""787.7798+""","=""2""","=""1.6e+06""",C+,"=""18060.261""","=""30750.672""","=""6s.6p""","=""1P*""","=""1""","=""6s.6d""","=""3D""","=""2""",,
"=""790.5747""","=""""","=""790.5747+""","=""150""","=""2.6e+07""",C+,"=""13514.745""","=""26160.293""","=""6s.6p""","=""3P*""","=""2""","=""6s.7s""","=""3S""","=""1""",,
"=""791.1329""","=""""","=""791.1330+""","=""160""","=""2.98e+05""",D,"=""0.000""","=""12636.623""","=""6s2""","=""1S""","=""0""","=""6s.6p""","=""3P*""","=""1""",,
"=""798.2440""","=""""","=""798.2440+""","=""1""","=""""",,"=""24979.834""","=""37503.887""","=""5d.6p""","=""3D*""","=""3""","=""5d.6d""","=""3F""","=""3""",,
"=""812.0517""","=""""","=""812.0520+""","=""2""","=""""",,"=""25956.519""","=""38267.616""","=""5d.6p""","=""3P*""","=""2""","=""5d.6d""","=""3P""","=""2""",,
"=""821.0239""","=""""","=""821.0240+""","=""70""","=""""",,"=""18060.261""","=""30236.826""","=""6s.6p""","=""1P*""","=""1""","=""6s.6d""","=""1D""","=""2""",,
"=""851.4260""","=""""","=""851.4262+""","=""2""","=""""",,"=""24192.033""","=""35933.806""","=""5d.6p""","=""3D*""","=""1""","=""5d.6d""","=""3D""","=""1""",,
"=""855.9998""","=""""","=""855.9998+""","=""700""","=""2.0e+07""",C+,"=""11395.350""","=""23074.387""","=""6s.5d""","=""1D""","=""2""","=""5d.6p""","=""1D*""","=""2""",,
"=""856.7435""","=""""","=""856.7435+""","=""5""","=""""",,"=""24531.513""","=""36200.412""","=""5d.6p""","=""3D*""","=""2""","=""5d.6d""","=""3D""","=""2""",,
"=""858.1908""","=""""","=""858.1909+""","=""4""","=""""",,"=""24979.834""","=""36629.053""","=""5d.6p""","=""3D*""","=""3""","=""5d.6d""","=""3D""","=""3""",,
"=""865.4078""","=""""","=""865.4078+""","=""13""","=""3.1e+05""",D+,"=""11395.350""","=""22947.423""","=""6s.5d""","=""1D""","=""2""","=""5d.6p""","=""3F*""","=""3""",,
"=""879.3184""","=""""","=""879.3181+""","=""2""","=""""",,"=""24979.834""","=""36349.161""","=""5d.6p""","=""3D*""","=""3""","=""5d.6d""","=""3G""","=""4""",,
"=""879.9836""","=""""","=""879.9836+""","=""5""","=""""",,"=""26816.266""","=""38176.994""","=""5d.6p""","=""1F*""","=""3""","=""5d.6d""","=""1G""","=""4""",,
"=""886.1014""","=""""","=""886.1014+""","=""43""","=""""",,"=""12636.623""","=""23918.915""","=""6s.6p""","=""3P*""","=""1""","=""5d2""","=""3P""","=""2""",,
"=""891.5013""","=""""","=""891.5015+""","=""80""","=""""",,"=""12266.024""","=""23479.976""","=""6s.6p""","=""3P*""","=""0""","=""5d2""","=""3P""","=""1""",,
"=""893.7707""","=""""","=""893.7710+""","=""2""","=""""",,"=""24979.834""","=""36165.312""","=""5d.6p""","=""3D*""","=""3""","=""5d.6d""","=""1F""","=""3""",,
"=""913.3129""","=""""","=""913.3125+""","=""2""","=""""",,"=""25956.519""","=""36902.670""","=""5d.6p""","=""3P*""","=""2""","=""6s.9s""","=""3S""","=""1""",,
"=""918.9391""","=""""","=""918.9390+""","=""12""","=""""",,"=""22064.645""","=""32943.774""","=""5d.6p""","=""3F*""","=""2""","=""5d.7s""","=""3D""","=""2""",,
"=""921.5263""","=""""","=""921.5261+""","=""4""","=""""",,"=""22947.423""","=""33796.011""","=""5d.6p""","=""3F*""","=""3""","=""5d.7s""","=""1D""","=""2""",,
"=""921.9709""","=""""","=""921.9710+""","=""56""","=""""",,"=""12636.623""","=""23479.976""","=""6s.6p""","=""3P*""","=""1""","=""5d2""","=""3P""","=""1""",,
"=""925.2910""","=""""","=""925.2912+""","=""3""","=""""",,"=""25642.126""","=""36446.570""","=""5d.6p""","=""3P*""","=""0""","=""5d.6d""","=""1P""","=""1""",,
"=""930.7978""","=""""","=""930.7979+""","=""18""","=""""",,"=""22064.645""","=""32805.169""","=""5d.6p""","=""3F*""","=""2""","=""5d.7s""","=""3D""","=""1""",,
"=""932.4387""","=""""","=""932.4387+""","=""18""","=""""",,"=""23074.387""","=""33796.011""","=""5d.6p""","=""1D*""","=""2""","=""5d.7s""","=""1D""","=""2""",,
"=""936.7277""","=""""","=""936.7276+""","=""9""","=""""",,"=""25956.519""","=""36629.053""","=""5d.6p""","=""3P*""","=""2""","=""5d.6d""","=""3D""","=""3""",,
"=""937.0119""","=""""","=""937.0120+""","=""510""","=""7.6e+06""",C,"=""11395.350""","=""22064.645""","=""6s.5d""","=""1D""","=""2""","=""5d.6p""","=""3F*""","=""2""",,
"=""939.8465""","=""""","=""939.8467+""","=""3""","=""""",,"=""24979.834""","=""35616.949""","=""5d.6p""","=""3D*""","=""3""","=""6s.7d""","=""3D""","=""2""",,
"=""940.3541""","=""""","=""940.3543+""","=""3""","=""""",,"=""24192.033""","=""34823.406""","=""5d.6p""","=""3D*""","=""1""","=""6p2""","=""3P""","=""1""",,
"=""941.4584""","=""""","=""941.4579+""","=""2""","=""""",,"=""26816.266""","=""37435.176""","=""5d.6p""","=""1F*""","=""3""","=""6s.8d""","=""1D""","=""2""",,
"=""944.9937""","=""""","=""944.9938+""","=""7""","=""""",,"=""22947.423""","=""33526.601""","=""5d.6p""","=""3F*""","=""3""","=""5d.7s""","=""3D""","=""3""",,
"=""945.5973""","=""""","=""945.5974+""","=""89""","=""""",,"=""12636.623""","=""23209.048""","=""6s.6p""","=""3P*""","=""1""","=""5d2""","=""3P""","=""0""",,
"=""952.4551""","=""""","=""952.4552+""","=""8""","=""""",,"=""25704.110""","=""36200.412""","=""5d.6p""","=""3P*""","=""1""","=""5d.6d""","=""3D""","=""2""",,
"=""958.9303""","=""""","=""958.9302+""","=""36""","=""""",,"=""12636.623""","=""23062.051""","=""6s.6p""","=""3P*""","=""1""","=""5d2""","=""1D""","=""2""",,
"=""960.8894""","=""""","=""960.8895+""","=""184""","=""""",,"=""13514.745""","=""23918.915""","=""6s.6p""","=""3P*""","=""2""","=""5d2""","=""3P""","=""2""",,
"=""964.5600""","=""""","=""964.5600+""","=""9""","=""1.1e+07""",C,"=""24979.834""","=""35344.413""","=""5d.6p""","=""3D*""","=""3""","=""6p2""","=""3P""","=""2""",,
"=""970.4309""","=""""","=""970.4313+""","=""4""","=""1.6e+07""",C,"=""24192.033""","=""34493.904""","=""5d.6p""","=""3D*""","=""1""","=""6p2""","=""3P""","=""0""",,
"=""971.3719""","=""""","=""971.3722+""","=""11""","=""""",,"=""24531.513""","=""34823.406""","=""5d.6p""","=""3D*""","=""2""","=""6p2""","=""3P""","=""1""",,
"=""982.160""","=""0.005""","=""982.1485+""","=""3h""","=""5.5e+06""",D+,"=""24192.033""","=""34371.002""","=""5d.6p""","=""3D*""","=""1""","=""6s.8s""","=""1S""","=""0""",,
"=""983.0175""","=""""","=""983.0175+""","=""83""","=""""",,"=""18060.261""","=""28230.231""","=""6s.6p""","=""1P*""","=""1""","=""6s.7s""","=""1S""","=""0""",,
"=""1000.0908""","=""""","=""1000.0909+""","=""116""","=""""",,"=""22947.423""","=""32943.774""","=""5d.6p""","=""3F*""","=""3""","=""5d.7s""","=""3D""","=""2""",,
"=""1003.2139""","=""""","=""1003.2140+""","=""760""","=""""",,"=""13514.745""","=""23479.976""","=""6s.6p""","=""3P*""","=""2""","=""5d2""","=""3P""","=""1""",,
"=""1012.9566""","=""""","=""1012.9565+""","=""10""","=""""",,"=""23074.387""","=""32943.774""","=""5d.6p""","=""1D*""","=""2""","=""5d.7s""","=""3D""","=""2""",,
"=""1018.7992""","=""""","=""1018.7992+""","=""12""","=""""",,"=""26816.266""","=""36629.053""","=""5d.6p""","=""1F*""","=""3""","=""5d.6d""","=""3D""","=""3""",,
"=""1023.3079""","=""""","=""1023.3079+""","=""169""","=""""",,"=""23757.049""","=""33526.601""","=""5d.6p""","=""3F*""","=""4""","=""5d.7s""","=""3D""","=""3""",,
"=""1027.3849""","=""""","=""1027.3851+""","=""32""","=""""",,"=""23074.387""","=""32805.169""","=""5d.6p""","=""1D*""","=""2""","=""5d.7s""","=""3D""","=""1""",,
"=""1034.8668""","=""""","=""1034.8670+""","=""6""","=""""",,"=""25956.519""","=""35616.949""","=""5d.6p""","=""3P*""","=""2""","=""6s.7d""","=""3D""","=""2""",,
"=""1037.0281""","=""""","=""1037.0276+""","=""4""","=""1.3e+06""",C,"=""25704.110""","=""35344.413""","=""5d.6p""","=""3P*""","=""1""","=""6p2""","=""3P""","=""2""",,
"=""1047.1290""","=""""","=""1047.1290+""","=""354""","=""""",,"=""13514.745""","=""23062.051""","=""6s.6p""","=""3P*""","=""2""","=""5d2""","=""1D""","=""2""",,
"=""1054.0086""","=""""","=""1054.0095+""","=""5""","=""1.8e+06""",D,"=""23062.051""","=""32547.033""","=""5d2""","=""1D""","=""2""","=""6s.7p""","=""1P*""","=""1""",,
"=""1064.9102""","=""""","=""1064.9099+""","=""6""","=""2.7e+06""",C,"=""25956.519""","=""35344.413""","=""5d.6p""","=""3P*""","=""2""","=""6p2""","=""3P""","=""2""",,
"=""1069.3349""","=""""","=""1069.3349+""","=""6""","=""""",,"=""26816.266""","=""36165.312""","=""5d.6p""","=""1F*""","=""3""","=""5d.6d""","=""1F""","=""3""",,
"=""1079.0936""","=""""","=""1079.0937+""","=""14""","=""""",,"=""24531.513""","=""33796.011""","=""5d.6p""","=""3D*""","=""2""","=""5d.7s""","=""1D""","=""2""",,
