obs_wl_air(nm),ritz_wl_air(nm),intens,Aki(s^-1),Acc,Ei(cm-1),Ek(cm-1),conf_i,term_i,J_i,conf_k,term_k,J_k,Type,
"=""425.512""","=""425.5188""","=""2""","=""""",,"=""44168.847""","=""67662.959""","=""3s2.5d""","=""2D""","=""5/2""","=""3s.3p.(3P*).3d""","=""2D*""","=""5/2""",,
"=""510.7520""","=""510.7517""","=""6""","=""""",,"=""25347.756""","=""44921.287""","=""3s2.4s""","=""2S""","=""1/2""","=""3s2.7p""","=""2P*""","=""3/2""",,
"=""510.7943""","=""510.7940""","=""4""","=""""",,"=""25347.756""","=""44919.666""","=""3s2.4s""","=""2S""","=""1/2""","=""3s2.7p""","=""2P*""","=""1/2""",,
"=""555.7063""","=""555.7059""","=""10""","=""2.30e+05""",C,"=""25347.756""","=""43337.889""","=""3s2.4s""","=""2S""","=""1/2""","=""3s2.6p""","=""2P*""","=""3/2""",,
"=""555.7948""","=""555.7944""","=""8""","=""2.29e+05""",C,"=""25347.756""","=""43335.024""","=""3s2.4s""","=""2S""","=""1/2""","=""3s2.6p""","=""2P*""","=""1/2""",,
"=""669.6015""","=""669.6018""","=""13""","=""1.00e+06""",C+,"=""25347.756""","=""40277.883""","=""3s2.4s""","=""2S""","=""1/2""","=""3s2.5p""","=""2P*""","=""3/2""",,
"=""669.8673""","=""669.8667""","=""11""","=""1.00e+06""",C+,"=""25347.756""","=""40271.978""","=""3s2.4s""","=""2S""","=""1/2""","=""3s2.5p""","=""2P*""","=""1/2""",,
"=""678.52""","=""678.4242""","=""1""","=""""",,"=""32436.796""","=""[47172.77]""","=""3s2.3d""","=""2D""","=""5/2""","=""3s2.10f""","=""2F*""","=""7/2""",,
"=""""","=""690.5638""","=""""","=""1.08e+06""",D,"=""32435.453""","=""[46912.38]""","=""3s2.3d""","=""2D""","=""3/2""","=""3s2.9f""","=""2F*""","=""5/2""",,
"=""""","=""690.6279""","=""""","=""7.69e+04""",E,"=""32436.796""","=""[46912.38]""","=""3s2.3d""","=""2D""","=""5/2""","=""3s2.9f""","=""2F*""","=""5/2""",,
"=""690.64""","=""690.6279""","=""3""","=""1.15e+06""",C,"=""32436.796""","=""[46912.38]""","=""3s2.3d""","=""2D""","=""5/2""","=""3s2.9f""","=""2F*""","=""7/2""",,
"=""708.3968""","=""708.3969""","=""5""","=""1.54e+06""",C+,"=""32435.453""","=""46547.942""","=""3s2.3d""","=""2D""","=""3/2""","=""3s2.8f""","=""2F*""","=""5/2""",,
"=""""","=""708.4643""","=""""","=""1.10e+05""",E,"=""32436.796""","=""46547.942""","=""3s2.3d""","=""2D""","=""5/2""","=""3s2.8f""","=""2F*""","=""5/2""",,
"=""708.4644""","=""708.4643""","=""6""","=""1.65e+06""",C+,"=""32436.796""","=""46547.942""","=""3s2.3d""","=""2D""","=""5/2""","=""3s2.8f""","=""2F*""","=""7/2""",,
