wl_nm,S_rel_550,S_low_1sigma,S_high_1sigma
458.3,1.8775,1.5906,2.2162
463.3,1.8097,1.5561,2.1047
468.3,1.745,1.5216,2.0011
473.3,1.6831,1.4872,1.9047
478.3,1.6239,1.4529,1.815
483.3,1.5672,1.4188,1.7313
488.3,1.513,1.3849,1.6531
493.3,1.4611,1.3512,1.5799
498.3,1.4114,1.3179,1.5115
503.3,1.3637,1.2849,1.4473
508.3,1.3179,1.2523,1.387
513.3,1.274,1.2202,1.3303
518.3,1.2319,1.1885,1.2769
523.3,1.1914,1.1573,1.2266
528.3,1.1525,1.1266,1.179
533.3,1.1151,1.0965,1.1341
538.3,1.0792,1.0669,1.0915
543.3,1.0445,1.038,1.0511
548.3,1.0112,1.0096,1.0128
553.3,0.9791,0.9763,0.9819
558.3,0.9482,0.9416,0.9548
563.3,0.9184,0.9084,0.9284
568.3,0.8896,0.8767,0.9027
573.3,0.8619,0.8464,0.8776
578.3,0.8351,0.8174,0.8531
583.3,0.8092,0.7896,0.8294
588.3,0.7842,0.7628,0.8063
593.3,0.7601,0.7371,0.7838
598.3,0.7368,0.7123,0.762
603.3,0.7142,0.6884,0.7409
608.3,0.6923,0.6654,0.7203
613.3,0.6712,0.6432,0.7004
618.3,0.6507,0.6218,0.681
623.3,0.6309,0.601,0.6622
628.3,0.6117,0.581,0.644
633.3,0.5931,0.5616,0.6263
638.3,0.575,0.5429,0.609
643.3,0.5575,0.5248,0.5923
648.3,0.5405,0.5072,0.576
653.3,0.524,0.4902,0.5602
658.3,0.508,0.4738,0.5447
663.3,0.4925,0.4579,0.5297
668.3,0.4774,0.4425,0.515
673.3,0.4628,0.4277,0.5007
678.3,0.4485,0.4133,0.4868
683.3,0.4347,0.3993,0.4732
688.3,0.4212,0.3858,0.4599
693.3,0.4081,0.3728,0.4468
698.3,0.3954,0.3602,0.4341
703.3,0.383,0.3479,0.4217
708.3,0.371,0.3361,0.4095
713.3,0.3593,0.3247,0.3976
718.3,0.3479,0.3136,0.3859
723.3,0.3368,0.3029,0.3745
728.3,0.326,0.2925,0.3634
733.3,0.3155,0.2824,0.3524
738.3,0.3053,0.2727,0.3418
743.3,0.2953,0.2632,0.3313
748.3,0.2856,0.254,0.3212
753.3,0.2762,0.2451,0.3112
758.3,0.267,0.2364,0.3015
763.3,0.258,0.228,0.2921
768.3,0.2493,0.2198,0.2829
773.3,0.2409,0.2118,0.2739
778.3,0.2326,0.2039,0.2653
783.3,0.2246,0.1963,0.2569
788.3,0.2167,0.1888,0.2488
793.3,0.2091,0.1815,0.2409
798.3,0.2017,0.1743,0.2334
803.3,0.1945,0.1673,0.2261
