sp,wl,A,acc,Ek,status,reason
BaII,413.06491,218000000.0,B,46154.847,отброшена,ширина пика 47 пм не похожа на одиночную линию (~24 пм)
BaI,413.24266,1460000.0,B,24192.033,отброшена,резонансная (нижний уровень — основной): возможно самопоглощение
BaII,416.60014,35400000.0,B,45949.472,отброшена,слабая: S/N = 11 < 30
XeI,419.3528,220000.0,B,90907.1,отброшена,других пригодных линий того же верхнего уровня нет — не с чем сравнить
XeI,420.3695,110000.0,D+,90849.44,отброшена,класс точности A D+ (хуже 50 %)
BaII,421.604,5090000.0,B,73101.58,отброшена,возможна бленда: WI 421.605 в пределах 1.5 FWHM
BaI,423.95552,24000000.0,E,37095.486,отброшена,класс точности A E (хуже 50 %)
BaI,424.2605,5600000.0,E,36200.412,отброшена,класс точности A E (хуже 50 %)
BaI,426.44174,15000000.0,E,35709.289,отброшена,класс точности A E (хуже 50 %)
BaII,426.79199,31000000.0,D,71682.623,отброшена,класс точности A D (хуже 50 %)
BaI,428.30973,64000000.0,E,34736.373,отброшена,класс точности A E (хуже 50 %)
BaII,428.78,2400000.0,E,72705.28,отброшена,класс точности A E (хуже 50 %)
BaII,430.92662,11000000.0,D,71682.623,отброшена,класс точности A D (хуже 50 %)
BaII,430.92662,31000000.0,D,71682.623,отброшена,класс точности A D (хуже 50 %)
BaI,432.30031,8800000.0,C+,35762.187,отброшена,возможна бленда: WI 432.274 в пределах 1.5 FWHM
BaI,432.51085,7100000.0,E,36629.053,отброшена,класс точности A E (хуже 50 %)
BaII,432.573,5650000.0,B,73122.35,отброшена,слабая: S/N = 2 < 30
BaII,432.962,939000.0,B,73101.6,отброшена,других пригодных линий того же верхнего уровня нет — не с чем сравнить
XeII,433.052,140000000.0,,136597.8,отброшена,других пригодных линий того же верхнего уровня нет — не с чем сравнить
BaI,433.29146,15000000.0,E,35709.289,отброшена,класс точности A E (хуже 50 %)
BaI,435.03255,60000000.0,E,35616.949,отброшена,класс точности A E (хуже 50 %)
BaI,440.25386,27000000.0,C,35344.413,отброшена,ширина пика 49 пм не похожа на одиночную линию (~24 пм)
BaII,440.523,3900000.0,E,72705.28,отброшена,класс точности A E (хуже 50 %)
BaI,440.68319,10000000.0,E,36200.412,отброшена,класс точности A E (хуже 50 %)
XeII,441.484,100000000.0,,132207.8,отброшена,других пригодных линий того же верхнего уровня нет — не с чем сравнить
BaI,443.18943,120000000.0,E,34823.406,отброшена,класс точности A E (хуже 50 %)
BaI,446.70914,6600000.0,E,35894.395,отброшена,класс точности A E (хуже 50 %)
BaI,448.898,28000000.0,C+,35785.273,отброшена,возможна бленда: WI 448.901 в пределах 1.5 FWHM
BaI,449.3638,20000000.0,C+,35762.187,отброшена,возможна бленда: WI 449.396 в пределах 1.5 FWHM
XeI,450.0978,1460000.0,C+,89278.706,отброшена,возможна бленда: WI 450.110 в пределах 1.5 FWHM
BaI,450.5924,110000000.0,E,34823.406,отброшена,класс точности A E (хуже 50 %)
BaII,450.963,1200000.0,E,70651.905,отброшена,класс точности A E (хуже 50 %)
BaI,452.3167,96000000.0,E,35616.949,отброшена,класс точности A E (хуже 50 %)
XeI,452.46805,460000.0,C+,89162.356,отброшена,возможна бленда: BaII 452.493 в пределах 1.5 FWHM
BaII,452.4926,66300000.0,B,42355.175,отброшена,возможна бленда: XeI 452.468 в пределах 1.5 FWHM
BaII,455.4033,111000000.0,B,21952.404,отброшена,резонансная (нижний уровень — основной): возможно самопоглощение
BaI,457.3853,121000000.0,B,34493.904,отброшена,ширина пика 3 пм не похожа на одиночную линию (~24 пм)
BaI,457.9638,70000000.0,C+,35344.413,отброшена,слабая: S/N = 12 < 30
XeI,458.27472,1300000.0,C,89860.0,взята,
BaI,459.1824,1600000.0,E,30987.24,отброшена,класс точности A E (хуже 50 %)
BaI,459.9717,41000000.0,B+,34371.002,отброшена,возможна бленда: WI 459.994 в пределах 1.5 FWHM
XeII,460.303,82000000.0,,116783.1,отброшена,других пригодных линий того же верхнего уровня нет — не с чем сравнить
BaI,460.4983,7700000.0,E,30743.49,отброшена,класс точности A E (хуже 50 %)
XeI,461.18882,30000.0,D,88744.559,отброшена,класс точности A D (хуже 50 %)
BaI,461.992,2700000.0,C+,33905.358,отброшена,слабая: S/N = 2 < 30
XeI,462.42756,2420000.0,B,88686.5,отброшена,возможна бленда: WI 462.445 в пределах 1.5 FWHM
BaI,462.8331,6000000.0,E,30815.512,отброшена,класс точности A E (хуже 50 %)
XeI,467.12258,2490000.0,B,88469.2,отброшена,других пригодных линий того же верхнего уровня нет — не с чем сравнить
BaI,467.3619,6500000.0,E,30987.24,отброшена,класс точности A E (хуже 50 %)
XeI,469.097,280000.0,C+,88379.1,взята,
BaI,469.1614,160000000.0,E,34823.406,отброшена,класс точности A E (хуже 50 %)
XeI,469.70208,736000.0,B,88351.681,отброшена,возможна бленда: WII 469.702 в пределах 1.5 FWHM
BaI,470.0422,6100000.0,C+,33905.358,отброшена,возможна бленда: WI 470.042 в пределах 1.5 FWHM
BaII,470.894,8470000.0,B,70620.247,отброшена,возможна бленда: XeII 470.892 в пределах 1.5 FWHM
BaI,472.6434,33000000.0,C,32547.033,отброшена,ширина пика 1 пм не похожа на одиночную линию (~24 пм)
XeI,473.41518,1380000.0,C+,89162.4,отброшена,других пригодных линий того же верхнего уровня нет — не с чем сравнить
XeI,479.2619,120000.0,D+,87927.131,отброшена,класс точности A D+ (хуже 50 %)
XeI,480.7019,4290000.0,B,88842.3,отброшена,других пригодных линий того же верхнего уровня нет — не с чем сравнить
XeI,482.9708,600000.0,D+,88744.559,отброшена,класс точности A D+ (хуже 50 %)
XeI,484.32934,702000.0,B,88686.5,отброшена,возможна бленда: BaII 484.346 в пределах 1.5 FWHM
BaII,484.346,9340000.0,B,70651.905,отброшена,возможна бленда: XeI 484.329 в пределах 1.5 FWHM
XeII,484.433,110000000.0,,113705.4,отброшена,насыщена
BaII,484.714,3500000.0,C+,70014.584,отброшена,ширина пика 135 пм не похожа на одиночную линию (~24 пм)
BaII,485.084,1550000.0,B,70620.247,отброшена,ширина пика 71 пм не похожа на одиночную линию (~24 пм)
XeII,487.65,63000000.0,,130064.0,отброшена,других пригодных линий того же верхнего уровня нет — не с чем сравнить
BaII,489.9927,104000000.0,B,42355.175,отброшена,слабая: S/N = 23 < 30
BaI,490.2848,5400000.0,C+,33905.358,отброшена,возможна бленда: WI 490.295 в пределах 1.5 FWHM
XeI,491.6507,1600000.0,C+,88379.1,взята,
XeI,492.3152,974000.0,B,88351.7,отброшена,других пригодных линий того же верхнего уровня нет — не с чем сравнить
BaII,493.4077,95300000.0,B,20261.561,отброшена,резонансная (нижний уровень — основной): возможно самопоглощение
BaII,495.7092,51000000.0,C,68426.095,отброшена,возможна бленда: WI 495.737 в пределах 1.5 FWHM
BaII,499.781,6400000.0,C+,70014.584,отброшена,ширина пика 15 пм не похожа на одиночную линию (~24 пм)
BaII,501.2954,1900000.0,C,68426.095,отброшена,возможна бленда: XeII 501.283 в пределах 1.5 FWHM
BaII,501.2954,52000000.0,C,68426.095,отброшена,возможна бленда: XeII 501.283 в пределах 1.5 FWHM
XeI,502.82794,160000.0,D+,87927.131,отброшена,класс точности A D+ (хуже 50 %)
XeI,520.607,110000.0,C,96472.13,отброшена,возможна бленда: WI 520.618 в пределах 1.5 FWHM
XeII,526.044,22000000.0,,123254.6,отброшена,возможна бленда: CaI 526.039 в пределах 1.5 FWHM
XeII,526.195,85000000.0,,131923.79,отброшена,возможна бленда: CaI 526.171 в пределах 1.5 FWHM
XeII,529.222,89000000.0,,111958.89,отброшена,насыщена
XeI,530.637,160000.0,C+,96109.22,отброшена,ширина пика 4 пм не похожа на одиночную линию (~24 пм)
BaII,536.135,4000000.0,C+,64596.33,отброшена,возможна бленда: WI 536.141 в пределах 1.5 FWHM
XeII,537.239,71000000.0,,113672.9,отброшена,других пригодных линий того же верхнего уровня нет — не с чем сравнить
BaII,539.16,4200000.0,C+,64697.08,отброшена,ширина пика 6 пм не похожа на одиночную линию (~24 пм)
XeII,541.915,62000000.0,,113512.4,взята,
BaII,542.105,280000.0,C+,64596.33,отброшена,ширина пика nan пм не похожа на одиночную линию (~24 пм)
BaII,542.879,190000.0,C,66673.651,отброшена,возможна бленда: WI 542.914 в пределах 1.5 FWHM
XeII,543.896,74000000.0,,121179.8,отброшена,возможна бленда: WI 543.885 в пределах 1.5 FWHM
XeI,545.645,44000.0,B,95590.97,отброшена,возможна бленда: WI 545.658 в пределах 1.5 FWHM
XeI,546.0037,250000.0,B+,95578.961,отброшена,возможна бленда: XeII 546.039 в пределах 1.5 FWHM
XeII,547.261,9900000.0,,113705.4,взята,
BaII,548.03,180000.0,C,66725.591,отброшена,возможна бленда: WI 548.062 в пределах 1.5 FWHM
BaI,551.9044,57000000.0,C+,30750.672,отброшена,ширина пика 73 пм не похожа на одиночную линию (~24 пм)
XeII,553.107,8800000.0,,113512.36,отброшена,возможна бленда: WI 553.138 в пределах 1.5 FWHM
XeI,553.278,180000.0,B+,96472.13,отброшена,возможна бленда: WI 553.303 в пределах 1.5 FWHM
BaI,553.5481,119000000.0,A+,18060.261,отброшена,резонансная (нижний уровень — основной): возможно самопоглощение
XeI,555.728,60000.0,C+,96109.22,отброшена,возможна бленда: AlI 555.706 в пределах 1.5 FWHM
XeI,564.619,270000.0,B+,96109.22,отброшена,ширина пика 14 пм не похожа на одиночную линию (~24 пм)
XeI,570.687,70000.0,C+,94787.084,отброшена,ширина пика 6 пм не похожа на одиночную линию (~24 пм)
XeI,571.5716,350000.0,C+,94759.927,отброшена,ширина пика 75 пм не похожа на одиночную линию (~24 пм)
XeII,571.961,6100000.0,,113512.4,взята,
XeI,572.214,360000.0,B+,95590.97,отброшена,ширина пика 48 пм не похожа на одиночную линию (~24 пм)
XeI,572.61,90000.0,C+,95578.961,отброшена,возможна бленда: WI 572.643 в пределах 1.5 FWHM
BaI,577.7618,80000000.0,C+,30818.115,отброшена,слабая: S/N = 16 < 30
BaI,578.4042,21000000.0,C,35344.413,отброшена,возможна бленда: BaII 578.418 в пределах 1.5 FWHM
BaII,578.418,15900000.0,B,66673.651,отброшена,возможна бленда: BaI 578.404 в пределах 1.5 FWHM
XeI,579.226,90000.0,C,96472.13,отброшена,возможна бленда: WI 579.234 в пределах 1.5 FWHM
BaI,580.0226,24000000.0,C+,30750.672,отброшена,ширина пика 6 пм не похожа на одиночную линию (~24 пм)
BaI,580.5681,1100000.0,E,26816.266,отброшена,класс точности A E (хуже 50 %)
XeI,582.052,400000.0,B+,95578.961,отброшена,слабая: S/N = 4 < 30
BaI,582.6274,45000000.0,B,28554.221,отброшена,ширина пика 306 пм не похожа на одиночную линию (~24 пм)
BaII,585.3675,6000000.0,B,21952.404,отброшена,возможна бленда: AlII 585.362 в пределах 1.5 FWHM
BaI,590.7636,3600000.0,E,25956.519,отброшена,класс точности A E (хуже 50 %)
XeI,591.665,130000.0,B,96109.22,отброшена,ширина пика 5 пм не похожа на одиночную линию (~24 пм)
BaI,597.1698,16000000.0,C+,25956.519,отброшена,возможна бленда: AlII 597.198 в пределах 1.5 FWHM
XeII,597.646,28000000.0,,111792.2,взята,
BaII,598.125,17300000.0,B,66725.591,отброшена,возможна бленда: WI 598.095 в пределах 1.5 FWHM
BaI,599.7087,28000000.0,C+,25704.11,отброшена,слабая: S/N = 6 < 30
XeI,599.8115,580000.0,B+,94787.084,отброшена,возможна бленда: WI 599.828 в пределах 1.5 FWHM
BaII,599.985,2860000.0,B,66673.651,отброшена,возможна бленда: AlII 599.970 в пределах 1.5 FWHM
XeI,600.7909,160000.0,B+,94759.9,отброшена,других пригодных линий того же верхнего уровня нет — не с чем сравнить
XeI,600.978,210000.0,B,95590.97,отброшена,возможна бленда: WI 600.968 в пределах 1.5 FWHM
XeI,601.41,13000.0,C,95578.961,отброшена,ширина пика 6 пм не похожа на одиночную линию (~24 пм)
BaI,601.947,81000000.0,C,25642.126,отброшена,слабая: S/N = 3 < 30
XeII,603.62,7500000.0,,111958.9,взята,
XeII,605.115,17000000.0,,111958.9,взята,
BaI,606.3114,56000000.0,C+,25704.11,отброшена,ширина пика 6 пм не похожа на одиночную линию (~24 пм)
BaI,608.3394,11000000.0,D+,34493.904,отброшена,класс точности A D+ (хуже 50 %)
XeII,609.759,26000000.0,,111792.2,взята,
XeI,610.388,120000.0,B,95590.97,отброшена,ширина пика 70 пм не похожа на одиночную линию (~24 пм)
XeI,610.837,180000.0,C+,95578.961,отброшена,слабая: S/N = 2 < 30
BaI,611.0783,100000000.0,E,25956.519,отброшена,класс точности A E (хуже 50 %)
XeI,611.1951,700000.0,C,94759.927,отброшена,возможна бленда: XeI 611.176 в пределах 1.5 FWHM
BaI,612.9233,6000000.0,C,34371.002,отброшена,возможна бленда: XeIII 612.910 в пределах 1.5 FWHM
BaII,613.583,6640000.0,B,65683.646,отброшена,слабая: S/N = 10 < 30
BaII,614.1713,41200000.0,B,21952.4,отброшена,других пригодных линий того же верхнего уровня нет — не с чем сравнить
XeI,618.91,130000.0,B,93422.108,отброшена,слабая: S/N = 10 < 30
XeI,619.826,660000.0,B+,93398.3,взята,
XeII,627.082,18000000.0,,128867.2,отброшена,других пригодных линий того же верхнего уровня нет — не с чем сравнить
XeII,627.754,3600000.0,,111958.9,взята,
XeI,631.497,310000.0,B+,94787.084,отброшена,ширина пика 54 пм не похожа на одиночную линию (~24 пм)
XeI,632.581,21000.0,C,94759.927,отброшена,слабая: S/N = 5 < 30
BaI,634.168,11600000.0,C+,24979.834,отброшена,слабая: S/N = 3 < 30
BaII,637.89,11800000.0,B,65683.646,отброшена,ширина пика 56 пм не похожа на одиночную линию (~24 пм)
XeI,643.0155,300000.0,B+,94759.927,отброшена,возможна бленда: WI 642.989 в пределах 1.5 FWHM
BaI,645.0851,11000000.0,B,24531.513,отброшена,ширина пика 49 пм не похожа на одиночную линию (~24 пм)
XeI,646.15,120000.0,C+,95590.97,отброшена,возможна бленда: XeII 646.148 в пределах 1.5 FWHM
BaI,648.2908,44000000.0,E,26816.266,отброшена,класс точности A E (хуже 50 %)
XeI,648.7765,940000.0,B,92678.5,взята,
BaII,649.6898,31000000.0,B,20261.6,отброшена,других пригодных линий того же верхнего уровня нет — не с чем сравнить
BaI,649.876,54000000.0,C+,24979.8,отброшена,других пригодных линий того же верхнего уровня нет — не с чем сравнить
BaI,652.7311,33000000.0,B,24531.513,отброшена,слабая: S/N = 4 < 30
XeI,653.3159,1030000.0,B+,93422.1,отброшена,других пригодных линий того же верхнего уровня нет — не с чем сравнить
XeI,654.336,270000.0,B+,93398.253,отброшена,слабая: S/N = 15 < 30
BaI,659.5325,38000000.0,B+,24192.033,отброшена,возможна бленда: XeI 659.556 в пределах 1.5 FWHM
XeI,666.6965,1100000.0,B+,93398.3,взята,
BaI,667.527,18900000.0,B+,24192.033,отброшена,слабая: S/N = 2 < 30
BaI,669.3842,14600000.0,B,24531.5,отброшена,других пригодных линий того же верхнего уровня нет — не с чем сравнить
BaII,676.9477,94000000.0,C,63026.725,отброшена,ширина пика 283 пм не похожа на одиночную линию (~24 пм)
XeII,680.574,6100000.0,,123112.5,отброшена,других пригодных линий того же верхнего уровня нет — не с чем сравнить
XeI,681.564,210000.0,B+,94787.084,отброшена,ширина пика 6 пм не похожа на одиночную линию (~24 пм)
BaI,686.5686,7800000.0,E,25956.519,отброшена,класс точности A E (хуже 50 %)
XeI,686.6838,920000.0,B,92678.5,взята,
BaII,687.4079,93000000.0,C,63026.725,отброшена,ширина пика 126 пм не похожа на одиночную линию (~24 пм)
BaII,687.4079,93000000.0,C,63026.725,отброшена,ширина пика 126 пм не похожа на одиночную линию (~24 пм)
XeI,688.2155,5830000.0,B,92646.1,отброшена,других пригодных линий того же верхнего уровня нет — не с чем сравнить
XeI,691.082,740000.0,B+,93422.108,отброшена,слабая: S/N = 19 < 30
XeI,692.222,30000.0,D+,93398.253,отброшена,класс точности A D+ (хуже 50 %)
XeI,697.6182,1910000.0,B,92733.6,взята,
XeII,699.088,27000000.0,,113705.4,взята,
XeI,701.902,350000.0,C,92646.125,отброшена,слабая: S/N = 22 < 30
XeI,703.553,400000.0,B+,93422.108,отброшена,слабая: S/N = 7 < 30
XeI,704.737,640000.0,B+,93398.253,отброшена,слабая: S/N = 18 < 30
BaI,705.9943,50000000.0,C,23757.049,отброшена,слабая: S/N = 13 < 30
XeI,711.9598,8390000.0,B,92444.9,отброшена,других пригодных линий того же верхнего уровня нет — не с чем сравнить
BaI,712.0331,11000000.0,C,23074.387,отброшена,ширина пика nan пм не похожа на одиночную линию (~24 пм)
BaI,719.523,5600000.0,C+,26160.293,отброшена,ширина пика 97 пм не похожа на одиночную линию (~24 пм)
BaI,728.0296,32000000.0,C+,22947.423,отброшена,слабая: S/N = 5 < 30
XeI,728.5301,4090000.0,B,92678.5,взята,
XeI,731.687,250000.0,C+,90932.4,отброшена,выброс: отклонение от кривой больше 3 устойчивых σ
XeI,738.6003,1250000.0,B+,90804.5,взята,
BaI,739.2405,18000000.0,C+,26160.293,отброшена,ширина пика 103 пм не похожа на одиночную линию (~24 пм)
XeI,739.3793,4890000.0,B,92733.6,взята,
BaI,741.7536,770000.0,C,23074.387,отброшена,ширина пика 44 пм не похожа на одиночную линию (~24 пм)
XeI,742.405,860000.0,B,92678.516,отброшена,слабая: S/N = 26 < 30
XeI,744.194,470000.0,C,92646.125,отброшена,ширина пика 62 пм не похожа на одиночную линию (~24 пм)
BaI,748.8075,7300000.0,C+,22947.423,отброшена,ширина пика 14 пм не похожа на одиночную линию (~24 пм)
XeI,751.496,210000.0,C,93422.108,отброшена,слабая: S/N = 8 < 30
BaI,761.0477,1100000.0,C,24531.513,отброшена,ширина пика nan пм не похожа на одиночную линию (~24 пм)
XeI,764.2024,21000000.0,C+,89278.7,отброшена,других пригодных линий того же верхнего уровня нет — не с чем сравнить
BaI,767.2085,15000000.0,C,22064.645,отброшена,ширина пика 111 пм не похожа на одиночную линию (~24 пм)
BaI,778.0478,7600000.0,C,22064.645,отброшена,ширина пика 5 пм не похожа на одиночную линию (~24 пм)
XeI,780.2651,2280000.0,B+,90932.4,отброшена,выброс: отклонение от кривой больше 3 устойчивых σ
BaI,787.7801,1600000.0,C+,30750.672,отброшена,ширина пика 88 пм не похожа на одиночную линию (~24 пм)
XeI,788.132,550000.0,B+,90804.5,взята,
XeI,788.7393,35000000.0,C+,89860.0,взята,
BaI,790.5747,26000000.0,C+,26160.293,отброшена,ширина пика nan пм не похожа на одиночную линию (~24 пм)
BaI,791.1329,298000.0,D,12636.623,отброшена,класс точности A D (хуже 50 %)
XeI,796.7342,3400000.0,D+,88744.559,отброшена,класс точности A D+ (хуже 50 %)
XeI,806.1339,2590000.0,B+,90804.5,взята,
