sp,wl,Ek,A,acc,amp,fwhm_pm,area,sn,resid_ln
XeI,458.27472,89860.0,1300000.0,C,2263.4657070502412,26.624934086986926,60.264625258367936,215.90610420051655,-0.001
XeI,469.097,88379.1,280000.0,C+,915.6789352837607,25.54415520109,23.390244837257228,109.18028877121695,-0.018
XeI,491.6507,88379.1,1600000.0,C+,4683.4423803370355,25.203500064640927,118.03914033556654,496.3793135831623,0.018
XeII,541.915,113512.4,62000000.0,,58759.95543346828,23.847884864695505,1401.3006518319908,7006.199067385799,-0.088
XeII,547.261,113705.4,9900000.0,,14590.490705464097,25.300814599922678,369.15130026084216,1391.7489435684552,0.081
XeII,571.961,113512.4,6100000.0,,5681.394002716758,23.842129286204557,135.45653033864016,541.9333907882913,0.088
XeII,597.646,111792.2,28000000.0,,10910.69588435415,23.531661760965317,256.74680512737825,1040.7428905019528,-0.006
XeII,603.62,111958.9,7500000.0,,7309.258805403987,22.20220351092139,162.28165151157347,697.2111785712456,0.006
XeII,605.115,111958.9,17000000.0,,14228.394800193664,22.273401117897404,316.91474464851916,1357.2095573474105,-0.134
XeII,609.759,111792.2,26000000.0,,9753.39192909498,22.93686457863199,223.71222985997377,775.292231286614,0.006
XeI,619.826,93398.3,660000.0,B+,478.54939002321754,24.771981325783305,11.854616553120136,38.03965093058401,-0.031
XeII,627.754,111958.9,3600000.0,,3510.5118988136637,21.5944649237954,75.80762606349805,334.85859558710445,0.128
XeI,648.7765,92678.5,940000.0,B,759.7451039779085,22.920920029293953,17.41405677092526,72.47010859248049,-0.053
XeI,666.6965,93398.3,1100000.0,B+,679.7266734272306,23.128343246342894,15.72095181671981,54.03113226019253,0.031
XeI,686.6838,92678.5,920000.0,B,642.0633405407709,21.707290330872542,13.9374553439284,61.24475138913621,-0.018
XeI,697.6182,92733.6,1910000.0,B,1547.7709540716894,21.062012292908236,32.59917086126423,105.45560283552679,-0.02
XeII,699.088,113705.4,27000000.0,,17230.827381596224,19.202010699538004,330.8665317433031,1369.669824068251,-0.081
XeI,728.5301,92678.5,4090000.0,B,2579.5835384232346,20.1107478753346,51.87735416459317,144.74103622858556,0.072
XeI,738.6003,90804.5,1250000.0,B+,2069.5735974348477,18.7943721512131,38.896336384515415,123.38202523529769,0.007
XeI,739.3793,92733.6,4890000.0,B,3540.354962121479,18.731180782775304,66.31502883069302,241.21803410259395,0.02
XeI,788.132,90804.5,550000.0,B+,728.6270784985608,17.305709840457304,12.6094088023962,49.64417222278191,0.041
XeI,788.7393,89860.0,35000000.0,C+,8451.696829386317,22.115438398905816,186.9129805965207,575.8466921616377,0.001
XeI,806.1339,90804.5,2590000.0,B+,2752.6868978789644,17.321486737707485,47.68062959467164,164.10727539234935,-0.048
