wl_nm,paschen,upper,lower,E_upper_eV,A_nist,acc,best_sn,best_amp,n_sheets,n_saturated,blends
337.034,1s5,5p5.(2P*<3/2>).10f 2[5/2] J=3,5p5.(2P*<3/2>).6s 2[3/2]* J=2,11.993,,,17,160,1,0,XeIII 337.065 (I=9)
338.32,1s5,5p5.(2P*<3/2>).13p 2[3/2] J=2,5p5.(2P*<3/2>).6s 2[3/2]* J=2,11.979,,,13,55,1,0,
338.436,1s5,5p5.(2P*<3/2>).13p 2[5/2] J=3,5p5.(2P*<3/2>).6s 2[3/2]* J=2,11.978,,,35,146,1,0,XeII 338.413 (I=40h); XeIII 338.410 (I=12bl)
353.661,1s4,5p5.(2P*<3/2>).12p 2[3/2] J=2,5p5.(2P*<3/2>).6s 2[3/2]* J=1,11.941,,,11,70,1,0,
356.38,1s4,5p5.(2P*<3/2>).8f 2[3/2] J=2,5p5.(2P*<3/2>).6s 2[3/2]* J=1,11.915,,,22,234,1,0,
361.032,1s5,5p5.(2P*<3/2>).6f 2[5/2] J=3,5p5.(2P*<3/2>).6s 2[3/2]* J=2,11.749,,,12,52,1,0,
361.306,1s5,5p5.(2P*<3/2>).6f 2[3/2] J=2,5p5.(2P*<3/2>).6s 2[3/2]* J=2,11.746,,,88,370,1,0,
368.59,1s5,5p5.(2P*<3/2>).9p 2[3/2] J=2,5p5.(2P*<3/2>).6s 2[3/2]* J=2,11.678,450000.0,D,43,180,1,0,
369.349,1s5,5p5.(2P*<3/2>).9p 2[5/2] J=3,5p5.(2P*<3/2>).6s 2[3/2]* J=2,11.671,310000.0,D+,51,213,1,0,
374.222,1s4,5p5.(2P*<3/2>).6f 2[5/2] J=2,5p5.(2P*<3/2>).6s 2[3/2]* J=1,11.749,,,16,98,1,0,XeII 374.196 (I=2Hw)
379.595,1s5,5p5.(2P*<3/2>).5f 2[5/2] J=2,5p5.(2P*<3/2>).6s 2[3/2]* J=2,11.581,,,47,345,1,0,XeI 379.630 (I=40)
379.63,1s5,5p5.(2P*<3/2>).5f 2[5/2] J=3,5p5.(2P*<3/2>).6s 2[3/2]* J=2,11.58,160000.0,C,47,345,1,0,XeI 379.595 (I=3)
380.139,1s5,5p5.(2P*<3/2>).5f 2[3/2] J=2,5p5.(2P*<3/2>).6s 2[3/2]* J=2,11.576,,,10,86,1,0,XeIII 380.171 (I=8)
380.19,1s5,5p5.(2P*<3/2>).5f 2[3/2] J=1,5p5.(2P*<3/2>).6s 2[3/2]* J=2,11.575,,,10,86,1,0,XeIII 380.171 (I=8)
380.984,1s4,5p5.(2P*<3/2>).9p 2[1/2] J=0,5p5.(2P*<3/2>).6s 2[3/2]* J=1,11.69,,,30,190,1,0,
382.374,1s4,5p5.(2P*<3/2>).9p 2[3/2] J=2,5p5.(2P*<3/2>).6s 2[3/2]* J=1,11.678,,,12,48,1,0,
382.686,1s4,5p5.(2P*<3/2>).9p 2[3/2] J=1,5p5.(2P*<3/2>).6s 2[3/2]* J=1,11.675,,,22,93,1,0,
394.8163,1s4,5p5.(2P*<3/2>).5f 2[3/2] J=2,5p5.(2P*<3/2>).6s 2[3/2]* J=1,11.576,,,34,287,1,0,
394.872,1s4,5p5.(2P*<3/2>).5f 2[3/2] J=1,5p5.(2P*<3/2>).6s 2[3/2]* J=1,11.575,,,34,287,1,0,
395.0924,1s5,5p5.(2P*<3/2>).8p 2[3/2] J=2,5p5.(2P*<3/2>).6s 2[3/2]* J=2,11.453,560000.0,C+,420,2644,1,0,XeIII 395.059 (I=25)
396.75411,1s5,5p5.(2P*<3/2>).8p 2[5/2] J=3,5p5.(2P*<3/2>).6s 2[3/2]* J=2,11.439,530000.0,C+,561,3527,1,0,
397.4417,1s5,5p5.(2P*<3/2>).8p 2[5/2] J=2,5p5.(2P*<3/2>).6s 2[3/2]* J=2,11.434,140000.0,D+,58,362,1,0,
398.5202,1s5,5p5.(2P*<3/2>).8p 2[1/2] J=1,5p5.(2P*<3/2>).6s 2[3/2]* J=2,11.426,,,47,296,1,0,
407.88202,1s4,5p5.(2P*<3/2>).8p 2[1/2] J=0,5p5.(2P*<3/2>).6s 2[3/2]* J=1,11.475,,,599,3768,2,0,XeIII 407.870 (I=21)
410.97089,1s4,5p5.(2P*<3/2>).8p 2[3/2] J=2,5p5.(2P*<3/2>).6s 2[3/2]* J=1,11.453,,,233,1464,2,0,XeIII 411.005 (I=12); WI 410.975 (I=30); CaII 410.982 (I=60)
411.61147,1s4,5p5.(2P*<3/2>).8p 2[3/2] J=1,5p5.(2P*<3/2>).6s 2[3/2]* J=1,11.448,,,352,2212,2,0,
413.5133,1s4,5p5.(2P*<3/2>).8p 2[5/2] J=2,5p5.(2P*<3/2>).6s 2[3/2]* J=1,11.434,,,63,265,2,0,
419.301,1s5,5p5.(2P*<3/2>).4f 2[5/2] J=2,5p5.(2P*<3/2>).6s 2[3/2]* J=2,11.271,,,150,630,2,0,XeII 419.315 (I=500h)
419.3528,1s5,5p5.(2P*<3/2>).4f 2[5/2] J=3,5p5.(2P*<3/2>).6s 2[3/2]* J=2,11.271,220000.0,B,856,3591,2,0,WI 419.379 (I=6)
420.3695,1s5,5p5.(2P*<3/2>).4f 2[3/2] J=2,5p5.(2P*<3/2>).6s 2[3/2]* J=2,11.264,110000.0,D+,194,1219,2,0,XeIII 420.389 (I=13); WI 420.382 (I=15); WI 420.396 (I=2)
420.5404,1s5,5p5.(2P*<3/2>).4f 2[3/2] J=1,5p5.(2P*<3/2>).6s 2[3/2]* J=2,11.263,,,22,137,2,0,WI 420.555 (I=12)
437.2287,1s4,5p5.(2P*<3/2>).4f 2[5/2] J=2,5p5.(2P*<3/2>).6s 2[3/2]* J=1,11.271,,,26,166,2,0,XeII 437.246 (I=2h); WI 437.252 (I=40)
438.3908,1s4,5p5.(2P*<3/2>).4f 2[3/2] J=2,5p5.(2P*<3/2>).6s 2[3/2]* J=1,11.264,,,373,1562,2,0,
438.5768,1s4,5p5.(2P*<3/2>).4f 2[3/2] J=1,5p5.(2P*<3/2>).6s 2[3/2]* J=1,11.263,,,168,1059,2,0,XeIII 438.601 (I=4)
450.0978,2p2-1s5,5p5.(2P*<1/2>).6p 2[1/2] J=1,5p5.(2P*<3/2>).6s 2[3/2]* J=2,11.069,1460000.0,C+,6176,38850,2,0,WI 450.110 (I=3)
452.46805,2p3-1s5,5p5.(2P*<1/2>).6p 2[3/2] J=2,5p5.(2P*<3/2>).6s 2[3/2]* J=2,11.055,460000.0,C+,3546,22303,2,0,BaII 452.493 (I=188)
454.399,,5p5.(2P*<1/2>).5f 2[7/2] J=3,5p5.(2P*<3/2>).5d 2[5/2]* J=2,12.885,,,291,1834,2,0,WII 454.435 (I=5)
457.66,1s5,5p5.(2P*<3/2>).6d 2[7/2]* J=4,5p5.(2P*<3/2>).6s 2[3/2]* J=2,11.024,,,92,578,2,0,
458.27472,2p1-1s4,5p5.(2P*<1/2>).6p 2[1/2] J=0,5p5.(2P*<3/2>).6s 2[3/2]* J=1,11.141,1300000.0,C,1540,12916,2,0,
461.18882,1s5,5p5.(2P*<3/2>).7p 2[3/2] J=1,5p5.(2P*<3/2>).6s 2[3/2]* J=2,11.003,30000.0,D,158,1323,2,0,
462.42756,1s5,5p5.(2P*<3/2>).7p 2[3/2] J=2,5p5.(2P*<3/2>).6s 2[3/2]* J=2,10.996,2420000.0,B,7385,61937,2,1,WI 462.445 (I=6)
467.12258,1s5,5p5.(2P*<3/2>).7p 2[5/2] J=3,5p5.(2P*<3/2>).6s 2[3/2]* J=2,10.969,2490000.0,B,8619,72290,2,2,
469.097,2p4-1s5,5p5.(2P*<1/2>).6p 2[3/2] J=1,5p5.(2P*<3/2>).6s 2[3/2]* J=2,10.958,280000.0,C+,750,4715,2,0,WI 469.062 (I=1)
469.70208,1s5,5p5.(2P*<3/2>).7p 2[5/2] J=2,5p5.(2P*<3/2>).6s 2[3/2]* J=2,10.954,736000.0,B,3236,20356,2,0,WII 469.702 (I=1)
473.41518,2p3-1s4,5p5.(2P*<1/2>).6p 2[3/2] J=2,5p5.(2P*<3/2>).6s 2[3/2]* J=1,11.055,1380000.0,C+,10559,66417,2,1,
473.749,,5p5.(2P*<1/2>).4f 2[5/2] J=3,5p5.(2P*<3/2>).5d 2[3/2]* J=2,12.575,,,14,114,2,0,
479.2619,1s5,5p5.(2P*<3/2>).7p 2[1/2] J=1,5p5.(2P*<3/2>).6s 2[3/2]* J=2,10.902,120000.0,D+,882,5547,2,0,XeII 479.256 (I=40); WI 479.281 (I=2)
480.7019,1s4,5p5.(2P*<3/2>).7p 2[1/2] J=0,5p5.(2P*<3/2>).6s 2[3/2]* J=1,11.015,4290000.0,B,6888,57765,2,0,WI 480.738 (I=20)
482.9708,1s4,5p5.(2P*<3/2>).7p 2[3/2] J=1,5p5.(2P*<3/2>).6s 2[3/2]* J=1,11.003,600000.0,D+,5580,40950,3,0,
484.32934,1s4,5p5.(2P*<3/2>).7p 2[3/2] J=2,5p5.(2P*<3/2>).6s 2[3/2]* J=1,10.996,702000.0,B,8481,71126,3,1,BaII 484.346
491.6507,2p4-1s4,5p5.(2P*<1/2>).6p 2[3/2] J=1,5p5.(2P*<3/2>).6s 2[3/2]* J=1,10.958,1600000.0,C+,3926,32926,3,0,WI 491.618 (I=30)
492.3152,1s4,5p5.(2P*<3/2>).7p 2[5/2] J=2,5p5.(2P*<3/2>).6s 2[3/2]* J=1,10.954,974000.0,B,4129,34632,3,0,WI 492.293 (I=15)
502.388,1s3,5p5.(2P*<3/2>).8f 2[3/2] J=1,5p5.(2P*<1/2>).6s 2[1/2]* J=0,11.914,,,20,127,3,0,
502.82794,1s4,5p5.(2P*<3/2>).7p 2[1/2] J=1,5p5.(2P*<3/2>).6s 2[3/2]* J=1,10.902,160000.0,D+,1085,6824,3,0,
516.2711,1s3,5p5.(2P*<3/2>).7f 2[3/2] J=1,5p5.(2P*<1/2>).6s 2[1/2]* J=0,11.848,,,69,290,2,0,WI 516.287 (I=4)
524.527,2p10,5p5.(2P*<3/2>).11d 2[3/2]* J=2,5p5.(2P*<3/2>).6p 2[1/2] J=1,11.943,,,16,99,2,0,
524.898,2p10,5p5.(2P*<3/2>).11d 2[1/2]* J=1,5p5.(2P*<3/2>).6p 2[1/2] J=1,11.942,,,18,112,2,0,WI 524.904 (I=3)
528.611,1s2,5p5.(2P*<3/2>).8f 2[3/2] J=2,5p5.(2P*<1/2>).6s 2[1/2]* J=1,11.915,,,16,99,2,0,XeI 528.638 (I=3h); AlII 528.584 (I=30)
528.638,1s2,5p5.(2P*<3/2>).8f 2[3/2] J=1,5p5.(2P*<1/2>).6s 2[1/2]* J=1,11.914,,,16,99,2,0,XeI 528.611 (I=4h)
533.789,2p9,5p5.(2P*<3/2>).13d 2[7/2]* J=3,5p5.(2P*<3/2>).6p 2[5/2] J=2,12.008,,,13,56,2,0,
536.2244,2p10,5p5.(2P*<3/2>).10d 2[1/2]* J=1,5p5.(2P*<3/2>).6p 2[1/2] J=1,11.892,,,24,148,2,0,
536.4626,2p10,5p5.(2P*<3/2>).10d 2[3/2]* J=2,5p5.(2P*<3/2>).6p 2[1/2] J=1,11.891,,,32,269,2,0,XeIII 536.439 (I=1)
536.703,2p10,5p5.(2P*<3/2>).10d 2[1/2]* J=0,5p5.(2P*<3/2>).6p 2[1/2] J=1,11.89,,,11,105,2,0,XeIII 536.703 (I=14); WI 536.712 (I=2w)
537.374,2p8,5p5.(2P*<3/2>).14d 2[7/2]* J=4,5p5.(2P*<3/2>).6p 2[5/2] J=3,12.027,,,1992,12529,2,0,
539.2795,1s3,5p5.(2P*<3/2>).6f 2[3/2] J=1,5p5.(2P*<1/2>).6s 2[1/2]* J=0,11.746,,,196,824,2,0,WI 539.254 (I=2); WI 539.278 (I=4)
539.4738,2p10,5p5.(2P*<1/2>).7s 2[1/2]* J=1,5p5.(2P*<3/2>).6p 2[1/2] J=1,11.878,,,43,181,2,0,WI 539.474 (I=10)
540.045,2p9,5p5.(2P*<3/2>).12d 2[7/2]* J=3,5p5.(2P*<3/2>).6p 2[5/2] J=2,11.981,,,12,51,2,0,WI 540.029 (I=8)
541.802,2p10,5p5.(2P*<1/2>).7s 2[1/2]* J=0,5p5.(2P*<3/2>).6p 2[1/2] J=1,11.868,,,51,319,2,0,
542.176,2p8,5p5.(2P*<3/2>).13d 2[7/2]* J=4,5p5.(2P*<3/2>).6p 2[5/2] J=3,12.007,,,10,63,5,0,WI 542.186 (I=15); WI 542.209 (I=2)
543.56,1s2,5p5.(2P*<3/2>).7f 2[5/2] J=2,5p5.(2P*<1/2>).6s 2[1/2]* J=1,11.85,,,21,131,5,0,WI 543.559 (I=30); WI 543.575 (I=4)
543.9923,1s2,5p5.(2P*<3/2>).7f 2[3/2] J=2,5p5.(2P*<1/2>).6s 2[1/2]* J=1,11.848,,,906,6652,5,0,WI 543.957 (I=15); WI 544.005 (I=25)
544.039,1s2,5p5.(2P*<3/2>).7f 2[3/2] J=1,5p5.(2P*<1/2>).6s 2[1/2]* J=1,11.848,,,36,267,5,0,WI 544.005 (I=25)
544.487,2p9,5p5.(2P*<3/2>).13s 2[3/2]* J=1,5p5.(2P*<3/2>).6p 2[5/2] J=2,11.962,,,18,111,5,0,
546.0037,2p10,5p5.(2P*<3/2>).11s 2[3/2]* J=2,5p5.(2P*<3/2>).6p 2[1/2] J=1,11.85,250000.0,B+,956,8022,5,0,XeII 546.039 (I=300)
547.912,2p8,5p5.(2P*<3/2>).12d 2[5/2]* J=3,5p5.(2P*<3/2>).6p 2[5/2] J=3,11.983,,,17,72,5,0,WI 547.923 (I=10)
548.416,2p10,5p5.(2P*<3/2>).9d 2[3/2]* J=1,5p5.(2P*<3/2>).6p 2[1/2] J=1,11.84,,,13,81,5,0,XeI 548.446 (I=4h); WI 548.449 (I=4)
548.446,2p9,5p5.(2P*<3/2>).11d 2[5/2]* J=2,5p5.(2P*<3/2>).6p 2[5/2] J=2,11.946,,,13,81,5,0,XeI 548.416 (I=1h); WI 548.449 (I=4)
548.703,2p8,5p5.(2P*<3/2>).12d 2[7/2]* J=4,5p5.(2P*<3/2>).6p 2[5/2] J=3,11.98,,,23,120,5,0,
548.8555,2p9,5p5.(2P*<3/2>).11d 2[7/2]* J=3,5p5.(2P*<3/2>).6p 2[5/2] J=2,11.944,,,45,280,5,0,WI 548.847 (I=6)
555.2385,2p10,5p5.(2P*<3/2>).9d 2[3/2]* J=2,5p5.(2P*<3/2>).6p 2[1/2] J=1,11.813,,,169,1064,5,0,WI 555.269 (I=1)
555.31,2p9,5p5.(2P*<3/2>).12s 2[3/2]* J=1,5p5.(2P*<3/2>).6p 2[5/2] J=2,11.918,,,169,1064,5,0,XeIII 555.278 (I=5)
555.728,2p9,5p5.(2P*<3/2>).12s 2[3/2]* J=2,5p5.(2P*<3/2>).6p 2[5/2] J=2,11.916,60000.0,C+,93,489,5,0,AlI 555.706 (I=10)
556.6615,2p10,5p5.(2P*<3/2>).9d 2[1/2]* J=1,5p5.(2P*<3/2>).6p 2[1/2] J=1,11.807,,,185,1161,5,0,
556.777,2p8,5p5.(2P*<3/2>).11d 2[5/2]* J=3,5p5.(2P*<3/2>).6p 2[5/2] J=3,11.947,,,185,1161,5,0,XeIII 556.788 (I=0); WI 556.809 (I=10)
557.928,2p8,5p5.(2P*<3/2>).11d 2[7/2]* J=4,5p5.(2P*<3/2>).6p 2[5/2] J=3,11.942,,,51,324,5,0,
558.1784,2p10,5p5.(2P*<3/2>).9d 2[1/2]* J=0,5p5.(2P*<3/2>).6p 2[1/2] J=1,11.801,,,94,396,5,0,CaI 558.197 (I=25)
559.437,1s3,5p5.(2P*<3/2>).9p 2[1/2] J=1,5p5.(2P*<1/2>).6s 2[1/2]* J=0,11.663,,,17,70,5,0,WI 559.437 (I=1); CaI 559.447 (I=26)
560.799,2p9,5p5.(2P*<3/2>).10d 2[5/2]* J=3,5p5.(2P*<3/2>).6p 2[5/2] J=2,11.896,,,10,43,5,0,WI 560.813 (I=5)
561.265,2p9,5p5.(2P*<3/2>).10d 2[5/2]* J=2,5p5.(2P*<3/2>).6p 2[5/2] J=2,11.894,,,34,178,5,0,XeII 561.289 (I=1h-); WI 561.230 (I=4)
561.8878,2p9,5p5.(2P*<3/2>).10d 2[7/2]* J=3,5p5.(2P*<3/2>).6p 2[5/2] J=2,11.892,,,103,434,5,0,WI 561.874 (I=2)
562.124,2p9,5p5.(2P*<3/2>).10d 2[3/2]* J=2,5p5.(2P*<3/2>).6p 2[5/2] J=2,11.891,,,311,1302,5,0,
564.619,2p8,5p5.(2P*<3/2>).12s 2[3/2]* J=2,5p5.(2P*<3/2>).6p 2[5/2] J=3,11.916,270000.0,B+,20,125,2,0,
568.8373,1s2,5p5.(2P*<3/2>).6f 2[5/2] J=2,5p5.(2P*<1/2>).6s 2[1/2]* J=1,11.749,,,87,550,3,0,XeII 568.820 (I=2^)
569.575,1s2,5p5.(2P*<3/2>).6f 2[3/2] J=2,5p5.(2P*<1/2>).6s 2[1/2]* J=1,11.746,,,184,1543,3,0,
569.6477,1s2,5p5.(2P*<3/2>).6f 2[3/2] J=1,5p5.(2P*<1/2>).6s 2[1/2]* J=1,11.746,,,183,1539,3,0,
569.854,2p8,5p5.(2P*<3/2>).10d 2[5/2]* J=3,5p5.(2P*<3/2>).6p 2[5/2] J=3,11.896,,,125,785,3,0,
570.334,2p8,5p5.(2P*<3/2>).10d 2[5/2]* J=2,5p5.(2P*<3/2>).6p 2[5/2] J=3,11.894,,,21,129,3,0,
570.98,2p8,5p5.(2P*<3/2>).10d 2[7/2]* J=3,5p5.(2P*<3/2>).6p 2[5/2] J=3,11.892,,,26,165,3,0,
571.221,2p8,5p5.(2P*<3/2>).10d 2[3/2]* J=2,5p5.(2P*<3/2>).6p 2[5/2] J=3,11.891,,,17817,112072,3,0,WI 571.247 (I=3)
571.5716,2p10,5p5.(2P*<3/2>).10s 2[3/2]* J=2,5p5.(2P*<3/2>).6p 2[1/2] J=1,11.749,350000.0,C+,182,1145,3,0,WI 571.538 (I=4*); WI 571.538 (I=4*)
571.6252,2p8,5p5.(2P*<3/2>).10d 2[7/2]* J=4,5p5.(2P*<3/2>).6p 2[5/2] J=3,11.889,,,182,1145,3,0,XeII 571.610 (I=100H)
572.214,2p9,5p5.(2P*<3/2>).11s 2[3/2]* J=1,5p5.(2P*<3/2>).6p 2[5/2] J=2,11.852,360000.0,B+,22,182,3,0,WI 572.188 (I=1)
572.326,2p7,5p5.(2P*<3/2>).11d 2[3/2]* J=1,5p5.(2P*<3/2>).6p 2[3/2] J=1,11.955,,,21,178,3,0,WI 572.305 (I=8)
572.61,2p9,5p5.(2P*<3/2>).11s 2[3/2]* J=2,5p5.(2P*<3/2>).6p 2[5/2] J=2,11.85,90000.0,C+,254,1597,3,0,WI 572.643 (I=2)
573.348,2p6,5p5.(2P*<3/2>).12d 2[5/2]* J=3,5p5.(2P*<3/2>).6p 2[3/2] J=2,11.983,,,13,84,3,0,
574.017,2p10,5p5.(2P*<3/2>).8d 2[3/2]* J=1,5p5.(2P*<3/2>).6p 2[1/2] J=1,11.74,,,17,107,3,0,WI 574.006 (I=2)
574.073,2p6,5p5.(2P*<3/2>).12d 2[3/2]* J=2,5p5.(2P*<3/2>).6p 2[3/2] J=2,11.98,,,17,107,3,0,
574.82,2p7,5p5.(2P*<3/2>).11d 2[5/2]* J=2,5p5.(2P*<3/2>).6p 2[3/2] J=1,11.946,,,18,113,3,0,
580.7311,2p9,5p5.(2P*<3/2>).9d 2[5/2]* J=3,5p5.(2P*<3/2>).6p 2[5/2] J=2,11.82,,,35,147,3,0,
581.4505,2p9,5p5.(2P*<3/2>).9d 2[5/2]* J=2,5p5.(2P*<3/2>).6p 2[5/2] J=2,11.817,,,106,668,3,0,WI 581.414 (I=2)
582.052,2p8,5p5.(2P*<3/2>).11s 2[3/2]* J=2,5p5.(2P*<3/2>).6p 2[5/2] J=3,11.85,400000.0,B+,44,275,3,0,
582.389,1s3,5p5.(2P*<3/2>).5f 2[3/2] J=1,5p5.(2P*<1/2>).6s 2[1/2]* J=0,11.575,,,867,5451,3,0,
582.48,2p9,5p5.(2P*<3/2>).9d 2[7/2]* J=3,5p5.(2P*<3/2>).6p 2[5/2] J=2,11.814,,,668,5604,3,0,XeII 582.479 (I=1-)
583.063,2p6,5p5.(2P*<3/2>).11d 2[5/2]* J=3,5p5.(2P*<3/2>).6p 2[3/2] J=2,11.947,,,21,129,3,0,
584.083,2p6,5p5.(2P*<3/2>).11d 2[3/2]* J=2,5p5.(2P*<3/2>).6p 2[3/2] J=2,11.943,,,13,55,3,0,
584.343,2p9,5p5.(2P*<3/2>).9d 2[1/2]* J=1,5p5.(2P*<3/2>).6p 2[5/2] J=2,11.807,,,19,80,3,0,WI 584.370 (I=1w)
585.6509,2p10,5p5.(2P*<3/2>).8d 2[5/2]* J=2,5p5.(2P*<3/2>).6p 2[1/2] J=1,11.697,,,48,202,3,0,WI 585.661 (I=6)
587.5018,2p10,5p5.(2P*<3/2>).8d 2[3/2]* J=2,5p5.(2P*<3/2>).6p 2[1/2] J=1,11.69,,,815,5978,3,0,
587.892,1s2,5p5.(2P*<3/2>).9p 2[3/2] J=2,5p5.(2P*<1/2>).6s 2[1/2]* J=1,11.678,,,11,70,2,0,
588.912,2p7,5p5.(2P*<3/2>).10d 2[5/2]* J=2,5p5.(2P*<3/2>).6p 2[3/2] J=1,11.894,,,13030,109280,2,0,
589.4988,2p10,5p5.(2P*<3/2>).8d 2[1/2]* J=1,5p5.(2P*<3/2>).6p 2[1/2] J=1,11.683,,,782,6560,2,0,
589.562,2p7,5p5.(2P*<3/2>).10d 2[1/2]* J=1,5p5.(2P*<3/2>).6p 2[3/2] J=1,11.892,,,1775,18611,2,0,WI 589.598 (I=1)
590.4462,2p8,5p5.(2P*<3/2>).9d 2[5/2]* J=3,5p5.(2P*<3/2>).6p 2[5/2] J=3,11.82,,,83,523,2,0,XeIII 590.413 (I=0); WI 590.457 (I=1)
591.19,2p6,5p5.(2P*<3/2>).12s 2[3/2]* J=1,5p5.(2P*<3/2>).6p 2[3/2] J=2,11.918,,,13,81,2,0,
591.19,2p8,5p5.(2P*<3/2>).9d 2[5/2]* J=2,5p5.(2P*<3/2>).6p 2[5/2] J=3,11.817,,,13,81,2,0,
592.185,1s2,5p5.(2P*<3/2>).9p 2[1/2] J=1,5p5.(2P*<1/2>).6s 2[1/2]* J=1,11.663,,,19,143,2,0,XeII 592.150 (I=1); WI 592.187 (I=1); WI 592.207 (I=1)
592.255,2p8,5p5.(2P*<3/2>).9d 2[7/2]* J=3,5p5.(2P*<3/2>).6p 2[5/2] J=3,11.814,,,67,562,2,0,CaII 592.272 (I=10)
593.1241,2p10,5p5.(2P*<3/2>).8d 2[1/2]* J=0,5p5.(2P*<3/2>).6p 2[1/2] J=1,11.67,,,395,3313,2,0,WI 593.113 (I=2)
593.4172,2p8,5p5.(2P*<3/2>).9d 2[7/2]* J=4,5p5.(2P*<3/2>).6p 2[5/2] J=3,11.809,,,555,4656,2,0,XeII 593.414 (I=2); WI 593.449 (I=8)
597.4152,2p6,5p5.(2P*<3/2>).10d 2[5/2]* J=3,5p5.(2P*<3/2>).6p 2[3/2] J=2,11.896,,,80,503,2,0,
598.918,2p6,5p5.(2P*<3/2>).10d 2[3/2]* J=2,5p5.(2P*<3/2>).6p 2[3/2] J=2,11.891,,,37,234,2,0,
599.8115,2p9,5p5.(2P*<3/2>).10s 2[3/2]* J=1,5p5.(2P*<3/2>).6p 2[5/2] J=2,11.752,580000.0,B+,96,602,2,0,XeII 599.830 (I=1^); WI 599.828 (I=3)
600.7909,2p9,5p5.(2P*<3/2>).10s 2[3/2]* J=2,5p5.(2P*<3/2>).6p 2[5/2] J=2,11.749,160000.0,B+,46,288,2,0,
600.978,2p7,5p5.(2P*<3/2>).11s 2[3/2]* J=1,5p5.(2P*<3/2>).6p 2[3/2] J=1,11.852,210000.0,B,47,298,2,0,WI 600.968 (I=8)
602.978,,5p5.(2P*<1/2>).6f 2[5/2] J=2,5p5.(2P*<3/2>).6d 2[3/2]* J=2,13.054,,,298403108,1876997050,2,0,WI 602.984 (I=5)
602.978,,5p5.(2P*<1/2>).6f 2[5/2] J=3,5p5.(2P*<3/2>).6d 2[3/2]* J=2,13.054,,,298403108,1876997050,2,0,WI 602.984 (I=5)
604.338,2p7,5p5.(2P*<3/2>).9d 2[3/2]* J=1,5p5.(2P*<3/2>).6p 2[3/2] J=1,11.84,,,20,123,2,0,WI 604.331 (I=25)
604.8,,5p5.(2P*<3/2>).10f 2[9/2] J=5,5p5.(2P*<3/2>).5d 2[7/2]* J=4,11.993,,,20,86,2,0,
609.338,,5p5.(2P*<3/2>).10f 2[5/2] J=3,5p5.(2P*<3/2>).5d 2[3/2]* J=2,11.993,,,93,582,2,0,XeII 609.350 (I=300)
610.837,2p6,5p5.(2P*<3/2>).11s 2[3/2]* J=2,5p5.(2P*<3/2>).6p 2[3/2] J=2,11.85,180000.0,C+,19,157,2,0,
611.1761,2p7,5p5.(2P*<3/2>).9d 2[5/2]* J=2,5p5.(2P*<3/2>).6p 2[3/2] J=1,11.817,,,225,1889,2,0,XeI 611.195 (I=40); XeIII 611.178 (I=0a); XeIII 611.190 (I=0a); WI 611.166 (I=15)
611.1951,2p8,5p5.(2P*<3/2>).10s 2[3/2]* J=2,5p5.(2P*<3/2>).6p 2[5/2] J=3,11.749,700000.0,C,225,1889,2,0,XeI 611.176 (I=30); XeIII 611.178 (I=0a); XeIII 611.190 (I=0a); WI 611.166 (I=15)
611.486,2p10,5p5.(2P*<1/2>).5d 2[3/2]* J=1,5p5.(2P*<3/2>).6p 2[1/2] J=1,11.607,,,30,249,2,0,XeII 611.508 (I=50)
612.391,,5p5.(2P*<3/2>).8f 2[3/2] J=1,5p5.(2P*<3/2>).5d 2[1/2]* J=0,11.914,,,21,133,2,0,
612.636,2p7,5p5.(2P*<3/2>).9d 2[3/2]* J=2,5p5.(2P*<3/2>).6p 2[3/2] J=1,11.813,,,71,300,2,0,
614.213,,5p5.(2P*<3/2>).9f 2[7/2] J=4,5p5.(2P*<3/2>).5d 2[7/2]* J=4,11.961,,,26,162,2,0,
614.497,,5p5.(2P*<3/2>).9f 2[9/2] J=5,5p5.(2P*<3/2>).5d 2[7/2]* J=4,11.96,,,42,356,2,0,
615.207,2p9,5p5.(2P*<3/2>).8d 2[5/2]* J=3,5p5.(2P*<3/2>).6p 2[5/2] J=2,11.7,,,99,621,2,0,WI 615.181 (I=1)
616.3661,2p9,5p5.(2P*<3/2>).8d 2[5/2]* J=2,5p5.(2P*<3/2>).6p 2[5/2] J=2,11.697,,,469,2950,2,0,XeI 616.394 (I=80); XeIII 616.387 (I=0bl); CaI 616.376 (I=22)
616.3935,1s2,5p5.(2P*<3/2>).5f 2[5/2] J=2,5p5.(2P*<1/2>).6s 2[1/2]* J=1,11.581,,,469,2950,2,0,XeI 616.366 (I=90); XeIII 616.387 (I=0bl); CaI 616.376 (I=22)
617.8303,1s2,5p5.(2P*<3/2>).5f 2[3/2] J=2,5p5.(2P*<1/2>).6s 2[1/2]* J=1,11.576,,,694,5816,2,0,
617.9665,1s2,5p5.(2P*<3/2>).5f 2[3/2] J=1,5p5.(2P*<1/2>).6s 2[1/2]* J=1,11.575,,,372,3897,2,0,WI 617.966 (I=3)
618.242,2p9,5p5.(2P*<3/2>).8d 2[7/2]* J=3,5p5.(2P*<3/2>).6p 2[5/2] J=2,11.69,,,1021,12843,2,0,AlII 618.233; AlII 618.233
618.416,2p9,5p5.(2P*<3/2>).8d 2[3/2]* J=2,5p5.(2P*<3/2>).6p 2[5/2] J=2,11.69,,,21,178,2,0,
618.91,2p10,5p5.(2P*<3/2>).9s 2[3/2]* J=1,5p5.(2P*<3/2>).6p 2[1/2] J=1,11.583,130000.0,B,40,461,2,0,
619.14,,5p5.(2P*<3/2>).9f 2[5/2] J=3,5p5.(2P*<3/2>).5d 2[3/2]* J=2,11.961,,,12,124,2,0,
619.389,,5p5.(2P*<3/2>).9f 2[3/2] J=2,5p5.(2P*<3/2>).5d 2[3/2]* J=2,11.96,,,15,127,2,0,XeII 619.407 (I=300)
619.549,1s3,5p5.(2P*<3/2>).8p 2[3/2] J=1,5p5.(2P*<1/2>).6s 2[1/2]* J=0,11.448,,,16,131,2,0,WI 619.578 (I=1)
619.826,2p10,5p5.(2P*<3/2>).9s 2[3/2]* J=2,5p5.(2P*<3/2>).6p 2[1/2] J=1,11.58,660000.0,B+,399,4183,2,0,WI 619.819 (I=2)
620.0892,2p6,5p5.(2P*<3/2>).9d 2[5/2]* J=3,5p5.(2P*<3/2>).6p 2[3/2] J=2,11.82,,,217,1817,2,0,
620.149,,5p5.(2P*<3/2>).8f 2[5/2] J=2,5p5.(2P*<3/2>).5d 2[1/2]* J=1,11.916,,,217,1817,2,0,AlII 620.153
620.535,,5p5.(2P*<3/2>).8f 2[3/2] J=2,5p5.(2P*<3/2>).5d 2[1/2]* J=1,11.915,,,15,122,2,0,
620.575,,5p5.(2P*<3/2>).8f 2[3/2] J=1,5p5.(2P*<3/2>).5d 2[1/2]* J=1,11.914,,,15,122,2,0,XeIII 620.596 (I=10)
620.6297,2p9,5p5.(2P*<3/2>).8d 2[1/2]* J=1,5p5.(2P*<3/2>).6p 2[5/2] J=2,11.683,,,63,526,2,0,XeIII 620.596 (I=10)
622.4168,2p6,5p5.(2P*<3/2>).9d 2[3/2]* J=2,5p5.(2P*<3/2>).6p 2[3/2] J=2,11.813,,,129,814,2,0,WI 622.418 (I=3)
624.209,2p6,5p5.(2P*<3/2>).9d 2[1/2]* J=1,5p5.(2P*<3/2>).6p 2[3/2] J=2,11.807,,,31,194,2,0,WI 624.194 (I=4w)
626.1212,2p8,5p5.(2P*<3/2>).8d 2[5/2]* J=3,5p5.(2P*<3/2>).6p 2[5/2] J=3,11.7,,,250,1573,2,0,
626.5302,1s3,5p5.(2P*<3/2>).8p 2[1/2] J=1,5p5.(2P*<1/2>).6s 2[1/2]* J=0,11.426,,,157,988,2,0,
626.5302,,5p5.(2P*<3/2>).12p 2[1/2] J=1,5p5.(2P*<3/2>).5d 2[3/2]* J=2,11.937,,,157,988,2,0,
627.323,2p8,5p5.(2P*<3/2>).8d 2[5/2]* J=2,5p5.(2P*<3/2>).6p 2[5/2] J=3,11.697,,,27,172,2,0,XeIII 627.333 (I=2)
627.699,2p5,5p5.(2P*<3/2>).10d 2[3/2]* J=1,5p5.(2P*<3/2>).6p 2[1/2] J=0,11.908,,,493,3098,2,0,
628.181,,5p5.(2P*<3/2>).8f 2[7/2] J=4,5p5.(2P*<3/2>).5d 2[7/2]* J=4,11.916,,,14,85,2,0,
628.6011,,5p5.(2P*<3/2>).8f 2[9/2] J=5,5p5.(2P*<3/2>).5d 2[7/2]* J=4,11.915,,,93,585,2,0,WI 628.588 (I=25)
629.2649,2p8,5p5.(2P*<3/2>).8d 2[7/2]* J=3,5p5.(2P*<3/2>).6p 2[5/2] J=3,11.69,,,321,2689,2,0,
629.445,2p8,5p5.(2P*<3/2>).8d 2[3/2]* J=2,5p5.(2P*<3/2>).6p 2[5/2] J=3,11.69,,,61,512,2,0,
631.497,2p7,5p5.(2P*<3/2>).10s 2[3/2]* J=1,5p5.(2P*<3/2>).6p 2[3/2] J=1,11.752,310000.0,B+,49,414,2,0,
631.8062,2p8,5p5.(2P*<3/2>).8d 2[7/2]* J=4,5p5.(2P*<3/2>).6p 2[5/2] J=3,11.683,,,2738,22961,2,0,XeII 631.803 (I=5)
633.15,,5p5.(2P*<3/2>).7f 2[3/2] J=1,5p5.(2P*<3/2>).5d 2[1/2]* J=0,11.848,,,71,444,2,0,WI 633.144 (I=4)
633.397,,5p5.(2P*<3/2>).8f 2[5/2] J=3,5p5.(2P*<3/2>).5d 2[3/2]* J=2,11.916,,,64,536,2,0,XeIII 633.390 (I=6)
633.758,,5p5.(2P*<3/2>).8f 2[3/2] J=2,5p5.(2P*<3/2>).5d 2[3/2]* J=2,11.915,,,21,174,2,0,
635.577,2p7,5p5.(2P*<3/2>).8d 2[3/2]* J=1,5p5.(2P*<3/2>).6p 2[3/2] J=1,11.74,,,77,485,2,0,WI 635.566 (I=3); WI 635.590 (I=10)
641.238,,5p5.(2P*<3/2>).7f 2[5/2] J=2,5p5.(2P*<3/2>).5d 2[1/2]* J=1,11.85,,,26,161,2,0,
641.841,,5p5.(2P*<3/2>).7f 2[3/2] J=2,5p5.(2P*<3/2>).5d 2[1/2]* J=1,11.848,,,92,577,2,0,XeII 641.858 (I=20); WI 641.822 (I=2); WI 641.869 (I=3)
641.898,,5p5.(2P*<3/2>).7f 2[3/2] J=1,5p5.(2P*<3/2>).5d 2[1/2]* J=1,11.848,,,77,483,2,0,WI 641.869 (I=3)
643.0155,2p6,5p5.(2P*<3/2>).10s 2[3/2]* J=2,5p5.(2P*<3/2>).6p 2[3/2] J=2,11.749,300000.0,B+,73,458,2,0,WI 642.989 (I=3); WI 643.043 (I=1)
643.501,,5p5.(2P*<3/2>).11p 2[5/2] J=3,5p5.(2P*<3/2>).5d 2[3/2]* J=2,11.885,,,11,71,2,0,WI 643.524 (I=8)
645.179,,5p5.(2P*<3/2>).9f 2[9/2] J=4,5p5.(2P*<3/2>).5d 2[7/2]* J=3,11.96,,,25,160,2,0,
646.9705,2p10,5p5.(2P*<3/2>).7d 2[3/2]* J=2,5p5.(2P*<3/2>).6p 2[1/2] J=1,11.496,,,1975,12424,2,0,
647.2841,2p10,5p5.(2P*<3/2>).7d 2[3/2]* J=1,5p5.(2P*<3/2>).6p 2[1/2] J=1,11.495,,,902,5674,2,0,
648.7765,2p10,5p5.(2P*<3/2>).7d 2[5/2]* J=2,5p5.(2P*<3/2>).6p 2[1/2] J=1,11.491,940000.0,B,888,5586,2,0,
649.743,,5p5.(2P*<3/2>).7f 2[7/2] J=4,5p5.(2P*<3/2>).5d 2[7/2]* J=4,11.851,,,55,572,2,0,
649.8717,2p7,5p5.(2P*<3/2>).8d 2[5/2]* J=2,5p5.(2P*<3/2>).6p 2[3/2] J=1,11.697,,,766,6424,2,0,BaI 649.876 (I=1060)
650.037,,5p5.(2P*<3/2>).7f 2[5/2] J=3,5p5.(2P*<3/2>).5d 2[7/2]* J=4,11.85,,,38,317,2,0,WI 650.038 (I=15)
650.037,2p5,5p5.(2P*<3/2>).9d 2[3/2]* J=1,5p5.(2P*<3/2>).6p 2[1/2] J=0,11.84,,,38,317,2,0,WI 650.038 (I=15)
650.418,,5p5.(2P*<3/2>).7f 2[9/2] J=5,5p5.(2P*<3/2>).5d 2[7/2]* J=4,11.849,,,452,4737,2,0,XeI 650.438
650.438,1s2,5p5.(2P*<3/2>).8p 2[1/2] J=0,5p5.(2P*<1/2>).6s 2[1/2]* J=1,11.475,,,452,4737,2,0,XeI 650.418 (I=200h)
650.75,1s5,5p5.(2P*<3/2>).5d 2[5/2]* J=3,5p5.(2P*<3/2>).6s 2[3/2]* J=2,10.22,,,10,106,2,0,
652.1508,2p7,5p5.(2P*<3/2>).8d 2[3/2]* J=2,5p5.(2P*<3/2>).6p 2[3/2] J=1,11.69,,,212,1779,2,0,
653.3159,2p9,5p5.(2P*<3/2>).9s 2[3/2]* J=1,5p5.(2P*<3/2>).6p 2[5/2] J=2,11.583,1030000.0,B+,706,4438,2,0,WI 653.329 (I=5)
654.336,2p9,5p5.(2P*<3/2>).9s 2[3/2]* J=2,5p5.(2P*<3/2>).6p 2[5/2] J=2,11.58,270000.0,B+,288,1810,2,0,
654.612,2p7,5p5.(2P*<3/2>).8d 2[1/2]* J=1,5p5.(2P*<3/2>).6p 2[3/2] J=1,11.683,,,87,547,2,0,
655.299,,5p5.(2P*<3/2>).13f 2[5/2] J=2,5p5.(2P*<3/2>).5d 2[5/2]* J=2,12.049,,,18,148,2,0,WI 655.284 (I=15)
655.366,,5p5.(2P*<3/2>).7f 2[5/2] J=2,5p5.(2P*<3/2>).5d 2[3/2]* J=2,11.85,,,227,1908,2,0,WI 655.383 (I=8)
655.4196,,5p5.(2P*<3/2>).7f 2[5/2] J=3,5p5.(2P*<3/2>).5d 2[3/2]* J=2,11.85,,,227,1908,2,0,WI 655.383 (I=8); WI 655.425 (I=20)
655.997,,5p5.(2P*<3/2>).7f 2[3/2] J=2,5p5.(2P*<3/2>).5d 2[3/2]* J=2,11.848,,,63,532,2,0,
656.065,,5p5.(2P*<3/2>).7f 2[3/2] J=1,5p5.(2P*<3/2>).5d 2[3/2]* J=2,11.848,,,63,532,2,0,
658.327,1s2,5p5.(2P*<3/2>).8p 2[3/2] J=2,5p5.(2P*<1/2>).6s 2[1/2]* J=1,11.453,,,87,546,2,0,WI 658.291 (I=12)
659.086,2p7,5p5.(2P*<3/2>).8d 2[1/2]* J=0,5p5.(2P*<3/2>).6p 2[3/2] J=1,11.67,,,20,166,2,0,
659.5561,2p6,5p5.(2P*<3/2>).8d 2[5/2]* J=3,5p5.(2P*<3/2>).6p 2[3/2] J=2,11.7,,,946,7931,2,0,BaI 659.533 (I=740)
659.971,1s2,5p5.(2P*<3/2>).8p 2[3/2] J=1,5p5.(2P*<1/2>).6s 2[1/2]* J=1,11.448,,,20,171,2,0,WI 659.998 (I=2)
660.287,,5p5.(2P*<3/2>).8f 2[7/2] J=3,5p5.(2P*<3/2>).5d 2[7/2]* J=3,11.916,,,17,143,2,0,
660.287,,5p5.(2P*<3/2>).8f 2[7/2] J=4,5p5.(2P*<3/2>).5d 2[7/2]* J=3,11.916,,,17,143,2,0,
660.741,,5p5.(2P*<3/2>).8f 2[9/2] J=4,5p5.(2P*<3/2>).5d 2[7/2]* J=3,11.915,,,98,615,2,0,WI 660.713 (I=18*); WI 660.713 (I=18*)
660.887,2p6,5p5.(2P*<3/2>).8d 2[5/2]* J=2,5p5.(2P*<3/2>).6p 2[3/2] J=2,11.697,,,38,237,2,0,WI 660.905 (I=18)
662.108,,5p5.(2P*<3/2>).19f 2[5/2] J=2,5p5.(2P*<3/2>).5d 2[5/2]* J=3,12.092,,,52,324,2,0,
663.2464,2p6,5p5.(2P*<3/2>).8d 2[3/2]* J=2,5p5.(2P*<3/2>).6p 2[3/2] J=2,11.69,,,538,3384,2,0,
663.638,,5p5.(2P*<3/2>).18f 2[5/2] J=2,5p5.(2P*<3/2>).5d 2[5/2]* J=3,12.088,,,23,143,2,0,WI 663.602 (I=6); WI 663.649 (I=4); WI 663.668 (I=10*); WI 663.668 (I=10*)
665.792,2p6,5p5.(2P*<3/2>).8d 2[1/2]* J=1,5p5.(2P*<3/2>).6p 2[3/2] J=2,11.683,,,125,785,2,0,XeIII 665.774 (I=2); WI 665.766 (I=4)
666.629,,5p5.(2P*<3/2>).11f 2[5/2] J=2,5p5.(2P*<3/2>).5d 2[5/2]* J=2,12.017,,,654,5488,2,0,
666.6965,2p8,5p5.(2P*<3/2>).9s 2[3/2]* J=2,5p5.(2P*<3/2>).6p 2[5/2] J=3,11.58,1100000.0,B+,654,5488,2,0,WI 666.675 (I=2w)
666.892,2p10,5p5.(2P*<3/2>).7d 2[1/2]* J=0,5p5.(2P*<3/2>).6p 2[1/2] J=1,11.439,,,2025,14863,2,0,WI 666.922 (I=2)
667.8972,1s2,5p5.(2P*<3/2>).8p 2[1/2] J=1,5p5.(2P*<1/2>).6s 2[1/2]* J=1,11.426,,,224,1406,2,0,WI 667.928 (I=2)
668.1036,,5p5.(2P*<3/2>).6f 2[3/2] J=1,5p5.(2P*<3/2>).5d 2[1/2]* J=0,11.746,,,180,1130,2,0,
670.326,,5p5.(2P*<3/2>).15f 2[5/2] J=2,5p5.(2P*<3/2>).5d 2[5/2]* J=3,12.069,,,22,181,2,0,XeI 670.362
670.362,,5p5.(2P*<3/2>).15f 2[3/2] J=2,5p5.(2P*<3/2>).5d 2[5/2]* J=3,12.069,,,13,110,2,0,XeI 670.326
670.825,,5p5.(2P*<1/2>).5f 2[5/2] J=3,5p5.(2P*<3/2>).6d 2[7/2]* J=3,12.885,,,16,131,2,0,WI 670.817 (I=2); WI 670.860 (I=2)
670.825,,5p5.(2P*<1/2>).5f 2[7/2] J=3,5p5.(2P*<3/2>).6d 2[7/2]* J=3,12.885,,,16,131,2,0,WI 670.817 (I=2); WI 670.860 (I=2)
670.825,,5p5.(2P*<1/2>).5f 2[7/2] J=4,5p5.(2P*<3/2>).6d 2[7/2]* J=3,12.885,,,16,131,2,0,WI 670.817 (I=2); WI 670.860 (I=2)
671.939,,5p5.(2P*<3/2>).11p 2[5/2] J=2,5p5.(2P*<3/2>).5d 2[7/2]* J=3,11.884,,,21,156,2,0,
672.8008,2p10,5p5.(2P*<3/2>).7d 2[1/2]* J=1,5p5.(2P*<3/2>).6p 2[1/2] J=1,11.422,,,4102,34401,2,0,
672.857,1s5,5p5.(2P*<3/2>).5d 2[5/2]* J=2,5p5.(2P*<3/2>).6s 2[3/2]* J=2,10.157,,,4102,34401,2,0,
676.712,,5p5.(2P*<3/2>).6f 2[5/2] J=2,5p5.(2P*<3/2>).5d 2[1/2]* J=1,11.749,,,136,857,2,0,
677.757,,5p5.(2P*<3/2>).6f 2[3/2] J=2,5p5.(2P*<3/2>).5d 2[1/2]* J=1,11.746,,,313,2627,2,0,
677.86,,5p5.(2P*<3/2>).6f 2[3/2] J=1,5p5.(2P*<3/2>).5d 2[1/2]* J=1,11.746,,,313,2627,2,0,WI 677.833 (I=10)
681.564,2p5,5p5.(2P*<3/2>).10s 2[3/2]* J=1,5p5.(2P*<3/2>).6p 2[1/2] J=0,11.752,210000.0,B+,27,168,2,0,XeIII 681.576 (I=0h)
681.838,2p7,5p5.(2P*<1/2>).5d 2[3/2]* J=1,5p5.(2P*<3/2>).6p 2[3/2] J=1,11.607,,,54,341,2,0,XeIII 681.816 (I=5)
682.7315,1s3,5p5.(2P*<3/2>).4f 2[3/2] J=1,5p5.(2P*<1/2>).6s 2[1/2]* J=0,11.263,,,4037,25392,2,0,
684.096,2p9,5p5.(2P*<3/2>).7d 2[5/2]* J=3,5p5.(2P*<3/2>).6p 2[5/2] J=2,11.498,,,41,343,2,0,
684.15,,5p5.(2P*<3/2>).7f 2[7/2] J=3,5p5.(2P*<3/2>).5d 2[7/2]* J=3,11.851,,,62,519,2,0,
684.15,,5p5.(2P*<3/2>).7f 2[7/2] J=4,5p5.(2P*<3/2>).5d 2[7/2]* J=3,11.851,,,62,519,2,0,
684.6613,2p9,5p5.(2P*<3/2>).7d 2[3/2]* J=2,5p5.(2P*<3/2>).6p 2[5/2] J=2,11.496,,,792,8303,2,0,WI 684.690 (I=1*); WI 684.690 (I=1*)
684.882,,5p5.(2P*<3/2>).7f 2[9/2] J=4,5p5.(2P*<3/2>).5d 2[7/2]* J=3,11.849,,,194,2036,2,0,
685.013,2p9,5p5.(2P*<3/2>).7d 2[3/2]* J=1,5p5.(2P*<3/2>).6p 2[5/2] J=2,11.495,,,155,1628,2,0,XeIII 685.012 (I=1)
686.019,,5p5.(2P*<3/2>).6f 2[7/2] J=4,5p5.(2P*<3/2>).5d 2[7/2]* J=4,11.75,,,183,1531,2,0,
686.32,2p5,5p5.(2P*<3/2>).8d 2[3/2]* J=1,5p5.(2P*<3/2>).6p 2[1/2] J=0,11.74,,,48,455,2,0,
686.6838,2p9,5p5.(2P*<3/2>).7d 2[5/2]* J=2,5p5.(2P*<3/2>).6p 2[5/2] J=2,11.491,920000.0,B,512,5362,2,0,WI 686.665 (I=2)
687.2107,,5p5.(2P*<3/2>).6f 2[9/2] J=5,5p5.(2P*<3/2>).5d 2[7/2]* J=4,11.747,,,1088,12544,2,0,
688.2155,2p9,5p5.(2P*<3/2>).7d 2[7/2]* J=3,5p5.(2P*<3/2>).6p 2[5/2] J=2,11.487,5830000.0,B,4517,47357,2,0,WI 688.215 (I=5)
691.082,2p7,5p5.(2P*<3/2>).9s 2[3/2]* J=1,5p5.(2P*<3/2>).6p 2[3/2] J=1,11.583,740000.0,B+,451,2840,2,0,
692.222,2p7,5p5.(2P*<3/2>).9s 2[3/2]* J=2,5p5.(2P*<3/2>).6p 2[3/2] J=1,11.58,30000.0,D+,19,163,2,0,
692.467,,5p5.(2P*<3/2>).6f 2[5/2] J=2,5p5.(2P*<3/2>).5d 2[3/2]* J=2,11.749,,,988,8285,2,0,
692.553,,5p5.(2P*<3/2>).6f 2[5/2] J=3,5p5.(2P*<3/2>).5d 2[3/2]* J=2,11.749,,,988,8285,2,0,
693.562,,5p5.(2P*<3/2>).6f 2[3/2] J=2,5p5.(2P*<3/2>).5d 2[3/2]* J=2,11.746,,,275,2303,2,0,
693.669,,5p5.(2P*<3/2>).6f 2[3/2] J=1,5p5.(2P*<3/2>).5d 2[3/2]* J=2,11.746,,,25,213,2,0,
696.11,,5p5.(2P*<1/2>).7f 2[7/2] J=4,5p5.(2P*<1/2>).5d 2[5/2]* J=3,13.156,,,4707724,29612237,2,0,
697.6182,2p8,5p5.(2P*<3/2>).7d 2[5/2]* J=3,5p5.(2P*<3/2>).6p 2[5/2] J=3,11.498,1910000.0,B,1883,15797,2,0,
698.205,2p8,5p5.(2P*<3/2>).7d 2[3/2]* J=2,5p5.(2P*<3/2>).6p 2[5/2] J=3,11.496,,,322,2700,2,0,WI 698.188 (I=6)
699.165,,5p5.(2P*<3/2>).9p 2[1/2] J=0,5p5.(2P*<3/2>).5d 2[1/2]* J=1,11.69,,,2141,17958,2,0,WI 699.150 (I=12); WI 699.184 (I=1)
700.31,2p8,5p5.(2P*<3/2>).7d 2[5/2]* J=2,5p5.(2P*<3/2>).6p 2[5/2] J=3,11.491,,,15,96,2,0,
701.902,2p8,5p5.(2P*<3/2>).7d 2[7/2]* J=3,5p5.(2P*<3/2>).6p 2[5/2] J=3,11.487,350000.0,C,343,2874,2,0,
703.48,,5p5.(2P*<3/2>).10p 2[5/2] J=2,5p5.(2P*<3/2>).5d 2[7/2]* J=3,11.801,,,139,1017,2,0,WI 703.480 (I=3)
703.553,2p6,5p5.(2P*<3/2>).9s 2[3/2]* J=1,5p5.(2P*<3/2>).6p 2[3/2] J=2,11.583,400000.0,B+,139,1017,2,0,
704.737,,5p5.(2P*<3/2>).8f 2[7/2] J=3,5p5.(2P*<3/2>).5d 2[5/2]* J=2,11.916,,,359,2260,2,0,
704.737,2p6,5p5.(2P*<3/2>).9s 2[3/2]* J=2,5p5.(2P*<3/2>).6p 2[3/2] J=2,11.58,640000.0,B+,359,2260,2,0,
704.907,,5p5.(2P*<3/2>).9p 2[3/2] J=1,5p5.(2P*<3/2>).5d 2[1/2]* J=1,11.675,,,11,69,2,0,XeI 704.936 (I=1h); XeIII 704.935 (I=4h)
704.936,,5p5.(2P*<3/2>).8f 2[5/2] J=2,5p5.(2P*<3/2>).5d 2[5/2]* J=2,11.916,,,11,69,2,0,XeI 704.907 (I=1h); XeIII 704.935 (I=4h)
705.106,2p10,5p5.(2P*<1/2>).5d 2[3/2]* J=2,5p5.(2P*<3/2>).6p 2[1/2] J=1,11.338,,,10,65,2,0,
707.244,,5p5.(2P*<1/2>).6f 2[7/2] J=3,5p5.(2P*<1/2>).5d 2[5/2]* J=2,13.054,,,61,387,2,0,XeII 707.243 (I=4Hw)
707.846,,5p5.(2P*<3/2>).9p 2[5/2] J=2,5p5.(2P*<3/2>).5d 2[1/2]* J=1,11.668,,,17,107,2,0,WI 707.874 (I=2)
711.9598,2p8,5p5.(2P*<3/2>).7d 2[7/2]* J=4,5p5.(2P*<3/2>).6p 2[5/2] J=3,11.462,8390000.0,B,7291,61149,2,1,
713.657,2p9,5p5.(2P*<3/2>).7d 2[1/2]* J=1,5p5.(2P*<3/2>).6p 2[5/2] J=2,11.422,,,105,881,2,0,
717.27,,5p5.(2P*<3/2>).9p 2[5/2] J=3,5p5.(2P*<3/2>).5d 2[7/2]* J=4,11.671,,,45,286,2,0,
720.079,2p10,5p5.(2P*<1/2>).5d 2[5/2]* J=2,5p5.(2P*<3/2>).6p 2[1/2] J=1,11.301,,,181,1521,2,0,
720.914,,5p5.(2P*<3/2>).9p 2[3/2] J=2,5p5.(2P*<3/2>).5d 2[3/2]* J=2,11.678,,,32,202,2,0,
722.024,,5p5.(2P*<3/2>).9p 2[3/2] J=1,5p5.(2P*<3/2>).5d 2[3/2]* J=2,11.675,,,667706,4199963,2,0,
723.82,,5p5.(2P*<3/2>).9p 2[5/2] J=3,5p5.(2P*<3/2>).5d 2[3/2]* J=2,11.671,,,13,82,2,0,
724.494,,5p5.(2P*<3/2>).6f 2[7/2] J=3,5p5.(2P*<3/2>).5d 2[7/2]* J=3,11.75,,,222,1632,2,0,
724.494,,5p5.(2P*<3/2>).6f 2[7/2] J=4,5p5.(2P*<3/2>).5d 2[7/2]* J=3,11.75,,,222,1632,2,0,
724.992,,5p5.(2P*<3/2>).6f 2[5/2] J=2,5p5.(2P*<3/2>).5d 2[7/2]* J=3,11.749,,,18,151,2,0,
725.087,,5p5.(2P*<3/2>).6f 2[5/2] J=3,5p5.(2P*<3/2>).5d 2[7/2]* J=3,11.749,,,18,151,2,0,
725.794,,5p5.(2P*<3/2>).6f 2[9/2] J=4,5p5.(2P*<3/2>).5d 2[7/2]* J=3,11.747,,,882,7394,2,0,
726.254,2p7,5p5.(2P*<3/2>).7d 2[3/2]* J=2,5p5.(2P*<3/2>).6p 2[3/2] J=1,11.496,,,258,2706,2,0,
726.649,2p7,5p5.(2P*<3/2>).7d 2[3/2]* J=1,5p5.(2P*<3/2>).6p 2[3/2] J=1,11.495,,,515,5399,2,0,
728.3961,1s2,5p5.(2P*<3/2>).4f 2[5/2] J=2,5p5.(2P*<1/2>).6s 2[1/2]* J=1,11.271,,,1558,16330,2,0,
728.5301,2p7,5p5.(2P*<3/2>).7d 2[5/2]* J=2,5p5.(2P*<3/2>).6p 2[3/2] J=1,11.491,4090000.0,B,3214,33693,2,0,
730.737,,5p5.(2P*<3/2>).8f 2[7/2] J=4,5p5.(2P*<3/2>).5d 2[5/2]* J=3,11.916,,,45,374,2,0,
731.6272,1s2,5p5.(2P*<3/2>).4f 2[3/2] J=2,5p5.(2P*<1/2>).6s 2[1/2]* J=1,11.264,,,1151,16899,2,0,
731.687,2p10,5p5.(2P*<3/2>).8s 2[3/2]* J=1,5p5.(2P*<3/2>).6p 2[1/2] J=1,11.274,250000.0,C+,1151,16899,2,0,
731.994,,5p5.(2P*<3/2>).7f 2[7/2] J=3,5p5.(2P*<3/2>).5d 2[5/2]* J=2,11.851,,,98,1337,2,0,
732.1452,1s2,5p5.(2P*<3/2>).4f 2[3/2] J=1,5p5.(2P*<1/2>).6s 2[1/2]* J=1,11.263,,,1361,17125,2,0,
732.305,,5p5.(2P*<3/2>).7f 2[5/2] J=2,5p5.(2P*<3/2>).5d 2[5/2]* J=2,11.85,,,886,9288,2,0,
733.648,2p9,5p5.(2P*<1/2>).5d 2[5/2]* J=3,5p5.(2P*<3/2>).6p 2[5/2] J=2,11.375,,,2348,19690,2,0,
735.558,,5p5.(2P*<3/2>).5f 2[3/2] J=1,5p5.(2P*<3/2>).5d 2[1/2]* J=0,11.575,,,845,7091,2,0,
738.6003,2p10,5p5.(2P*<3/2>).8s 2[3/2]* J=2,5p5.(2P*<3/2>).6p 2[1/2] J=1,11.258,1250000.0,B+,1860,21445,2,0,
739.3793,2p6,5p5.(2P*<3/2>).7d 2[5/2]* J=3,5p5.(2P*<3/2>).6p 2[3/2] J=2,11.498,4890000.0,B,3158,33110,2,0,
740.041,2p6,5p5.(2P*<3/2>).7d 2[3/2]* J=2,5p5.(2P*<3/2>).6p 2[3/2] J=2,11.496,,,876,9187,2,0,XeII 740.050 (I=4h)
740.451,2p6,5p5.(2P*<3/2>).7d 2[3/2]* J=1,5p5.(2P*<3/2>).6p 2[3/2] J=2,11.495,,,80,841,2,0,
740.577,2p5,5p5.(2P*<1/2>).5d 2[3/2]* J=1,5p5.(2P*<3/2>).6p 2[1/2] J=0,11.607,,,89,841,2,0,
742.405,2p6,5p5.(2P*<3/2>).7d 2[5/2]* J=2,5p5.(2P*<3/2>).6p 2[3/2] J=2,11.491,860000.0,B,500,4193,2,0,
744.194,2p6,5p5.(2P*<3/2>).7d 2[7/2]* J=3,5p5.(2P*<3/2>).6p 2[3/2] J=2,11.487,470000.0,C,315,2640,2,0,
745.1,,5p5.(2P*<3/2>).5f 2[5/2] J=2,5p5.(2P*<3/2>).5d 2[1/2]* J=1,11.581,,,344,2883,2,0,
747.201,,5p5.(2P*<3/2>).5f 2[3/2] J=2,5p5.(2P*<3/2>).5d 2[1/2]* J=1,11.576,,,1200,12579,2,0,XeII 747.200 (I=1-)
747.401,,5p5.(2P*<3/2>).5f 2[3/2] J=1,5p5.(2P*<3/2>).5d 2[1/2]* J=1,11.575,,,750,7863,2,0,
749.223,2p8,5p5.(2P*<1/2>).5d 2[5/2]* J=3,5p5.(2P*<3/2>).6p 2[5/2] J=3,11.375,,,864,9057,2,0,
750.113,2p9,5p5.(2P*<1/2>).5d 2[3/2]* J=2,5p5.(2P*<3/2>).6p 2[5/2] J=2,11.338,,,560,5874,2,0,
751.454,2p7,5p5.(2P*<3/2>).7d 2[1/2]* J=0,5p5.(2P*<3/2>).6p 2[3/2] J=1,11.439,,,110,921,2,0,
751.496,2p5,5p5.(2P*<3/2>).9s 2[3/2]* J=1,5p5.(2P*<3/2>).6p 2[1/2] J=0,11.583,210000.0,C,110,921,2,0,
755.979,,5p5.(2P*<3/2>).5f 2[7/2] J=4,5p5.(2P*<3/2>).5d 2[7/2]* J=4,11.583,,,935,7841,2,0,
757.093,,5p5.(2P*<3/2>).5f 2[5/2] J=3,5p5.(2P*<3/2>).5d 2[7/2]* J=4,11.58,,,45,376,2,0,
758.429,,5p5.(2P*<3/2>).5f 2[9/2] J=4,5p5.(2P*<3/2>).5d 2[7/2]* J=4,11.577,,,5920,62066,2,1,
758.468,,5p5.(2P*<3/2>).5f 2[9/2] J=5,5p5.(2P*<3/2>).5d 2[7/2]* J=4,11.577,,,5920,62066,2,1,
758.961,2p7,5p5.(2P*<3/2>).7d 2[1/2]* J=1,5p5.(2P*<3/2>).6p 2[3/2] J=1,11.422,,,24,301,2,0,
760.077,,5p5.(2P*<3/2>).7f 2[7/2] J=4,5p5.(2P*<3/2>).5d 2[5/2]* J=3,11.851,,,119,997,2,0,
760.497,,5p5.(2P*<3/2>).7f 2[5/2] J=3,5p5.(2P*<3/2>).5d 2[5/2]* J=3,11.85,,,23,246,2,0,
760.846,,5p5.(2P*<3/2>).9p 2[5/2] J=2,5p5.(2P*<3/2>).5d 2[7/2]* J=3,11.668,,,35,293,2,0,
760.982,,5p5.(2P*<3/2>).7f 2[9/2] J=4,5p5.(2P*<3/2>).5d 2[5/2]* J=3,11.849,,,21,176,2,0,
764.2024,2p2-1s3,5p5.(2P*<1/2>).6p 2[1/2] J=1,5p5.(2P*<1/2>).6s 2[1/2]* J=0,11.069,21000000.0,C+,6786,71140,2,2,XeI 764.230
764.23,,5p5.(2P*<3/2>).5f 2[5/2] J=2,5p5.(2P*<3/2>).5d 2[3/2]* J=2,11.581,,,6786,71140,2,2,XeI 764.202 (I=500)
764.391,,5p5.(2P*<3/2>).5f 2[5/2] J=3,5p5.(2P*<3/2>).5d 2[3/2]* J=2,11.58,,,1494,21931,2,0,
766.402,2p8,5p5.(2P*<1/2>).5d 2[3/2]* J=2,5p5.(2P*<3/2>).6p 2[5/2] J=3,11.338,,,853,8945,2,0,
766.456,,5p5.(2P*<3/2>).5f 2[3/2] J=2,5p5.(2P*<3/2>).5d 2[3/2]* J=2,11.576,,,28829,302231,2,0,
766.661,,5p5.(2P*<3/2>).5f 2[3/2] J=1,5p5.(2P*<3/2>).5d 2[3/2]* J=2,11.575,,,91,955,2,0,
767.081,2p9,5p5.(2P*<1/2>).5d 2[5/2]* J=2,5p5.(2P*<3/2>).6p 2[5/2] J=2,11.301,,,12707,133214,2,0,XeII 767.066 (I=200)
774.031,2p6,5p5.(2P*<3/2>).7d 2[1/2]* J=1,5p5.(2P*<3/2>).6p 2[3/2] J=2,11.422,,,436,4569,2,0,
778.366,,5p5.(2P*<3/2>).6f 2[7/2] J=3,5p5.(2P*<3/2>).5d 2[5/2]* J=2,11.75,,,478,4009,2,0,
778.942,,5p5.(2P*<3/2>).6f 2[5/2] J=2,5p5.(2P*<3/2>).5d 2[5/2]* J=2,11.749,,,78,814,2,0,
780.2651,2p9,5p5.(2P*<3/2>).8s 2[3/2]* J=1,5p5.(2P*<3/2>).6p 2[5/2] J=2,11.274,2280000.0,B+,1616,16939,2,0,
780.464,,5p5.(2P*<3/2>).6f 2[3/2] J=1,5p5.(2P*<3/2>).5d 2[5/2]* J=2,11.746,,,239738,2010651,2,0,
782.555,,5p5.(2P*<1/2>).5f 2[7/2] J=3,5p5.(2P*<1/2>).5d 2[5/2]* J=2,12.885,,,22,181,2,0,
783.298,2p10,5p5.(2P*<3/2>).6d 2[3/2]* J=1,5p5.(2P*<3/2>).6p 2[1/2] J=1,11.163,,,77,803,2,0,
784.123,2p8,5p5.(2P*<1/2>).5d 2[5/2]* J=2,5p5.(2P*<3/2>).6p 2[5/2] J=3,11.301,,,150,1886,2,0,
788.132,2p9,5p5.(2P*<3/2>).8s 2[3/2]* J=2,5p5.(2P*<3/2>).6p 2[5/2] J=2,11.258,550000.0,B+,504,7394,2,0,
788.7393,2p1-1s2,5p5.(2P*<1/2>).6p 2[1/2] J=0,5p5.(2P*<1/2>).6s 2[1/2]* J=1,11.141,35000000.0,C+,4774,40037,2,1,
793.741,2p5,5p5.(2P*<3/2>).7d 2[3/2]* J=1,5p5.(2P*<3/2>).6p 2[1/2] J=0,11.495,,,301,3151,2,0,
795.422,,5p5.(2P*<3/2>).8p 2[1/2] J=0,5p5.(2P*<3/2>).5d 2[1/2]* J=1,11.475,,,28,235,2,0,
796.7342,1s3,5p5.(2P*<3/2>).7p 2[3/2] J=1,5p5.(2P*<1/2>).6s 2[1/2]* J=0,11.003,3400000.0,D+,4949,62259,2,0,
797.603,2p6,5p5.(2P*<1/2>).5d 2[5/2]* J=3,5p5.(2P*<3/2>).6p 2[3/2] J=2,11.375,,,37,390,2,0,
800.326,2p7,5p5.(2P*<1/2>).5d 2[3/2]* J=2,5p5.(2P*<3/2>).6p 2[3/2] J=1,11.338,,,62,781,2,0,
802.967,,5p5.(2P*<3/2>).5f 2[7/2] J=4,5p5.(2P*<3/2>).5d 2[7/2]* J=3,11.583,,,687,8640,2,0,
802.967,,5p5.(2P*<3/2>).5f 2[7/2] J=3,5p5.(2P*<3/2>).5d 2[7/2]* J=3,11.583,,,687,8640,2,0,
804.056,,5p5.(2P*<3/2>).5f 2[5/2] J=2,5p5.(2P*<3/2>).5d 2[7/2]* J=3,11.581,,,39,408,2,0,
804.218,,5p5.(2P*<3/2>).5f 2[5/2] J=3,5p5.(2P*<3/2>).5d 2[7/2]* J=3,11.58,,,65,684,2,0,
805.7258,,5p5.(2P*<3/2>).5f 2[9/2] J=4,5p5.(2P*<3/2>).5d 2[7/2]* J=3,11.577,,,2347,39372,2,0,
806.1339,2p8,5p5.(2P*<3/2>).8s 2[3/2]* J=2,5p5.(2P*<3/2>).6p 2[5/2] J=3,11.258,2590000.0,B+,1996,29297,2,0,
809.724,,5p5.(2P*<3/2>).8p 2[3/2] J=1,5p5.(2P*<3/2>).5d 2[1/2]* J=1,11.448,,,13,139,2,0,
810.198,,5p5.(2P*<3/2>).6f 2[7/2] J=4,5p5.(2P*<3/2>).5d 2[5/2]* J=3,11.75,,,366,3835,2,0,
810.946,,5p5.(2P*<3/2>).6f 2[5/2] J=3,5p5.(2P*<3/2>).5d 2[5/2]* J=3,11.749,,,72,758,2,0,
811.829,,5p5.(2P*<3/2>).6f 2[9/2] J=4,5p5.(2P*<3/2>).5d 2[5/2]* J=3,11.747,,,56,585,2,0,
817.102,2p6,5p5.(2P*<1/2>).5d 2[3/2]* J=2,5p5.(2P*<3/2>).6p 2[3/2] J=2,11.338,,,968,12172,2,0,
818.293,,5p5.(2P*<3/2>).8f 2[5/2] J=2,5p5.(2P*<3/2>).5d 2[3/2]* J=1,11.916,,,45,476,2,0,
819.673,2p7,5p5.(2P*<1/2>).5d 2[5/2]* J=2,5p5.(2P*<3/2>).6p 2[3/2] J=1,11.301,,,25,314,2,0,
820.6336,2p4-1s3,5p5.(2P*<1/2>).6p 2[3/2] J=1,5p5.(2P*<1/2>).6s 2[1/2]* J=0,10.958,20000000.0,C,4582,57637,2,1,
823.16336,2p6-1s5,5p5.(2P*<3/2>).6p 2[3/2] J=2,5p5.(2P*<3/2>).6s 2[3/2]* J=2,9.821,28600000.0,B+,2282,66978,2,2,
826.652,2p2-1s2,5p5.(2P*<1/2>).6p 2[1/2] J=1,5p5.(2P*<1/2>).6s 2[1/2]* J=1,11.069,16200000.0,C+,4303,63152,2,1,
828.01162,2p5-1s4,5p5.(2P*<3/2>).6p 2[1/2] J=0,5p5.(2P*<3/2>).6s 2[3/2]* J=1,9.933,36900000.0,B,4129,69259,2,2,
829.771,,5p5.(2P*<3/2>).8p 2[3/2] J=2,5p5.(2P*<3/2>).5d 2[3/2]* J=2,11.453,,,77,730,2,0,XeII 829.755 (I=100h)
832.39,,5p5.(2P*<3/2>).8p 2[3/2] J=1,5p5.(2P*<3/2>).5d 2[3/2]* J=2,11.448,,,200,2099,2,0,
832.458,2p5,5p5.(2P*<3/2>).7d 2[1/2]* J=1,5p5.(2P*<3/2>).6p 2[1/2] J=0,11.422,,,200,2099,2,0,
834.68217,2p3-1s2,5p5.(2P*<1/2>).6p 2[3/2] J=2,5p5.(2P*<1/2>).6s 2[1/2]* J=1,11.055,42000000.0,C+,4920,72205,2,2,
834.745,2p7,5p5.(2P*<3/2>).8s 2[3/2]* J=1,5p5.(2P*<3/2>).6p 2[3/2] J=1,11.274,1480000.0,C+,4920,72205,2,2,XeII 834.724 (I=100)
834.905,2p10,5p5.(2P*<3/2>).6d 2[5/2]* J=2,5p5.(2P*<3/2>).6p 2[1/2] J=1,11.065,,,128,2691,2,0,
837.138,,5p5.(2P*<3/2>).8p 2[5/2] J=3,5p5.(2P*<3/2>).5d 2[3/2]* J=2,11.439,,,40,417,2,0,
837.279,2p6,5p5.(2P*<1/2>).5d 2[5/2]* J=2,5p5.(2P*<3/2>).6p 2[3/2] J=2,11.301,,,62,653,2,0,
839.237,2p9,5p5.(2P*<3/2>).6d 2[3/2]* J=1,5p5.(2P*<3/2>).6p 2[5/2] J=2,11.163,,,92,965,2,0,
840.203,,5p5.(2P*<3/2>).8p 2[5/2] J=2,5p5.(2P*<3/2>).5d 2[3/2]* J=2,11.434,,,17,244,2,0,
840.91894,2p7-1s5,5p5.(2P*<3/2>).6p 2[3/2] J=1,5p5.(2P*<3/2>).6s 2[3/2]* J=2,9.789,3060000.0,B+,4203,70503,2,2,
843.755,2p7,5p5.(2P*<3/2>).8s 2[3/2]* J=2,5p5.(2P*<3/2>).6p 2[3/2] J=1,11.258,90000.0,C,57,595,2,0,
850.102,,5p5.(2P*<3/2>).9p 2[3/2] J=2,5p5.(2P*<3/2>).5d 2[5/2]* J=3,11.678,,,16,198,2,0,
852.255,1s3,5p5.(2P*<3/2>).7p 2[1/2] J=1,5p5.(2P*<1/2>).6s 2[1/2]* J=0,10.902,330000.0,D+,343,4309,2,0,
853.01,2p6,5p5.(2P*<3/2>).8s 2[3/2]* J=1,5p5.(2P*<3/2>).6p 2[3/2] J=2,11.274,790000.0,B+,382,4802,2,0,
855.397,,5p5.(2P*<3/2>).7f 2[5/2] J=2,5p5.(2P*<3/2>).5d 2[3/2]* J=1,11.85,,,17,177,2,0,
855.936,,5p5.(2P*<3/2>).9p 2[5/2] J=2,5p5.(2P*<3/2>).5d 2[5/2]* J=3,11.668,,,358,3750,2,0,
857.601,1s2,5p5.(2P*<3/2>).7p 2[1/2] J=0,5p5.(2P*<1/2>).6s 2[1/2]* J=1,11.015,5280000.0,B,1047,13177,2,0,
862.424,2p6,5p5.(2P*<3/2>).8s 2[3/2]* J=2,5p5.(2P*<3/2>).6p 2[3/2] J=2,11.258,1060000.0,B+,437,3667,1,0,
864.854,1s2,5p5.(2P*<3/2>).7p 2[3/2] J=1,5p5.(2P*<1/2>).6s 2[1/2]* J=1,11.003,2400000.0,D+,1467,15384,1,0,
869.22,1s2,5p5.(2P*<3/2>).7p 2[3/2] J=2,5p5.(2P*<1/2>).6s 2[1/2]* J=1,10.996,1080000.0,B,368,4632,1,0,
869.686,,5p5.(2P*<3/2>).5f 2[7/2] J=3,5p5.(2P*<3/2>).5d 2[5/2]* J=2,11.583,,,674,8482,1,0,
870.964,,5p5.(2P*<3/2>).5f 2[5/2] J=2,5p5.(2P*<3/2>).5d 2[5/2]* J=2,11.581,,,163,1704,1,0,
873.9372,2p10,5p5.(2P*<3/2>).6d 2[3/2]* J=2,5p5.(2P*<3/2>).6p 2[1/2] J=1,10.998,,,4333,45428,1,0,
875.82,2p9,5p5.(2P*<3/2>).6d 2[5/2]* J=3,5p5.(2P*<3/2>).6p 2[5/2] J=2,11.101,,,989,8293,1,0,
881.94106,2p8-1s5,5p5.(2P*<3/2>).6p 2[5/2] J=3,5p5.(2P*<3/2>).6s 2[3/2]* J=2,9.721,30000000.0,A+,2111,66387,1,1,
886.232,2p10,5p5.(2P*<3/2>).6d 2[1/2]* J=1,5p5.(2P*<3/2>).6p 2[1/2] J=1,10.979,,,4202,61671,1,1,
888.571,,5p5.(2P*<3/2>).8p 2[5/2] J=2,5p5.(2P*<3/2>).5d 2[7/2]* J=3,11.434,,,59,615,1,0,
890.873,2p10,5p5.(2P*<3/2>).6d 2[1/2]* J=0,5p5.(2P*<3/2>).6p 2[1/2] J=1,10.971,,,2724,34275,1,0,
893.083,2p4-1s2,5p5.(2P*<1/2>).6p 2[3/2] J=1,5p5.(2P*<1/2>).6s 2[1/2]* J=1,10.958,22000000.0,C,3609,45403,1,0,
895.22509,2p6-1s4,5p5.(2P*<3/2>).6p 2[3/2] J=2,5p5.(2P*<3/2>).6s 2[3/2]* J=1,9.821,8100000.0,C+,3020,69664,1,1,
895.278,1s2,5p5.(2P*<3/2>).7p 2[5/2] J=2,5p5.(2P*<1/2>).6s 2[1/2]* J=1,10.954,700000.0,D,1395,32185,1,0,
898.105,2p8,5p5.(2P*<3/2>).6d 2[5/2]* J=3,5p5.(2P*<3/2>).6p 2[5/2] J=3,11.101,,,1018,12804,1,0,
898.757,2p9,5p5.(2P*<3/2>).6d 2[5/2]* J=2,5p5.(2P*<3/2>).6p 2[5/2] J=2,11.065,,,2271,28576,1,0,
902.598,2p7,5p5.(2P*<3/2>).6d 2[3/2]* J=1,5p5.(2P*<3/2>).6p 2[3/2] J=1,11.163,,,486,6115,1,0,
903.218,,5p5.(2P*<3/2>).4f 2[3/2] J=1,5p5.(2P*<3/2>).5d 2[1/2]* J=0,11.263,,,5480019,57450134,1,0,
904.54466,2p9-1s5,5p5.(2P*<3/2>).6p 2[5/2] J=2,5p5.(2P*<3/2>).6s 2[3/2]* J=2,9.686,12400000.0,B+,2472,67385,1,1,
909.613,,5p5.(2P*<3/2>).5f 2[7/2] J=4,5p5.(2P*<3/2>).5d 2[5/2]* J=3,11.583,,,727,7626,1,0,
911.224,,5p5.(2P*<3/2>).5f 2[5/2] J=3,5p5.(2P*<3/2>).5d 2[5/2]* J=3,11.58,,,154,1615,1,0,
913.159,,5p5.(2P*<3/2>).5f 2[9/2] J=4,5p5.(2P*<3/2>).5d 2[5/2]* J=3,11.577,,,96,1203,1,0,
914.18,,5p5.(2P*<3/2>).5f 2[3/2] J=2,5p5.(2P*<3/2>).5d 2[5/2]* J=3,11.576,,,12,128,1,0,
915.212,,5p5.(2P*<3/2>).4f 2[5/2] J=2,5p5.(2P*<3/2>).5d 2[1/2]* J=1,11.271,,,411,5602,1,0,
916.2652,2p7-1s4,5p5.(2P*<3/2>).6p 2[3/2] J=1,5p5.(2P*<3/2>).6s 2[3/2]* J=1,9.789,24000000.0,C+,2132,67050,1,1,
916.752,2p9,5p5.(2P*<3/2>).6d 2[7/2]* J=3,5p5.(2P*<3/2>).6p 2[5/2] J=2,11.038,,,2399,65398,1,1,
919.718,,5p5.(2P*<3/2>).6f 2[5/2] J=2,5p5.(2P*<3/2>).5d 2[3/2]* J=1,11.749,,,24,307,1,0,
920.32,,5p5.(2P*<3/2>).4f 2[3/2] J=2,5p5.(2P*<3/2>).5d 2[1/2]* J=1,11.264,,,1205,15162,1,0,
921.138,,5p5.(2P*<3/2>).4f 2[3/2] J=1,5p5.(2P*<3/2>).5d 2[1/2]* J=1,11.263,,,640,8057,1,0,
921.651,,5p5.(2P*<3/2>).6f 2[3/2] J=2,5p5.(2P*<3/2>).5d 2[3/2]* J=1,11.746,,,13,159,1,0,
922.239,2p8,5p5.(2P*<3/2>).6d 2[5/2]* J=2,5p5.(2P*<3/2>).6p 2[5/2] J=3,11.065,,,136,1429,1,0,
924.518,2p5,5p5.(2P*<3/2>).8s 2[3/2]* J=1,5p5.(2P*<3/2>).6p 2[1/2] J=0,11.274,420000.0,B+,61,637,1,0,
930.195,,5p5.(2P*<3/2>).4f 2[7/2] J=4,5p5.(2P*<3/2>).5d 2[7/2]* J=4,11.276,,,690,8677,1,0,
930.664,1s2,5p5.(2P*<3/2>).7p 2[1/2] J=1,5p5.(2P*<1/2>).6s 2[1/2]* J=1,10.902,4200000.0,D+,722,9081,1,0,
933.408,,5p5.(2P*<3/2>).4f 2[5/2] J=3,5p5.(2P*<3/2>).5d 2[7/2]* J=4,11.271,,,44,463,1,0,
937.402,,5p5.(2P*<3/2>).4f 2[9/2] J=4,5p5.(2P*<3/2>).5d 2[7/2]* J=4,11.265,,,5302,55582,1,0,
937.476,,5p5.(2P*<3/2>).4f 2[9/2] J=5,5p5.(2P*<3/2>).5d 2[7/2]* J=4,11.265,,,5096,53427,1,0,
941.201,2p8,5p5.(2P*<3/2>).6d 2[7/2]* J=3,5p5.(2P*<3/2>).6p 2[5/2] J=3,11.038,,,1185,9939,1,0,
944.146,2p9,5p5.(2P*<3/2>).6d 2[3/2]* J=2,5p5.(2P*<3/2>).6p 2[5/2] J=2,10.998,,,99,1037,1,0,
944.268,,5p5.(2P*<3/2>).4f 2[5/2] J=2,5p5.(2P*<3/2>).5d 2[3/2]* J=2,11.271,,,123,1293,1,0,
944.534,,5p5.(2P*<3/2>).4f 2[5/2] J=3,5p5.(2P*<3/2>).5d 2[3/2]* J=2,11.271,,,1902,19936,1,0,
949.707,,5p5.(2P*<3/2>).4f 2[3/2] J=2,5p5.(2P*<3/2>).5d 2[3/2]* J=2,11.264,,,664,5566,1,0,
950.578,,5p5.(2P*<3/2>).4f 2[3/2] J=1,5p5.(2P*<3/2>).5d 2[3/2]* J=2,11.263,,,38,558,1,0,
951.3377,2p8,5p5.(2P*<3/2>).6d 2[7/2]* J=4,5p5.(2P*<3/2>).6p 2[5/2] J=3,11.024,,,5551,64013,1,1,
958.514,2p9,5p5.(2P*<3/2>).6d 2[1/2]* J=1,5p5.(2P*<3/2>).6p 2[5/2] J=2,10.979,,,164,1723,1,0,
968.532,2p6,5p5.(2P*<3/2>).6d 2[5/2]* J=3,5p5.(2P*<3/2>).6p 2[3/2] J=2,11.101,,,2430,25479,1,0,
970.099,2p8,5p5.(2P*<3/2>).6d 2[3/2]* J=2,5p5.(2P*<3/2>).6p 2[5/2] J=3,10.998,,,198,1664,1,0,
971.816,2p7,5p5.(2P*<3/2>).6d 2[5/2]* J=2,5p5.(2P*<3/2>).6p 2[3/2] J=1,11.065,,,1930,20236,1,0,
979.9697,2p10-1s5,5p5.(2P*<3/2>).6p 2[1/2] J=1,5p5.(2P*<3/2>).6s 2[3/2]* J=2,9.58,31100000.0,B+,5247,66010,1,1,
992.3198,2p9-1s4,5p5.(2P*<3/2>).6p 2[5/2] J=2,5p5.(2P*<3/2>).6s 2[3/2]* J=1,9.686,13000000.0,B+,5325,66990,1,1,
1002.372,,5p5.(2P*<3/2>).4f 2[7/2] J=3,5p5.(2P*<3/2>).5d 2[7/2]* J=3,11.276,,,39,328,1,0,
1002.372,,5p5.(2P*<3/2>).4f 2[7/2] J=4,5p5.(2P*<3/2>).5d 2[7/2]* J=3,11.276,,,39,328,1,0,
