wl_nm,nist_intens,A_nist,upper_no,lower_no,upper,lower,k_gs,Te_slope,meta_lever,A_known,peak,background,saturated
304.475,10,,49,8,5p4(1D2)6p 2[3]° 5/2,(3P<2>).5d 2[2] 3/2,1.59e-15,9.9,2.0e+07,1/17,,,
308.734,1-,,42,3,5p4(3P1)6p 2[2]° 3/2,5s.5p6 2S 1/2,6.24e-15,9.5,1.3e+07,1/18,,,
316.527,6,,56,11,5p4(1D2)6p 2[1]° 1/2,(3P<0>).6s 2[0] 1/2,1.28e-15,10.2,2.2e+06,0/11,,,
320.204,10,,44,4,5p4(3P1)6p 2[1]° 3/2,(3P<2>).6s 2[2] 5/2,2.92e-15,9.5,6.6e+06,0/18,,,
324.935,1-^,,53,11,5p4(1D2)6p 2[2]° 3/2,(3P<0>).6s 2[0] 1/2,7.06e-16,10.3,7.7e+06,1/18,,,
325.056,25,,40,3,5p4(3P0)6p 2[1]° 3/2,5s.5p6 2S 1/2,3.67e-15,9.2,8.4e+06,0/17,,,
325.936,12,,54,12,5p4(1D2)6p 2[2]° 5/2,(3P<2>).5d 2[4] 7/2,1.16e-15,10.2,1.2e+07,1/21,,,
326.073,2,,52,10,5p4(1D2)6p 2[3]° 7/2,(3P<2>).5d 2[4] 9/2,2.98e-15,10.1,3.9e+07,1/14,,,
329.872,6,,39,3,5p4(3P1)6p 2[0]° 1/2,5s.5p6 2S 1/2,3.86e-15,9.2,1.1e+07,1/11,,,
331.180,2,,42,4,5p4(3P1)6p 2[2]° 3/2,(3P<2>).6s 2[2] 5/2,6.24e-15,9.5,1.3e+07,1/18,,,
332.057,1h,,105,36,5p4(1S0)6p 2[1]° 3/2,(1D<2>).5d 2[3] 5/2,8.99e-17,11.7,5.0e+06,0/9,,,
332.746,15,,41,4,5p4(3P1)6p 2[2]° 5/2,(3P<2>).6s 2[2] 5/2,2.50e-15,9.4,3.0e+07,1/14,,,
333.880,4h,,56,13,5p4(1D2)6p 2[1]° 1/2,(3P<1>).6s 2[1] 3/2,1.28e-15,10.2,2.2e+06,0/11,,,
338.413,40h,,37,3,5p4(3P0)6p 2[1]° 1/2,5s.5p6 2S 1/2,6.36e-15,9.1,4.4e+06,0/12,,,
338.805,2,,46,5,5p4(3P1)6p 2[1]° 1/2,(3P<2>).6s 2[2] 3/2,1.51e-15,9.6,3.4e+06,0/13,,,
339.937,1,,54,13,5p4(1D2)6p 2[2]° 5/2,(3P<1>).6s 2[1] 3/2,1.16e-15,10.2,1.2e+07,1/21,,,
342.073,40,,44,5,5p4(3P1)6p 2[1]° 3/2,(3P<2>).6s 2[2] 3/2,2.92e-15,9.5,6.6e+06,0/18,,,
343.249,1,,53,13,5p4(1D2)6p 2[2]° 3/2,(3P<1>).6s 2[1] 3/2,7.06e-16,10.3,7.7e+06,1/18,,,
346.008,8,,44,6,5p4(3P1)6p 2[1]° 3/2,(3P<2>).5d 2[2] 5/2,2.92e-15,9.5,6.6e+06,0/18,,,
350.036,30,,40,4,5p4(3P0)6p 2[1]° 3/2,(3P<2>).6s 2[2] 5/2,3.67e-15,9.2,8.4e+06,0/17,,,
350.315,15,,46,8,5p4(3P1)6p 2[1]° 1/2,(3P<2>).5d 2[2] 3/2,1.51e-15,9.6,3.4e+06,0/13,,,
350.425,1,,52,12,5p4(1D2)6p 2[3]° 7/2,(3P<2>).5d 2[4] 7/2,2.98e-15,10.1,3.9e+07,1/14,,,
350.656,15,,51,11,5p4(1D2)6p 2[1]° 3/2,(3P<0>).6s 2[0] 1/2,3.12e-15,10.2,8.1e+06,0/20,,,
350.888,20,,56,14,5p4(1D2)6p 2[1]° 1/2,(3P<1>).5d 2[1] 1/2,1.28e-15,10.2,2.2e+06,0/11,,,
353.808,2,,44,8,5p4(3P1)6p 2[1]° 3/2,(3P<2>).5d 2[2] 3/2,2.92e-15,9.5,6.6e+06,0/18,,,
354.629,1h,,42,5,5p4(3P1)6p 2[2]° 3/2,(3P<2>).6s 2[2] 3/2,6.24e-15,9.5,1.3e+07,1/18,,,
356.430,20,,41,5,5p4(3P1)6p 2[2]° 5/2,(3P<2>).6s 2[2] 3/2,2.50e-15,9.4,3.0e+07,1/14,,,
358.862,6h,,42,6,5p4(3P1)6p 2[2]° 3/2,(3P<2>).5d 2[2] 5/2,6.24e-15,9.5,1.3e+07,1/18,,,
360.741,8,,46,9,5p4(3P1)6p 2[1]° 1/2,(3P<2>).5d 2[1] 1/2,1.51e-15,9.6,3.4e+06,0/13,,,
361.237,20,,41,7,5p4(3P1)6p 2[2]° 5/2,(3P<2>).5d 2[3] 7/2,2.50e-15,9.4,3.0e+07,1/14,,,
364.443,5,,44,9,5p4(3P1)6p 2[1]° 3/2,(3P<2>).5d 2[1] 1/2,2.92e-15,9.5,6.6e+06,0/18,,,
364.491,5,,56,15,5p4(1D2)6p 2[1]° 1/2,(3P<2>).5d 2[1] 3/2,1.28e-15,10.2,2.2e+06,0/11,,,
365.774,5,,49,12,5p4(1D2)6p 2[3]° 5/2,(3P<2>).5d 2[4] 7/2,1.59e-15,9.9,2.0e+07,1/17,,,
367.257,20,,42,8,5p4(3P1)6p 2[2]° 3/2,(3P<2>).5d 2[2] 3/2,6.24e-15,9.5,1.3e+07,1/18,,,
369.184,1h,,41,8,5p4(3P1)6p 2[2]° 5/2,(3P<2>).5d 2[2] 3/2,2.50e-15,9.4,3.0e+07,1/14,,,
371.720,20,,54,15,5p4(1D2)6p 2[2]° 5/2,(3P<2>).5d 2[1] 3/2,1.16e-15,10.2,1.2e+07,1/21,,,
372.080,40,,51,13,5p4(1D2)6p 2[1]° 3/2,(3P<1>).6s 2[1] 3/2,3.12e-15,10.2,8.1e+06,0/20,,,
373.118,20,,56,16,5p4(1D2)6p 2[1]° 1/2,(3P<2>).5d 2[0] 1/2,1.28e-15,10.2,2.2e+06,0/11,,,
375.687,10,,53,15,5p4(1D2)6p 2[2]° 3/2,(3P<2>).5d 2[1] 3/2,7.06e-16,10.3,7.7e+06,1/18,,,
376.337,15,,40,5,5p4(3P0)6p 2[1]° 3/2,(3P<2>).6s 2[2] 3/2,3.67e-15,9.2,8.4e+06,0/17,,,
378.732,3,,42,9,5p4(3P1)6p 2[2]° 3/2,(3P<2>).5d 2[1] 1/2,6.24e-15,9.5,1.3e+07,1/18,,,
381.105,40,,40,6,5p4(3P0)6p 2[1]° 3/2,(3P<2>).5d 2[2] 5/2,3.67e-15,9.2,8.4e+06,0/17,,,
384.858,6,,53,16,5p4(1D2)6p 2[2]° 3/2,(3P<2>).5d 2[0] 1/2,7.06e-16,10.3,7.7e+06,1/18,,,
385.853,20,,35,3,5p4(3P2)6p 2[1]° 3/2,5s.5p6 2S 1/2,2.24e-14,9.1,4.0e+06,1/12,,,
386.963,20,,56,18,5p4(1D2)6p 2[1]° 1/2,(3P<1>).6s 2[1] 1/2,1.28e-15,10.2,2.2e+06,0/11,,,
388.500,20,,54,17,5p4(1D2)6p 2[2]° 5/2,(3P<2>).5d 2[3] 5/2,1.16e-15,10.2,1.2e+07,1/21,,,
390.585,10,,40,8,5p4(3P0)6p 2[1]° 3/2,(3P<2>).5d 2[2] 3/2,3.67e-15,9.2,8.4e+06,0/17,,,
392.842,,,53,17,5p4(1D2)6p 2[2]° 3/2,(3P<2>).5d 2[3] 5/2,7.06e-16,10.3,7.7e+06,1/18,,,
393.322,1,,51,14,5p4(1D2)6p 2[1]° 3/2,(3P<1>).5d 2[1] 1/2,3.12e-15,10.2,8.1e+06,0/20,,,
394.221,3,,56,19,5p4(1D2)6p 2[1]° 1/2,(3P<0>).5d 2[2] 3/2,1.28e-15,10.2,2.2e+06,0/11,,,
394.357,20,,37,5,5p4(3P0)6p 2[1]° 1/2,(3P<2>).6s 2[2] 3/2,6.36e-15,9.1,4.4e+06,0/12,,,
397.559,4,,39,8,5p4(3P1)6p 2[0]° 1/2,(3P<2>).5d 2[2] 3/2,3.86e-15,9.2,1.1e+07,1/11,,,
399.605,3,,53,18,5p4(1D2)6p 2[2]° 3/2,(3P<1>).6s 2[1] 1/2,7.06e-16,10.3,7.7e+06,1/18,,,
401.656,2h,,105,45,5p4(1S0)6p 2[1]° 3/2,(1D<2>).5d 2[2] 5/2,8.99e-17,11.7,5.0e+06,0/9,738,508,
402.519,30,,56,20,5p4(1D2)6p 2[1]° 1/2,(3P<1>).5d 2[1] 3/2,1.28e-15,10.2,2.2e+06,0/11,7902,508,
402.682,0,,54,19,5p4(1D2)6p 2[2]° 5/2,(3P<0>).5d 2[2] 3/2,1.16e-15,10.2,1.2e+07,1/21,946,508,
403.587,1,,40,9,5p4(3P0)6p 2[1]° 3/2,(3P<2>).5d 2[1] 1/2,3.67e-15,9.2,8.4e+06,0/17,792,518,
407.350,15,,53,19,5p4(1D2)6p 2[2]° 3/2,(3P<0>).5d 2[2] 3/2,7.06e-16,10.3,7.7e+06,1/18,3238,548,
410.034,20,,37,8,5p4(3P0)6p 2[1]° 1/2,(3P<2>).5d 2[2] 3/2,6.36e-15,9.1,4.4e+06,0/12,7658,534,
410.495,40,,51,15,5p4(1D2)6p 2[1]° 3/2,(3P<2>).5d 2[1] 3/2,3.12e-15,10.2,8.1e+06,0/20,9942,532,
411.041,30,,39,9,5p4(3P1)6p 2[0]° 1/2,(3P<2>).5d 2[1] 1/2,3.86e-15,9.2,1.1e+07,1/11,9504,528,
411.352,2,,54,20,5p4(1D2)6p 2[2]° 5/2,(3P<1>).5d 2[1] 3/2,1.16e-15,10.2,1.2e+07,1/21,1062,526,
413.101,20,,54,21,5p4(1D2)6p 2[2]° 5/2,(3P<0>).5d 2[2] 5/2,1.16e-15,10.2,1.2e+07,1/21,4140,482,
413.881,3h,,101,43,5p4(1S0)6p 2[1]° 1/2,(1D<2>).5d 2[1] 3/2,1.29e-16,11.5,1.6e+07,0/7,780,470,
416.216,60,,53,20,5p4(1D2)6p 2[2]° 3/2,(3P<1>).5d 2[1] 3/2,7.06e-16,10.3,7.7e+06,1/18,11616,471,
420.322,5,,54,22,5p4(1D2)6p 2[2]° 5/2,(3P<1>).5d 2[3] 7/2,1.16e-15,10.2,1.2e+07,1/21,2450,514,
421.469,6,,51,16,5p4(1D2)6p 2[1]° 3/2,(3P<2>).5d 2[0] 1/2,3.12e-15,10.2,8.1e+06,0/20,10378,508,
421.560,200,,35,4,5p4(3P2)6p 2[1]° 3/2,(3P<2>).6s 2[2] 5/2,2.24e-14,9.1,4.0e+06,1/12,64531,502,yes
423.796,3bl,,52,17,5p4(1D2)6p 2[3]° 7/2,(3P<2>).5d 2[3] 5/2,2.98e-15,10.1,3.9e+07,1/14,64535,476,yes
424.388,10,,37,9,5p4(3P0)6p 2[1]° 1/2,(3P<2>).5d 2[1] 1/2,6.36e-15,9.1,4.4e+06,0/12,19270,532,
424.441,30,,49,15,5p4(1D2)6p 2[3]° 5/2,(3P<2>).5d 2[1] 3/2,1.59e-15,9.9,2.0e+07,1/17,48630,532,
426.984,40,,46,11,5p4(3P1)6p 2[1]° 1/2,(3P<0>).6s 2[0] 1/2,1.51e-15,9.6,3.4e+06,0/13,5004,456,
432.182,40,,44,11,5p4(3P1)6p 2[1]° 3/2,(3P<0>).6s 2[0] 1/2,2.92e-15,9.5,6.6e+06,0/18,10658,488,
438.493,60,,30,3,5p4(3P2)6p 2[1]° 1/2,5s.5p6 2S 1/2,3.31e-14,8.6,6.9e+06,1/6,24982,534,
439.209,0,,51,18,5p4(1D2)6p 2[1]° 3/2,(3P<1>).6s 2[1] 1/2,3.12e-15,10.2,8.1e+06,0/20,44394,524,
441.484,300*,1.0e+08,54,23,5p4(1D2)6p 2[2]° 5/2,(1D<2>).6s 2[2] 5/2,1.16e-15,10.2,1.2e+07,1/21,64529,508,yes
446.460,1^,,49,17,5p4(1D2)6p 2[3]° 5/2,(3P<2>).5d 2[3] 5/2,1.59e-15,9.9,2.0e+07,1/17,1378,536,
447.090,30,,53,23,5p4(1D2)6p 2[2]° 3/2,(1D<2>).6s 2[2] 5/2,7.06e-16,10.3,7.7e+06,1/18,6742,553,
448.595,20,,51,19,5p4(1D2)6p 2[1]° 3/2,(3P<0>).5d 2[2] 3/2,3.12e-15,10.2,8.1e+06,0/20,4030,588,
450.711,5h,,105,47,5p4(1S0)6p 2[1]° 3/2,(1D<2>).5d 2[1] 1/2,8.99e-17,11.7,5.0e+06,0/9,2064,608,
452.421,200,,42,11,5p4(3P1)6p 2[2]° 3/2,(3P<0>).6s 2[0] 1/2,6.24e-15,9.5,1.3e+07,1/18,64531,636,yes
453.249,200,,52,21,5p4(1D2)6p 2[3]° 7/2,(3P<0>).5d 2[2] 5/2,2.98e-15,10.1,3.9e+07,1/14,64529,698,yes
459.180,1,,46,13,5p4(3P1)6p 2[1]° 1/2,(3P<1>).6s 2[1] 3/2,1.51e-15,9.6,3.4e+06,0/13,17068,874,
459.370,6,,51,20,5p4(1D2)6p 2[1]° 3/2,(3P<1>).5d 2[1] 3/2,3.12e-15,10.2,8.1e+06,0/20,3754,936,
460.303,600h,8.2e+07,35,5,5p4(3P2)6p 2[1]° 3/2,(3P<2>).6s 2[2] 3/2,2.24e-14,9.1,4.0e+06,1/12,64535,908,yes
461.550,200*,,51,21,5p4(1D2)6p 2[1]° 3/2,(3P<0>).5d 2[2] 5/2,3.12e-15,10.2,8.1e+06,0/20,29174,948,
461.957,1*,,52,22,5p4(1D2)6p 2[3]° 7/2,(3P<1>).5d 2[3] 7/2,2.98e-15,10.1,3.9e+07,1/14,1280,888,
463.330,50,,41,12,5p4(3P1)6p 2[2]° 5/2,(3P<2>).5d 2[4] 7/2,2.50e-15,9.4,3.0e+07,1/14,20778,636,
465.194,200,,44,13,5p4(3P1)6p 2[1]° 3/2,(3P<1>).6s 2[1] 3/2,2.92e-15,9.5,6.6e+06,0/18,64531,604,yes
465.300,40,,49,19,5p4(1D2)6p 2[3]° 5/2,(3P<0>).5d 2[2] 3/2,1.59e-15,9.9,2.0e+07,1/17,9406,604,
466.849,100,,56,24,5p4(1D2)6p 2[1]° 1/2,(3P<1>).5d 2[2] 3/2,1.28e-15,10.2,2.2e+06,0/11,21206,626,
467.456,40,,35,6,5p4(3P2)6p 2[1]° 3/2,(3P<2>).5d 2[2] 5/2,2.24e-14,9.1,4.0e+06,1/12,25070,608,
471.263,40,,101,47,5p4(1S0)6p 2[1]° 1/2,(1D<2>).5d 2[1] 1/2,1.29e-16,11.5,1.6e+07,0/7,3132,564,
476.905,150,,49,20,5p4(1D2)6p 2[3]° 5/2,(3P<1>).5d 2[1] 3/2,1.59e-15,9.9,2.0e+07,1/17,35238,604,
477.918,80,,25,3,5p4(3P2)6p 2[2]° 3/2,5s.5p6 2S 1/2,1.92e-14,8.4,6.4e+06,2/7,37232,656,
478.777,100,,54,24,5p4(1D2)6p 2[2]° 5/2,(3P<1>).5d 2[2] 3/2,1.16e-15,10.2,1.2e+07,1/21,26280,666,
479.256,40,,49,21,5p4(1D2)6p 2[3]° 5/2,(3P<0>).5d 2[2] 5/2,1.59e-15,9.9,2.0e+07,1/17,22114,666,
481.802,200,,35,8,5p4(3P2)6p 2[1]° 3/2,(3P<2>).5d 2[2] 3/2,2.24e-14,9.1,4.0e+06,1/12,64533,820,yes
483.025,2H,,101,48,5p4(1S0)6p 2[1]° 1/2,(1D<2>).5d 2[2] 3/2,1.29e-16,11.5,1.6e+07,0/7,64531,860,yes
484.433,2000,1.1e+08,31,4,5p4(3P2)6p 2[3]° 7/2,(3P<2>).6s 2[2] 5/2,5.56e-14,8.7,1.7e+06,3/5,64533,868,yes
485.377,40,,53,24,5p4(1D2)6p 2[2]° 3/2,(3P<1>).5d 2[2] 3/2,7.06e-16,10.3,7.7e+06,1/18,9542,868,
487.650,500h,6.3e+07,52,23,5p4(1D2)6p 2[3]° 7/2,(1D<2>).6s 2[2] 5/2,2.98e-15,10.1,3.9e+07,1/14,64533,860,yes
488.353,600h,,40,11,5p4(3P0)6p 2[1]° 3/2,(3P<0>).6s 2[0] 1/2,3.67e-15,9.2,8.4e+06,0/17,64531,828,yes
488.730,300h,,42,13,5p4(3P1)6p 2[2]° 3/2,(3P<1>).6s 2[1] 3/2,6.24e-15,9.5,1.3e+07,1/18,64537,743,yes
489.009,300h*,,49,22,5p4(1D2)6p 2[3]° 5/2,(3P<1>).5d 2[3] 7/2,1.59e-15,9.9,2.0e+07,1/17,64531,720,yes
489.009,300h*,,29,4,5p4(3P2)6p 2[3]° 5/2,(3P<2>).6s 2[2] 5/2,4.08e-14,8.6,5.9e+06,3/7,64531,720,yes
491.966,200,,46,14,5p4(3P1)6p 2[1]° 1/2,(3P<1>).5d 2[1] 1/2,1.51e-15,9.6,3.4e+06,0/13,34886,602,
492.148,800,,41,13,5p4(3P1)6p 2[2]° 5/2,(3P<1>).6s 2[1] 3/2,2.50e-15,9.4,3.0e+07,1/14,64535,600,yes
497.271,400h,,51,23,5p4(1D2)6p 2[1]° 3/2,(1D<2>).6s 2[2] 5/2,3.12e-15,10.2,8.1e+06,0/20,25922,652,
498.877,300h,,44,14,5p4(3P1)6p 2[1]° 3/2,(3P<1>).5d 2[1] 1/2,2.92e-15,9.5,6.6e+06,0/18,26336,604,
499.303,10,,39,11,5p4(3P1)6p 2[0]° 1/2,(3P<0>).6s 2[0] 1/2,3.86e-15,9.2,1.1e+07,1/11,3466,594,
501.283,50Hl,,105,50,5p4(1S0)6p 2[1]° 3/2,(1S<0>).6s 2[0] 1/2,8.99e-17,11.7,5.0e+06,0/9,3452,574,
501.741,1,,35,9,5p4(3P2)6p 2[1]° 3/2,(3P<2>).5d 2[1] 1/2,2.24e-14,9.1,4.0e+06,1/12,708,574,
504.492,150h,,56,28,5p4(1D2)6p 2[1]° 1/2,(1D<2>).6s 2[2] 3/2,1.28e-15,10.2,2.2e+06,0/11,26908,572,
512.570,30,,54,27,5p4(1D2)6p 2[2]° 5/2,(3P<1>).5d 2[2] 5/2,1.16e-15,10.2,1.2e+07,1/21,24358,517,
517.882,50h,,49,23,5p4(1D2)6p 2[3]° 5/2,(1D<2>).6s 2[2] 5/2,1.59e-15,9.9,2.0e+07,1/17,17620,548,
518.448,50,,54,28,5p4(1D2)6p 2[2]° 5/2,(1D<2>).6s 2[2] 3/2,1.16e-15,10.2,1.2e+07,1/21,7726,556,
519.137,300,,37,11,5p4(3P0)6p 2[1]° 1/2,(3P<0>).6s 2[0] 1/2,6.36e-15,9.1,4.4e+06,0/12,64541,624,yes
520.142,20,,53,27,5p4(1D2)6p 2[2]° 3/2,(3P<1>).5d 2[2] 5/2,7.06e-16,10.3,7.7e+06,1/18,5310,660,
526.044,200,2.2e+07,42,14,5p4(3P1)6p 2[2]° 3/2,(3P<1>).5d 2[1] 1/2,6.24e-15,9.5,1.3e+07,1/18,64531,636,yes
526.195,200,8.5e+07,53,28,5p4(1D2)6p 2[2]° 3/2,(1D<2>).6s 2[2] 3/2,7.06e-16,10.3,7.7e+06,1/18,64060,635,yes
526.831,50*,,101,50,5p4(1S0)6p 2[1]° 1/2,(1S<0>).6s 2[0] 1/2,1.29e-16,11.5,1.6e+07,0/7,5390,632,
526.831,50*,,44,15,5p4(3P1)6p 2[1]° 3/2,(3P<2>).5d 2[1] 3/2,2.92e-15,9.5,6.6e+06,0/18,5390,632,
529.222,1000,8.9e+07,26,4,5p4(3P2)6p 2[2]° 5/2,(3P<2>).6s 2[2] 5/2,2.54e-14,8.4,6.5e+06,4/7,64535,676,yes
530.927,200,,40,13,5p4(3P0)6p 2[1]° 3/2,(3P<1>).6s 2[1] 3/2,3.67e-15,9.2,8.4e+06,0/17,49740,688,
533.933,1000,,25,4,5p4(3P2)6p 2[2]° 3/2,(3P<2>).6s 2[2] 5/2,1.92e-14,8.4,6.4e+06,2/7,64531,600,yes
536.807,100,,46,16,5p4(3P1)6p 2[1]° 1/2,(3P<2>).5d 2[0] 1/2,1.51e-15,9.6,3.4e+06,0/13,17248,610,
537.239,300,7.1e+07,30,5,5p4(3P2)6p 2[1]° 1/2,(3P<2>).6s 2[2] 3/2,3.31e-14,8.6,6.9e+06,1/6,64535,600,yes
541.915,2000,6.2e+07,29,5,5p4(3P2)6p 2[3]° 5/2,(3P<2>).6s 2[2] 3/2,4.08e-14,8.6,5.9e+06,3/7,64541,672,yes
543.896,400,7.4e+07,39,13,5p4(3P1)6p 2[0]° 1/2,(3P<1>).6s 2[1] 3/2,3.86e-15,9.2,1.1e+07,1/11,64537,692,yes
545.045,100,,44,16,5p4(3P1)6p 2[1]° 3/2,(3P<2>).5d 2[0] 1/2,2.92e-15,9.5,6.6e+06,0/18,14858,666,
545.090,20,,51,24,5p4(1D2)6p 2[1]° 3/2,(3P<1>).5d 2[2] 3/2,3.12e-15,10.2,8.1e+06,0/20,14858,666,
546.039,300,,31,6,5p4(3P2)6p 2[3]° 7/2,(3P<2>).5d 2[2] 5/2,5.56e-14,8.7,1.7e+06,3/5,64535,666,yes
547.261,500,9.9e+06,31,7,5p4(3P2)6p 2[3]° 7/2,(3P<2>).5d 2[3] 7/2,5.56e-14,8.7,1.7e+06,3/5,64533,707,yes
551.856,1,,29,6,5p4(3P2)6p 2[3]° 5/2,(3P<2>).5d 2[2] 5/2,4.08e-14,8.6,5.9e+06,3/7,890,560,
553.107,400,8.8e+06,29,7,5p4(3P2)6p 2[3]° 5/2,(3P<2>).5d 2[3] 7/2,4.08e-14,8.6,5.9e+06,3/7,64531,566,yes
557.219,50,,42,15,5p4(3P1)6p 2[2]° 3/2,(3P<2>).5d 2[1] 3/2,6.24e-15,9.5,1.3e+07,1/18,8540,633,
561.667,150,,41,15,5p4(3P1)6p 2[2]° 5/2,(3P<2>).5d 2[1] 3/2,2.50e-15,9.4,3.0e+07,1/14,23612,566,
565.938,150,,46,18,5p4(3P1)6p 2[1]° 1/2,(3P<1>).6s 2[1] 1/2,1.51e-15,9.6,3.4e+06,0/13,23970,664,
566.756,300,,30,8,5p4(3P2)6p 2[1]° 1/2,(3P<2>).5d 2[2] 3/2,3.31e-14,8.6,6.9e+06,1/6,64533,640,yes
567.515,1,,37,13,5p4(3P0)6p 2[1]° 1/2,(3P<1>).6s 2[1] 3/2,6.36e-15,9.1,4.4e+06,0/12,1348,632,
569.961,100,,49,24,5p4(1D2)6p 2[3]° 5/2,(3P<1>).5d 2[2] 3/2,1.59e-15,9.9,2.0e+07,1/17,19994,697,
571.961,200,6.1e+06,29,8,5p4(3P2)6p 2[3]° 5/2,(3P<2>).5d 2[2] 3/2,4.08e-14,8.6,5.9e+06,3/7,64531,762,yes
572.691,200,,54,32,5p4(1D2)6p 2[2]° 5/2,(3P<1>).5d 2[3] 5/2,1.16e-15,10.2,1.2e+07,1/21,38934,736,
575.103,200,,44,18,5p4(3P1)6p 2[1]° 3/2,(3P<1>).6s 2[1] 1/2,2.92e-15,9.5,6.6e+06,0/18,38068,664,
575.256,10,,40,14,5p4(3P0)6p 2[1]° 3/2,(3P<1>).5d 2[1] 1/2,3.67e-15,9.2,8.4e+06,0/17,2548,662,
575.865,100,,52,27,5p4(1D2)6p 2[3]° 7/2,(3P<1>).5d 2[2] 5/2,2.98e-15,10.1,3.9e+07,1/14,28374,616,
577.639,100,,42,16,5p4(3P1)6p 2[2]° 3/2,(3P<2>).5d 2[0] 1/2,6.24e-15,9.5,1.3e+07,1/18,19948,606,
578.083,1-,,54,34,5p4(1D2)6p 2[2]° 5/2,(1D<2>).5d 2[4] 7/2,1.16e-15,10.2,1.2e+07,1/21,730,602,
581.596,50,,46,19,5p4(3P1)6p 2[1]° 1/2,(3P<0>).5d 2[2] 3/2,1.51e-15,9.6,3.4e+06,0/13,3976,648,
582.157,1-,,53,32,5p4(1D2)6p 2[2]° 3/2,(3P<1>).5d 2[3] 5/2,7.06e-16,10.3,7.7e+06,1/18,956,689,
589.329,150,,51,27,5p4(1D2)6p 2[1]° 3/2,(3P<1>).5d 2[2] 5/2,3.12e-15,10.2,8.1e+06,0/20,14104,769,
590.513,200,,39,14,5p4(3P1)6p 2[0]° 1/2,(3P<1>).5d 2[1] 1/2,3.86e-15,9.2,1.1e+07,1/11,19788,788,
591.280,5h,,44,19,5p4(3P1)6p 2[1]° 3/2,(3P<0>).5d 2[2] 3/2,2.92e-15,9.5,6.6e+06,0/18,1174,788,
591.744,50,,26,5,5p4(3P2)6p 2[2]° 5/2,(3P<2>).6s 2[2] 3/2,2.54e-14,8.4,6.5e+06,4/7,6822,788,
594.553,300,,30,9,5p4(3P2)6p 2[1]° 1/2,(3P<2>).5d 2[1] 1/2,3.31e-14,8.6,6.9e+06,1/6,44740,772,
595.803,50,,42,17,5p4(3P1)6p 2[2]° 3/2,(3P<2>).5d 2[3] 5/2,6.24e-15,9.5,1.3e+07,1/18,3892,756,
597.113,200,,51,28,5p4(1D2)6p 2[1]° 3/2,(1D<2>).6s 2[2] 3/2,3.12e-15,10.2,8.1e+06,0/20,12412,763,
597.646,1000,2.8e+07,25,5,5p4(3P2)6p 2[2]° 3/2,(3P<2>).6s 2[2] 3/2,1.92e-14,8.4,6.4e+06,2/7,64533,764,yes
599.830,1^,,46,20,5p4(3P1)6p 2[1]° 1/2,(3P<1>).5d 2[1] 3/2,1.51e-15,9.6,3.4e+06,0/13,2672,756,
600.892,100,,41,17,5p4(3P1)6p 2[2]° 5/2,(3P<2>).5d 2[3] 5/2,2.50e-15,9.4,3.0e+07,1/14,7576,742,
603.620,500,7.5e+06,26,6,5p4(3P2)6p 2[2]° 5/2,(3P<2>).5d 2[2] 5/2,2.54e-14,8.4,6.5e+06,4/7,64533,762,yes
605.115,1000,1.7e+07,26,7,5p4(3P2)6p 2[2]° 5/2,(3P<2>).5d 2[3] 7/2,2.54e-14,8.4,6.5e+06,4/7,64533,776,yes
609.759,1000,2.6e+07,25,6,5p4(3P2)6p 2[2]° 3/2,(3P<2>).5d 2[2] 5/2,1.92e-14,8.4,6.4e+06,2/7,64535,922,yes
610.143,200,,44,20,5p4(3P1)6p 2[1]° 3/2,(3P<1>).5d 2[1] 3/2,2.92e-15,9.5,6.6e+06,0/18,16088,948,
611.508,50,,42,18,5p4(3P1)6p 2[2]° 3/2,(3P<1>).6s 2[1] 1/2,6.24e-15,9.5,1.3e+07,1/18,4600,894,
612.744,2,,40,15,5p4(3P0)6p 2[1]° 3/2,(3P<2>).5d 2[1] 3/2,3.67e-15,9.2,8.4e+06,0/17,1198,880,
618.457,20,,37,14,5p4(3P0)6p 2[1]° 1/2,(3P<1>).5d 2[1] 1/2,6.36e-15,9.1,4.4e+06,0/12,2910,958,
618.503,15,,49,27,5p4(1D2)6p 2[3]° 5/2,(3P<1>).5d 2[2] 5/2,1.59e-15,9.9,2.0e+07,1/17,2910,960,
627.082,400,1.8e+07,49,28,5p4(1D2)6p 2[3]° 5/2,(1D<2>).6s 2[2] 3/2,1.59e-15,9.9,2.0e+07,1/17,36146,944,
627.754,300,3.6e+06,26,8,5p4(3P2)6p 2[2]° 5/2,(3P<2>).5d 2[2] 3/2,2.54e-14,8.4,6.5e+06,4/7,64529,993,yes
629.831,20,,42,19,5p4(3P1)6p 2[2]° 3/2,(3P<0>).5d 2[2] 3/2,6.24e-15,9.5,1.3e+07,1/18,2438,1090,
630.086,100,,39,15,5p4(3P1)6p 2[0]° 1/2,(3P<2>).5d 2[1] 3/2,3.86e-15,9.2,1.1e+07,1/11,10226,1092,
634.396,300,,25,8,5p4(3P2)6p 2[2]° 3/2,(3P<2>).5d 2[2] 3/2,1.92e-14,8.4,6.4e+06,2/7,51606,1095,
637.528,100,,40,16,5p4(3P0)6p 2[1]° 3/2,(3P<2>).5d 2[0] 1/2,3.67e-15,9.2,8.4e+06,0/17,8016,1016,
639.799,60,,35,11,5p4(3P2)6p 2[1]° 3/2,(3P<0>).6s 2[0] 1/2,2.24e-14,9.1,4.0e+06,1/12,7448,1026,
651.283,300h,,42,20,5p4(3P1)6p 2[2]° 3/2,(3P<1>).5d 2[1] 3/2,6.24e-15,9.5,1.3e+07,1/18,16516,1344,
652.865,200h,,52,32,5p4(1D2)6p 2[3]° 7/2,(3P<1>).5d 2[3] 5/2,2.98e-15,10.1,3.9e+07,1/14,12352,1304,
655.670,4,,42,21,5p4(3P1)6p 2[2]° 3/2,(3P<0>).5d 2[2] 5/2,6.24e-15,9.5,1.3e+07,1/18,2296,1350,
656.319,15,,39,16,5p4(3P1)6p 2[0]° 1/2,(3P<2>).5d 2[0] 1/2,3.86e-15,9.2,1.1e+07,1/11,2184,1324,
657.368,30,,41,20,5p4(3P1)6p 2[2]° 5/2,(3P<1>).5d 2[1] 3/2,2.50e-15,9.4,3.0e+07,1/14,2776,1298,
659.501,800,,52,33,5p4(1D2)6p 2[3]° 7/2,(1D<2>).5d 2[4] 9/2,2.98e-15,10.1,3.9e+07,1/14,59988,1326,
659.725,300,,40,17,5p4(3P0)6p 2[1]° 3/2,(3P<2>).5d 2[3] 5/2,3.67e-15,9.2,8.4e+06,0/17,23764,1338,
659.884,80,,52,34,5p4(1D2)6p 2[3]° 7/2,(1D<2>).5d 2[4] 7/2,2.98e-15,10.1,3.9e+07,1/14,5570,1330,
661.840,50,,41,21,5p4(3P1)6p 2[2]° 5/2,(3P<0>).5d 2[2] 5/2,2.50e-15,9.4,3.0e+07,1/14,2404,1318,
662.002,200h,,37,15,5p4(3P0)6p 2[1]° 1/2,(3P<2>).5d 2[1] 3/2,6.36e-15,9.1,4.4e+06,0/12,7980,1318,
669.432,400h,,25,9,5p4(3P2)6p 2[2]° 3/2,(3P<2>).5d 2[1] 1/2,1.92e-14,8.4,6.4e+06,2/7,27372,1380,
670.225,80,,51,32,5p4(1D2)6p 2[1]° 3/2,(3P<1>).5d 2[3] 5/2,3.12e-15,10.2,8.1e+06,0/20,4576,1438,
678.871,100h,,44,23,5p4(3P1)6p 2[1]° 3/2,(1D<2>).6s 2[2] 5/2,2.92e-15,9.5,6.6e+06,0/18,7730,1558,
679.037,80h,,40,18,5p4(3P0)6p 2[1]° 3/2,(3P<1>).6s 2[1] 1/2,3.67e-15,9.2,8.4e+06,0/17,6916,1558,
680.574,1000,6.1e+06,41,22,5p4(3P1)6p 2[2]° 5/2,(3P<1>).5d 2[3] 7/2,2.50e-15,9.4,3.0e+07,1/14,62288,1560,
691.022,100,,37,16,5p4(3P0)6p 2[1]° 1/2,(3P<2>).5d 2[0] 1/2,6.36e-15,9.1,4.4e+06,0/12,9272,1898,
699.088,2000,2.7e+07,31,10,5p4(3P2)6p 2[3]° 7/2,(3P<2>).5d 2[4] 9/2,5.56e-14,8.7,1.7e+06,3/5,64527,1924,yes
